Date,Region code,Region,Price
1995-01-01,E12000001,North East,39809
1995-02-01,E12000001,North East,40278
1995-03-01,E12000001,North East,40086
1995-04-01,E12000001,North East,39827
1995-05-01,E12000001,North East,40935
1995-06-01,E12000001,North East,40035
1995-07-01,E12000001,North East,40955
1995-08-01,E12000001,North East,39641
1995-09-01,E12000001,North East,39595
1995-10-01,E12000001,North East,39442
1995-11-01,E12000001,North East,39479
1995-12-01,E12000001,North East,40023
1996-01-01,E12000001,North East,38592
1996-02-01,E12000001,North East,38528
1996-03-01,E12000001,North East,39503
1996-04-01,E12000001,North East,39346
1996-05-01,E12000001,North East,40671
1996-06-01,E12000001,North East,40539
1996-07-01,E12000001,North East,40494
1996-08-01,E12000001,North East,41036
1996-09-01,E12000001,North East,40760
1996-10-01,E12000001,North East,40245
1996-11-01,E12000001,North East,40492
1996-12-01,E12000001,North East,40338
1997-01-01,E12000001,North East,40071
1997-02-01,E12000001,North East,40280
1997-03-01,E12000001,North East,40432
1997-04-01,E12000001,North East,41606
1997-05-01,E12000001,North East,41714
1997-06-01,E12000001,North East,42223
1997-07-01,E12000001,North East,43111
1997-08-01,E12000001,North East,42379
1997-09-01,E12000001,North East,41411
1997-10-01,E12000001,North East,41625
1997-11-01,E12000001,North East,41676
1997-12-01,E12000001,North East,41987
1998-01-01,E12000001,North East,41861
1998-02-01,E12000001,North East,41165
1998-03-01,E12000001,North East,42372
1998-04-01,E12000001,North East,42612
1998-05-01,E12000001,North East,42734
1998-06-01,E12000001,North East,43485
1998-07-01,E12000001,North East,43321
1998-08-01,E12000001,North East,44060
1998-09-01,E12000001,North East,44004
1998-10-01,E12000001,North East,43094
1998-11-01,E12000001,North East,43024
1998-12-01,E12000001,North East,43516
1999-01-01,E12000001,North East,43016
1999-02-01,E12000001,North East,41599
1999-03-01,E12000001,North East,43052
1999-04-01,E12000001,North East,43561
1999-05-01,E12000001,North East,43684
1999-06-01,E12000001,North East,45102
1999-07-01,E12000001,North East,45179
1999-08-01,E12000001,North East,45141
1999-09-01,E12000001,North East,45167
1999-10-01,E12000001,North East,46331
1999-11-01,E12000001,North East,46069
1999-12-01,E12000001,North East,45695
2000-01-01,E12000001,North East,45038
2000-02-01,E12000001,North East,45184
2000-03-01,E12000001,North East,46055
2000-04-01,E12000001,North East,46798
2000-05-01,E12000001,North East,47097
2000-06-01,E12000001,North East,46362
2000-07-01,E12000001,North East,47699
2000-08-01,E12000001,North East,47969
2000-09-01,E12000001,North East,46768
2000-10-01,E12000001,North East,46833
2000-11-01,E12000001,North East,46382
2000-12-01,E12000001,North East,47648
2001-01-01,E12000001,North East,47151
2001-02-01,E12000001,North East,46401
2001-03-01,E12000001,North East,46915
2001-04-01,E12000001,North East,48947
2001-05-01,E12000001,North East,49587
2001-06-01,E12000001,North East,49450
2001-07-01,E12000001,North East,50478
2001-08-01,E12000001,North East,52438
2001-09-01,E12000001,North East,50825
2001-10-01,E12000001,North East,51280
2001-11-01,E12000001,North East,51818
2001-12-01,E12000001,North East,52867
2002-01-01,E12000001,North East,51796
2002-02-01,E12000001,North East,52020
2002-03-01,E12000001,North East,53464
2002-04-01,E12000001,North East,55043
2002-05-01,E12000001,North East,56924
2002-06-01,E12000001,North East,57673
2002-07-01,E12000001,North East,59890
2002-08-01,E12000001,North East,61520
2002-09-01,E12000001,North East,60981
2002-10-01,E12000001,North East,62490
2002-11-01,E12000001,North East,64803
2002-12-01,E12000001,North East,65746
2003-01-01,E12000001,North East,63881
2003-02-01,E12000001,North East,64710
2003-03-01,E12000001,North East,68050
2003-04-01,E12000001,North East,71514
2003-05-01,E12000001,North East,72875
2003-06-01,E12000001,North East,74543
2003-07-01,E12000001,North East,78355
2003-08-01,E12000001,North East,79841
2003-09-01,E12000001,North East,80157
2003-10-01,E12000001,North East,82664
2003-11-01,E12000001,North East,83921
2003-12-01,E12000001,North East,84726
2004-01-01,E12000001,North East,86090
2004-02-01,E12000001,North East,83749
2004-03-01,E12000001,North East,88008
2004-04-01,E12000001,North East,94146
2004-05-01,E12000001,North East,96656
2004-06-01,E12000001,North East,100701
2004-07-01,E12000001,North East,104156
2004-08-01,E12000001,North East,105680
2004-09-01,E12000001,North East,104535
2004-10-01,E12000001,North East,106158
2004-11-01,E12000001,North East,103661
2004-12-01,E12000001,North East,107394
2005-01-01,E12000001,North East,105467
2005-02-01,E12000001,North East,104501
2005-03-01,E12000001,North East,106528
2005-04-01,E12000001,North East,109350
2005-05-01,E12000001,North East,110702
2005-06-01,E12000001,North East,112222
2005-07-01,E12000001,North East,114780
2005-08-01,E12000001,North East,116433
2005-09-01,E12000001,North East,114720
2005-10-01,E12000001,North East,115091
2005-11-01,E12000001,North East,116604
2005-12-01,E12000001,North East,116455
2006-01-01,E12000001,North East,116408
2006-02-01,E12000001,North East,114596
2006-03-01,E12000001,North East,117115
2006-04-01,E12000001,North East,119413
2006-05-01,E12000001,North East,119935
2006-06-01,E12000001,North East,122127
2006-07-01,E12000001,North East,123262
2006-08-01,E12000001,North East,122958
2006-09-01,E12000001,North East,124534
2006-10-01,E12000001,North East,124685
2006-11-01,E12000001,North East,123726
2006-12-01,E12000001,North East,126812
2007-01-01,E12000001,North East,125367
2007-02-01,E12000001,North East,124105
2007-03-01,E12000001,North East,125000
2007-04-01,E12000001,North East,127769
2007-05-01,E12000001,North East,128335
2007-06-01,E12000001,North East,130236
2007-07-01,E12000001,North East,131888
2007-08-01,E12000001,North East,131069
2007-09-01,E12000001,North East,130853
2007-10-01,E12000001,North East,130512
2007-11-01,E12000001,North East,131350
2007-12-01,E12000001,North East,131043
2008-01-01,E12000001,North East,128120
2008-02-01,E12000001,North East,127750
2008-03-01,E12000001,North East,126370
2008-04-01,E12000001,North East,128633
2008-05-01,E12000001,North East,129699
2008-06-01,E12000001,North East,128164
2008-07-01,E12000001,North East,125176
2008-08-01,E12000001,North East,124456
2008-09-01,E12000001,North East,120085
2008-10-01,E12000001,North East,117742
2008-11-01,E12000001,North East,117208
2008-12-01,E12000001,North East,113793
2009-01-01,E12000001,North East,112313
2009-02-01,E12000001,North East,110903
2009-03-01,E12000001,North East,110769
2009-04-01,E12000001,North East,111896
2009-05-01,E12000001,North East,113090
2009-06-01,E12000001,North East,114312
2009-07-01,E12000001,North East,114434
2009-08-01,E12000001,North East,116065
2009-09-01,E12000001,North East,117057
2009-10-01,E12000001,North East,116499
2009-11-01,E12000001,North East,117441
2009-12-01,E12000001,North East,118460
2010-01-01,E12000001,North East,113483
2010-02-01,E12000001,North East,115410
2010-03-01,E12000001,North East,116475
2010-04-01,E12000001,North East,116764
2010-05-01,E12000001,North East,116251
2010-06-01,E12000001,North East,116958
2010-07-01,E12000001,North East,116700
2010-08-01,E12000001,North East,119375
2010-09-01,E12000001,North East,115637
2010-10-01,E12000001,North East,118073
2010-11-01,E12000001,North East,113784
2010-12-01,E12000001,North East,113238
2011-01-01,E12000001,North East,110800
2011-02-01,E12000001,North East,110514
2011-03-01,E12000001,North East,109475
2011-04-01,E12000001,North East,113001
2011-05-01,E12000001,North East,113513
2011-06-01,E12000001,North East,113222
2011-07-01,E12000001,North East,111277
2011-08-01,E12000001,North East,110658
2011-09-01,E12000001,North East,110918
2011-10-01,E12000001,North East,109974
2011-11-01,E12000001,North East,110721
2011-12-01,E12000001,North East,109112
2012-01-01,E12000001,North East,106921
2012-02-01,E12000001,North East,107716
2012-03-01,E12000001,North East,110337
2012-04-01,E12000001,North East,109778
2012-05-01,E12000001,North East,109371
2012-06-01,E12000001,North East,111115
2012-07-01,E12000001,North East,110824
2012-08-01,E12000001,North East,113295
2012-09-01,E12000001,North East,111825
2012-10-01,E12000001,North East,110557
2012-11-01,E12000001,North East,110483
2012-12-01,E12000001,North East,108670
2013-01-01,E12000001,North East,107464
2013-02-01,E12000001,North East,105972
2013-03-01,E12000001,North East,108955
2013-04-01,E12000001,North East,109114
2013-05-01,E12000001,North East,109606
2013-06-01,E12000001,North East,109413
2013-07-01,E12000001,North East,112174
2013-08-01,E12000001,North East,113740
2013-09-01,E12000001,North East,112720
2013-10-01,E12000001,North East,106785
2013-11-01,E12000001,North East,110180
2013-12-01,E12000001,North East,110007
2014-01-01,E12000001,North East,108358
2014-02-01,E12000001,North East,108598
2014-03-01,E12000001,North East,110048
2014-04-01,E12000001,North East,111939
2014-05-01,E12000001,North East,112221
2014-06-01,E12000001,North East,114685
2014-07-01,E12000001,North East,114743
2014-08-01,E12000001,North East,114790
2014-09-01,E12000001,North East,113770
2014-10-01,E12000001,North East,112226
2014-11-01,E12000001,North East,112377
2014-12-01,E12000001,North East,112396
2015-01-01,E12000001,North East,111000
2015-02-01,E12000001,North East,112000
2015-03-01,E12000001,North East,111000
2015-04-01,E12000001,North East,115000
2015-05-01,E12000001,North East,114000
2015-06-01,E12000001,North East,116000
2015-07-01,E12000001,North East,116000
2015-08-01,E12000001,North East,117000
2015-09-01,E12000001,North East,117000
2015-10-01,E12000001,North East,115000
2015-11-01,E12000001,North East,116000
2015-12-01,E12000001,North East,117000
2016-01-01,E12000001,North East,115000
2016-02-01,E12000001,North East,115000
2016-03-01,E12000001,North East,116000
2016-04-01,E12000001,North East,116000
2016-05-01,E12000001,North East,118000
2016-06-01,E12000001,North East,120000
2016-07-01,E12000001,North East,121000
2016-08-01,E12000001,North East,119000
2016-09-01,E12000001,North East,118000
2016-10-01,E12000001,North East,118000
2016-11-01,E12000001,North East,118000
2016-12-01,E12000001,North East,120000
2017-01-01,E12000001,North East,115000
2017-02-01,E12000001,North East,117000
2017-03-01,E12000001,North East,115000
2017-04-01,E12000001,North East,118000
2017-05-01,E12000001,North East,120000
2017-06-01,E12000001,North East,121000
2017-07-01,E12000001,North East,121000
2017-08-01,E12000001,North East,123000
2017-09-01,E12000001,North East,121000
2017-10-01,E12000001,North East,122000
2017-11-01,E12000001,North East,120000
2017-12-01,E12000001,North East,123000
2018-01-01,E12000001,North East,117000
2018-02-01,E12000001,North East,120000
2018-03-01,E12000001,North East,117000
2018-04-01,E12000001,North East,121000
2018-05-01,E12000001,North East,122000
2018-06-01,E12000001,North East,121000
2018-07-01,E12000001,North East,124000
2018-08-01,E12000001,North East,123000
2018-09-01,E12000001,North East,123000
2018-10-01,E12000001,North East,124000
2018-11-01,E12000001,North East,122000
2018-12-01,E12000001,North East,122000
2019-01-01,E12000001,North East,119000
2019-02-01,E12000001,North East,118000
2019-03-01,E12000001,North East,118000
2019-04-01,E12000001,North East,122000
2019-05-01,E12000001,North East,122000
2019-06-01,E12000001,North East,123000
2019-07-01,E12000001,North East,123000
2019-08-01,E12000001,North East,124000
2019-09-01,E12000001,North East,125000
2019-10-01,E12000001,North East,122000
2019-11-01,E12000001,North East,123000
2019-12-01,E12000001,North East,122000
2020-01-01,E12000001,North East,120000
2020-02-01,E12000001,North East,120000
2020-03-01,E12000001,North East,121000
2020-04-01,E12000001,North East,117000
2020-05-01,E12000001,North East,121000
2020-06-01,E12000001,North East,123000
2020-07-01,E12000001,North East,124000
2020-08-01,E12000001,North East,124000
2020-09-01,E12000001,North East,128000
2020-10-01,E12000001,North East,127000
2020-11-01,E12000001,North East,130000
2020-12-01,E12000001,North East,131000
2021-01-01,E12000001,North East,133000
2021-02-01,E12000001,North East,134000
2021-03-01,E12000001,North East,136000
2021-04-01,E12000001,North East,134000
2021-05-01,E12000001,North East,134000
2021-06-01,E12000001,North East,145000
2021-07-01,E12000001,North East,134000
2021-08-01,E12000001,North East,137000
2021-09-01,E12000001,North East,147000
2021-10-01,E12000001,North East,137000
2021-11-01,E12000001,North East,138000
2021-12-01,E12000001,North East,140000
2022-01-01,E12000001,North East,141000
2022-02-01,E12000001,North East,141000
2022-03-01,E12000001,North East,143000
2022-04-01,E12000001,North East,144000
2022-05-01,E12000001,North East,145000
2022-06-01,E12000001,North East,148000
2022-07-01,E12000001,North East,152000
2022-08-01,E12000001,North East,152000
2022-09-01,E12000001,North East,153000
2022-10-01,E12000001,North East,154000
2022-11-01,E12000001,North East,153000
2022-12-01,E12000001,North East,152000
2023-01-01,E12000001,North East,151000
2023-02-01,E12000001,North East,148000
2023-03-01,E12000001,North East,145000
2023-04-01,E12000001,North East,147000
2023-05-01,E12000001,North East,147000
2023-06-01,E12000001,North East,149000
2023-07-01,E12000001,North East,150000
2023-08-01,E12000001,North East,154000
2023-09-01,E12000001,North East,152000
2023-10-01,E12000001,North East,151000
2023-11-01,E12000001,North East,151000
2023-12-01,E12000001,North East,151000
2024-01-01,E12000001,North East,148000
2024-02-01,E12000001,North East,149000
2024-03-01,E12000001,North East,147000
2024-04-01,E12000001,North East,147000
2024-05-01,E12000001,North East,149000
2024-06-01,E12000001,North East,153000
2024-07-01,E12000001,North East,153000
2024-08-01,E12000001,North East,156000
2024-09-01,E12000001,North East,159000
2024-10-01,E12000001,North East,158000
2024-11-01,E12000001,North East,161000
2024-12-01,E12000001,North East,161000
1995-01-01,E12000002,North West,40907
1995-02-01,E12000002,North West,40877
1995-03-01,E12000002,North West,41351
1995-04-01,E12000002,North West,41195
1995-05-01,E12000002,North West,41154
1995-06-01,E12000002,North West,41051
1995-07-01,E12000002,North West,41048
1995-08-01,E12000002,North West,41126
1995-09-01,E12000002,North West,41028
1995-10-01,E12000002,North West,40118
1995-11-01,E12000002,North West,40327
1995-12-01,E12000002,North West,40363
1996-01-01,E12000002,North West,39642
1996-02-01,E12000002,North West,40090
1996-03-01,E12000002,North West,40167
1996-04-01,E12000002,North West,40378
1996-05-01,E12000002,North West,40875
1996-06-01,E12000002,North West,40827
1996-07-01,E12000002,North West,41232
1996-08-01,E12000002,North West,41500
1996-09-01,E12000002,North West,41540
1996-10-01,E12000002,North West,41387
1996-11-01,E12000002,North West,41369
1996-12-01,E12000002,North West,41542
1997-01-01,E12000002,North West,41034
1997-02-01,E12000002,North West,41589
1997-03-01,E12000002,North West,41927
1997-04-01,E12000002,North West,41826
1997-05-01,E12000002,North West,42532
1997-06-01,E12000002,North West,43226
1997-07-01,E12000002,North West,43015
1997-08-01,E12000002,North West,43619
1997-09-01,E12000002,North West,43700
1997-10-01,E12000002,North West,43290
1997-11-01,E12000002,North West,43476
1997-12-01,E12000002,North West,43055
1998-01-01,E12000002,North West,43094
1998-02-01,E12000002,North West,42653
1998-03-01,E12000002,North West,43103
1998-04-01,E12000002,North West,44339
1998-05-01,E12000002,North West,45039
1998-06-01,E12000002,North West,44721
1998-07-01,E12000002,North West,45088
1998-08-01,E12000002,North West,44795
1998-09-01,E12000002,North West,44965
1998-10-01,E12000002,North West,44757
1998-11-01,E12000002,North West,44739
1998-12-01,E12000002,North West,45038
1999-01-01,E12000002,North West,44290
1999-02-01,E12000002,North West,44179
1999-03-01,E12000002,North West,44732
1999-04-01,E12000002,North West,45971
1999-05-01,E12000002,North West,46539
1999-06-01,E12000002,North West,46704
1999-07-01,E12000002,North West,47342
1999-08-01,E12000002,North West,47772
1999-09-01,E12000002,North West,47964
1999-10-01,E12000002,North West,47852
1999-11-01,E12000002,North West,48186
1999-12-01,E12000002,North West,48443
2000-01-01,E12000002,North West,47625
2000-02-01,E12000002,North West,47437
2000-03-01,E12000002,North West,48781
2000-04-01,E12000002,North West,49891
2000-05-01,E12000002,North West,49870
2000-06-01,E12000002,North West,49743
2000-07-01,E12000002,North West,50530
2000-08-01,E12000002,North West,51183
2000-09-01,E12000002,North West,51105
2000-10-01,E12000002,North West,51410
2000-11-01,E12000002,North West,51585
2000-12-01,E12000002,North West,52187
2001-01-01,E12000002,North West,52045
2001-02-01,E12000002,North West,51536
2001-03-01,E12000002,North West,51832
2001-04-01,E12000002,North West,53509
2001-05-01,E12000002,North West,53690
2001-06-01,E12000002,North West,55161
2001-07-01,E12000002,North West,55914
2001-08-01,E12000002,North West,56511
2001-09-01,E12000002,North West,57019
2001-10-01,E12000002,North West,56906
2001-11-01,E12000002,North West,57241
2001-12-01,E12000002,North West,58004
2002-01-01,E12000002,North West,57578
2002-02-01,E12000002,North West,57292
2002-03-01,E12000002,North West,59242
2002-04-01,E12000002,North West,60113
2002-05-01,E12000002,North West,62676
2002-06-01,E12000002,North West,63740
2002-07-01,E12000002,North West,65867
2002-08-01,E12000002,North West,66784
2002-09-01,E12000002,North West,66786
2002-10-01,E12000002,North West,67526
2002-11-01,E12000002,North West,69574
2002-12-01,E12000002,North West,70322
2003-01-01,E12000002,North West,70789
2003-02-01,E12000002,North West,70668
2003-03-01,E12000002,North West,71618
2003-04-01,E12000002,North West,75096
2003-05-01,E12000002,North West,77110
2003-06-01,E12000002,North West,78397
2003-07-01,E12000002,North West,81111
2003-08-01,E12000002,North West,83261
2003-09-01,E12000002,North West,83395
2003-10-01,E12000002,North West,85325
2003-11-01,E12000002,North West,86944
2003-12-01,E12000002,North West,89544
2004-01-01,E12000002,North West,88994
2004-02-01,E12000002,North West,90179
2004-03-01,E12000002,North West,91668
2004-04-01,E12000002,North West,97138
2004-05-01,E12000002,North West,100566
2004-06-01,E12000002,North West,103616
2004-07-01,E12000002,North West,107835
2004-08-01,E12000002,North West,109018
2004-09-01,E12000002,North West,109596
2004-10-01,E12000002,North West,110275
2004-11-01,E12000002,North West,111652
2004-12-01,E12000002,North West,111849
2005-01-01,E12000002,North West,110684
2005-02-01,E12000002,North West,109465
2005-03-01,E12000002,North West,112526
2005-04-01,E12000002,North West,114572
2005-05-01,E12000002,North West,117039
2005-06-01,E12000002,North West,118703
2005-07-01,E12000002,North West,120041
2005-08-01,E12000002,North West,121222
2005-09-01,E12000002,North West,121247
2005-10-01,E12000002,North West,120898
2005-11-01,E12000002,North West,121267
2005-12-01,E12000002,North West,123353
2006-01-01,E12000002,North West,121111
2006-02-01,E12000002,North West,122474
2006-03-01,E12000002,North West,122037
2006-04-01,E12000002,North West,126371
2006-05-01,E12000002,North West,126866
2006-06-01,E12000002,North West,128805
2006-07-01,E12000002,North West,129938
2006-08-01,E12000002,North West,130349
2006-09-01,E12000002,North West,131529
2006-10-01,E12000002,North West,131326
2006-11-01,E12000002,North West,132398
2006-12-01,E12000002,North West,133849
2007-01-01,E12000002,North West,132851
2007-02-01,E12000002,North West,133656
2007-03-01,E12000002,North West,133923
2007-04-01,E12000002,North West,136370
2007-05-01,E12000002,North West,137517
2007-06-01,E12000002,North West,139534
2007-07-01,E12000002,North West,139945
2007-08-01,E12000002,North West,140995
2007-09-01,E12000002,North West,140601
2007-10-01,E12000002,North West,140841
2007-11-01,E12000002,North West,140288
2007-12-01,E12000002,North West,141847
2008-01-01,E12000002,North West,137996
2008-02-01,E12000002,North West,136639
2008-03-01,E12000002,North West,134901
2008-04-01,E12000002,North West,137179
2008-05-01,E12000002,North West,136500
2008-06-01,E12000002,North West,135994
2008-07-01,E12000002,North West,133855
2008-08-01,E12000002,North West,132385
2008-09-01,E12000002,North West,128319
2008-10-01,E12000002,North West,126997
2008-11-01,E12000002,North West,123649
2008-12-01,E12000002,North West,122404
2009-01-01,E12000002,North West,118624
2009-02-01,E12000002,North West,118127
2009-03-01,E12000002,North West,116002
2009-04-01,E12000002,North West,118897
2009-05-01,E12000002,North West,119324
2009-06-01,E12000002,North West,119914
2009-07-01,E12000002,North West,121746
2009-08-01,E12000002,North West,122580
2009-09-01,E12000002,North West,123166
2009-10-01,E12000002,North West,123974
2009-11-01,E12000002,North West,124385
2009-12-01,E12000002,North West,126336
2010-01-01,E12000002,North West,121963
2010-02-01,E12000002,North West,123852
2010-03-01,E12000002,North West,122184
2010-04-01,E12000002,North West,124848
2010-05-01,E12000002,North West,124971
2010-06-01,E12000002,North West,125368
2010-07-01,E12000002,North West,124676
2010-08-01,E12000002,North West,126322
2010-09-01,E12000002,North West,125008
2010-10-01,E12000002,North West,123923
2010-11-01,E12000002,North West,122092
2010-12-01,E12000002,North West,122231
2011-01-01,E12000002,North West,120876
2011-02-01,E12000002,North West,120001
2011-03-01,E12000002,North West,118899
2011-04-01,E12000002,North West,120511
2011-05-01,E12000002,North West,119816
2011-06-01,E12000002,North West,119566
2011-07-01,E12000002,North West,121233
2011-08-01,E12000002,North West,122225
2011-09-01,E12000002,North West,121416
2011-10-01,E12000002,North West,120674
2011-11-01,E12000002,North West,118507
2011-12-01,E12000002,North West,119152
2012-01-01,E12000002,North West,117050
2012-02-01,E12000002,North West,118474
2012-03-01,E12000002,North West,118948
2012-04-01,E12000002,North West,119380
2012-05-01,E12000002,North West,118612
2012-06-01,E12000002,North West,120801
2012-07-01,E12000002,North West,120075
2012-08-01,E12000002,North West,121104
2012-09-01,E12000002,North West,120949
2012-10-01,E12000002,North West,118182
2012-11-01,E12000002,North West,119974
2012-12-01,E12000002,North West,118987
2013-01-01,E12000002,North West,115931
2013-02-01,E12000002,North West,118279
2013-03-01,E12000002,North West,118157
2013-04-01,E12000002,North West,118665
2013-05-01,E12000002,North West,119195
2013-06-01,E12000002,North West,120605
2013-07-01,E12000002,North West,120710
2013-08-01,E12000002,North West,122403
2013-09-01,E12000002,North West,122287
2013-10-01,E12000002,North West,120126
2013-11-01,E12000002,North West,121021
2013-12-01,E12000002,North West,122233
2014-01-01,E12000002,North West,120781
2014-02-01,E12000002,North West,122252
2014-03-01,E12000002,North West,121034
2014-04-01,E12000002,North West,124342
2014-05-01,E12000002,North West,124825
2014-06-01,E12000002,North West,126439
2014-07-01,E12000002,North West,127145
2014-08-01,E12000002,North West,128635
2014-09-01,E12000002,North West,128468
2014-10-01,E12000002,North West,127847
2014-11-01,E12000002,North West,127364
2014-12-01,E12000002,North West,127201
2015-01-01,E12000002,North West,127000
2015-02-01,E12000002,North West,128000
2015-03-01,E12000002,North West,126000
2015-04-01,E12000002,North West,128000
2015-05-01,E12000002,North West,130000
2015-06-01,E12000002,North West,129000
2015-07-01,E12000002,North West,132000
2015-08-01,E12000002,North West,133000
2015-09-01,E12000002,North West,133000
2015-10-01,E12000002,North West,132000
2015-11-01,E12000002,North West,133000
2015-12-01,E12000002,North West,133000
2016-01-01,E12000002,North West,133000
2016-02-01,E12000002,North West,133000
2016-03-01,E12000002,North West,132000
2016-04-01,E12000002,North West,137000
2016-05-01,E12000002,North West,137000
2016-06-01,E12000002,North West,138000
2016-07-01,E12000002,North West,140000
2016-08-01,E12000002,North West,140000
2016-09-01,E12000002,North West,140000
2016-10-01,E12000002,North West,138000
2016-11-01,E12000002,North West,139000
2016-12-01,E12000002,North West,139000
2017-01-01,E12000002,North West,139000
2017-02-01,E12000002,North West,140000
2017-03-01,E12000002,North West,139000
2017-04-01,E12000002,North West,142000
2017-05-01,E12000002,North West,142000
2017-06-01,E12000002,North West,144000
2017-07-01,E12000002,North West,146000
2017-08-01,E12000002,North West,147000
2017-09-01,E12000002,North West,147000
2017-10-01,E12000002,North West,146000
2017-11-01,E12000002,North West,147000
2017-12-01,E12000002,North West,148000
2018-01-01,E12000002,North West,145000
2018-02-01,E12000002,North West,147000
2018-03-01,E12000002,North West,145000
2018-04-01,E12000002,North West,147000
2018-05-01,E12000002,North West,148000
2018-06-01,E12000002,North West,149000
2018-07-01,E12000002,North West,151000
2018-08-01,E12000002,North West,152000
2018-09-01,E12000002,North West,152000
2018-10-01,E12000002,North West,152000
2018-11-01,E12000002,North West,152000
2018-12-01,E12000002,North West,151000
2019-01-01,E12000002,North West,150000
2019-02-01,E12000002,North West,151000
2019-03-01,E12000002,North West,150000
2019-04-01,E12000002,North West,151000
2019-05-01,E12000002,North West,153000
2019-06-01,E12000002,North West,152000
2019-07-01,E12000002,North West,155000
2019-08-01,E12000002,North West,156000
2019-09-01,E12000002,North West,155000
2019-10-01,E12000002,North West,155000
2019-11-01,E12000002,North West,155000
2019-12-01,E12000002,North West,154000
2020-01-01,E12000002,North West,153000
2020-02-01,E12000002,North West,153000
2020-03-01,E12000002,North West,155000
2020-04-01,E12000002,North West,153000
2020-05-01,E12000002,North West,153000
2020-06-01,E12000002,North West,157000
2020-07-01,E12000002,North West,159000
2020-08-01,E12000002,North West,161000
2020-09-01,E12000002,North West,162000
2020-10-01,E12000002,North West,165000
2020-11-01,E12000002,North West,166000
2020-12-01,E12000002,North West,169000
2021-01-01,E12000002,North West,171000
2021-02-01,E12000002,North West,173000
2021-03-01,E12000002,North West,176000
2021-04-01,E12000002,North West,173000
2021-05-01,E12000002,North West,173000
2021-06-01,E12000002,North West,187000
2021-07-01,E12000002,North West,172000
2021-08-01,E12000002,North West,178000
2021-09-01,E12000002,North West,187000
2021-10-01,E12000002,North West,177000
2021-11-01,E12000002,North West,183000
2021-12-01,E12000002,North West,186000
2022-01-01,E12000002,North West,187000
2022-02-01,E12000002,North West,187000
2022-03-01,E12000002,North West,188000
2022-04-01,E12000002,North West,191000
2022-05-01,E12000002,North West,193000
2022-06-01,E12000002,North West,194000
2022-07-01,E12000002,North West,199000
2022-08-01,E12000002,North West,201000
2022-09-01,E12000002,North West,203000
2022-10-01,E12000002,North West,202000
2022-11-01,E12000002,North West,203000
2022-12-01,E12000002,North West,201000
2023-01-01,E12000002,North West,198000
2023-02-01,E12000002,North West,196000
2023-03-01,E12000002,North West,194000
2023-04-01,E12000002,North West,194000
2023-05-01,E12000002,North West,196000
2023-06-01,E12000002,North West,198000
2023-07-01,E12000002,North West,199000
2023-08-01,E12000002,North West,200000
2023-09-01,E12000002,North West,201000
2023-10-01,E12000002,North West,201000
2023-11-01,E12000002,North West,200000
2023-12-01,E12000002,North West,200000
2024-01-01,E12000002,North West,197000
2024-02-01,E12000002,North West,196000
2024-03-01,E12000002,North West,198000
2024-04-01,E12000002,North West,199000
2024-05-01,E12000002,North West,203000
2024-06-01,E12000002,North West,203000
2024-07-01,E12000002,North West,204000
2024-08-01,E12000002,North West,209000
2024-09-01,E12000002,North West,210000
2024-10-01,E12000002,North West,210000
2024-11-01,E12000002,North West,212000
2024-12-01,E12000002,North West,211000
1995-01-01,E12000003,Yorkshire and The Humber,42171
1995-02-01,E12000003,Yorkshire and The Humber,41912
1995-03-01,E12000003,Yorkshire and The Humber,42544
1995-04-01,E12000003,Yorkshire and The Humber,42934
1995-05-01,E12000003,Yorkshire and The Humber,42197
1995-06-01,E12000003,Yorkshire and The Humber,42725
1995-07-01,E12000003,Yorkshire and The Humber,42859
1995-08-01,E12000003,Yorkshire and The Humber,42461
1995-09-01,E12000003,Yorkshire and The Humber,42203
1995-10-01,E12000003,Yorkshire and The Humber,41706
1995-11-01,E12000003,Yorkshire and The Humber,41571
1995-12-01,E12000003,Yorkshire and The Humber,41845
1996-01-01,E12000003,Yorkshire and The Humber,40907
1996-02-01,E12000003,Yorkshire and The Humber,41240
1996-03-01,E12000003,Yorkshire and The Humber,41303
1996-04-01,E12000003,Yorkshire and The Humber,41922
1996-05-01,E12000003,Yorkshire and The Humber,42307
1996-06-01,E12000003,Yorkshire and The Humber,42475
1996-07-01,E12000003,Yorkshire and The Humber,42968
1996-08-01,E12000003,Yorkshire and The Humber,42855
1996-09-01,E12000003,Yorkshire and The Humber,42479
1996-10-01,E12000003,Yorkshire and The Humber,42237
1996-11-01,E12000003,Yorkshire and The Humber,42957
1996-12-01,E12000003,Yorkshire and The Humber,42592
1997-01-01,E12000003,Yorkshire and The Humber,42341
1997-02-01,E12000003,Yorkshire and The Humber,42129
1997-03-01,E12000003,Yorkshire and The Humber,42652
1997-04-01,E12000003,Yorkshire and The Humber,43585
1997-05-01,E12000003,Yorkshire and The Humber,43894
1997-06-01,E12000003,Yorkshire and The Humber,44125
1997-07-01,E12000003,Yorkshire and The Humber,44276
1997-08-01,E12000003,Yorkshire and The Humber,44444
1997-09-01,E12000003,Yorkshire and The Humber,44428
1997-10-01,E12000003,Yorkshire and The Humber,43810
1997-11-01,E12000003,Yorkshire and The Humber,44026
1997-12-01,E12000003,Yorkshire and The Humber,43511
1998-01-01,E12000003,Yorkshire and The Humber,44015
1998-02-01,E12000003,Yorkshire and The Humber,44132
1998-03-01,E12000003,Yorkshire and The Humber,43873
1998-04-01,E12000003,Yorkshire and The Humber,44587
1998-05-01,E12000003,Yorkshire and The Humber,45053
1998-06-01,E12000003,Yorkshire and The Humber,44966
1998-07-01,E12000003,Yorkshire and The Humber,45727
1998-08-01,E12000003,Yorkshire and The Humber,45872
1998-09-01,E12000003,Yorkshire and The Humber,45226
1998-10-01,E12000003,Yorkshire and The Humber,45350
1998-11-01,E12000003,Yorkshire and The Humber,44353
1998-12-01,E12000003,Yorkshire and The Humber,45110
1999-01-01,E12000003,Yorkshire and The Humber,44790
1999-02-01,E12000003,Yorkshire and The Humber,44755
1999-03-01,E12000003,Yorkshire and The Humber,45281
1999-04-01,E12000003,Yorkshire and The Humber,45614
1999-05-01,E12000003,Yorkshire and The Humber,46617
1999-06-01,E12000003,Yorkshire and The Humber,46962
1999-07-01,E12000003,Yorkshire and The Humber,46841
1999-08-01,E12000003,Yorkshire and The Humber,47634
1999-09-01,E12000003,Yorkshire and The Humber,47427
1999-10-01,E12000003,Yorkshire and The Humber,47440
1999-11-01,E12000003,Yorkshire and The Humber,47939
1999-12-01,E12000003,Yorkshire and The Humber,47678
2000-01-01,E12000003,Yorkshire and The Humber,47522
2000-02-01,E12000003,Yorkshire and The Humber,47607
2000-03-01,E12000003,Yorkshire and The Humber,47753
2000-04-01,E12000003,Yorkshire and The Humber,49422
2000-05-01,E12000003,Yorkshire and The Humber,49866
2000-06-01,E12000003,Yorkshire and The Humber,50465
2000-07-01,E12000003,Yorkshire and The Humber,50888
2000-08-01,E12000003,Yorkshire and The Humber,50997
2000-09-01,E12000003,Yorkshire and The Humber,51622
2000-10-01,E12000003,Yorkshire and The Humber,51447
2000-11-01,E12000003,Yorkshire and The Humber,50840
2000-12-01,E12000003,Yorkshire and The Humber,51494
2001-01-01,E12000003,Yorkshire and The Humber,51774
2001-02-01,E12000003,Yorkshire and The Humber,50898
2001-03-01,E12000003,Yorkshire and The Humber,51403
2001-04-01,E12000003,Yorkshire and The Humber,52861
2001-05-01,E12000003,Yorkshire and The Humber,53897
2001-06-01,E12000003,Yorkshire and The Humber,54447
2001-07-01,E12000003,Yorkshire and The Humber,55172
2001-08-01,E12000003,Yorkshire and The Humber,56329
2001-09-01,E12000003,Yorkshire and The Humber,56526
2001-10-01,E12000003,Yorkshire and The Humber,56017
2001-11-01,E12000003,Yorkshire and The Humber,56868
2001-12-01,E12000003,Yorkshire and The Humber,57539
2002-01-01,E12000003,Yorkshire and The Humber,57307
2002-02-01,E12000003,Yorkshire and The Humber,58358
2002-03-01,E12000003,Yorkshire and The Humber,59230
2002-04-01,E12000003,Yorkshire and The Humber,60935
2002-05-01,E12000003,Yorkshire and The Humber,62766
2002-06-01,E12000003,Yorkshire and The Humber,64881
2002-07-01,E12000003,Yorkshire and The Humber,66085
2002-08-01,E12000003,Yorkshire and The Humber,67820
2002-09-01,E12000003,Yorkshire and The Humber,68715
2002-10-01,E12000003,Yorkshire and The Humber,69577
2002-11-01,E12000003,Yorkshire and The Humber,72181
2002-12-01,E12000003,Yorkshire and The Humber,72811
2003-01-01,E12000003,Yorkshire and The Humber,73938
2003-02-01,E12000003,Yorkshire and The Humber,74082
2003-03-01,E12000003,Yorkshire and The Humber,75378
2003-04-01,E12000003,Yorkshire and The Humber,78012
2003-05-01,E12000003,Yorkshire and The Humber,80363
2003-06-01,E12000003,Yorkshire and The Humber,82043
2003-07-01,E12000003,Yorkshire and The Humber,84249
2003-08-01,E12000003,Yorkshire and The Humber,86119
2003-09-01,E12000003,Yorkshire and The Humber,86431
2003-10-01,E12000003,Yorkshire and The Humber,87816
2003-11-01,E12000003,Yorkshire and The Humber,89590
2003-12-01,E12000003,Yorkshire and The Humber,91668
2004-01-01,E12000003,Yorkshire and The Humber,91131
2004-02-01,E12000003,Yorkshire and The Humber,91574
2004-03-01,E12000003,Yorkshire and The Humber,95026
2004-04-01,E12000003,Yorkshire and The Humber,100344
2004-05-01,E12000003,Yorkshire and The Humber,102984
2004-06-01,E12000003,Yorkshire and The Humber,106109
2004-07-01,E12000003,Yorkshire and The Humber,108186
2004-08-01,E12000003,Yorkshire and The Humber,110237
2004-09-01,E12000003,Yorkshire and The Humber,111596
2004-10-01,E12000003,Yorkshire and The Humber,111339
2004-11-01,E12000003,Yorkshire and The Humber,111836
2004-12-01,E12000003,Yorkshire and The Humber,113304
2005-01-01,E12000003,Yorkshire and The Humber,111935
2005-02-01,E12000003,Yorkshire and The Humber,113342
2005-03-01,E12000003,Yorkshire and The Humber,114502
2005-04-01,E12000003,Yorkshire and The Humber,115003
2005-05-01,E12000003,Yorkshire and The Humber,117647
2005-06-01,E12000003,Yorkshire and The Humber,118928
2005-07-01,E12000003,Yorkshire and The Humber,120427
2005-08-01,E12000003,Yorkshire and The Humber,121469
2005-09-01,E12000003,Yorkshire and The Humber,121697
2005-10-01,E12000003,Yorkshire and The Humber,121868
2005-11-01,E12000003,Yorkshire and The Humber,121981
2005-12-01,E12000003,Yorkshire and The Humber,122753
2006-01-01,E12000003,Yorkshire and The Humber,122401
2006-02-01,E12000003,Yorkshire and The Humber,123300
2006-03-01,E12000003,Yorkshire and The Humber,123869
2006-04-01,E12000003,Yorkshire and The Humber,126934
2006-05-01,E12000003,Yorkshire and The Humber,127236
2006-06-01,E12000003,Yorkshire and The Humber,128530
2006-07-01,E12000003,Yorkshire and The Humber,130231
2006-08-01,E12000003,Yorkshire and The Humber,131670
2006-09-01,E12000003,Yorkshire and The Humber,131823
2006-10-01,E12000003,Yorkshire and The Humber,132379
2006-11-01,E12000003,Yorkshire and The Humber,132983
2006-12-01,E12000003,Yorkshire and The Humber,134718
2007-01-01,E12000003,Yorkshire and The Humber,133490
2007-02-01,E12000003,Yorkshire and The Humber,133735
2007-03-01,E12000003,Yorkshire and The Humber,134329
2007-04-01,E12000003,Yorkshire and The Humber,137552
2007-05-01,E12000003,Yorkshire and The Humber,139157
2007-06-01,E12000003,Yorkshire and The Humber,140595
2007-07-01,E12000003,Yorkshire and The Humber,140885
2007-08-01,E12000003,Yorkshire and The Humber,141079
2007-09-01,E12000003,Yorkshire and The Humber,140589
2007-10-01,E12000003,Yorkshire and The Humber,141405
2007-11-01,E12000003,Yorkshire and The Humber,141108
2007-12-01,E12000003,Yorkshire and The Humber,141361
2008-01-01,E12000003,Yorkshire and The Humber,138573
2008-02-01,E12000003,Yorkshire and The Humber,138126
2008-03-01,E12000003,Yorkshire and The Humber,136655
2008-04-01,E12000003,Yorkshire and The Humber,137633
2008-05-01,E12000003,Yorkshire and The Humber,138264
2008-06-01,E12000003,Yorkshire and The Humber,135510
2008-07-01,E12000003,Yorkshire and The Humber,135285
2008-08-01,E12000003,Yorkshire and The Humber,133046
2008-09-01,E12000003,Yorkshire and The Humber,129538
2008-10-01,E12000003,Yorkshire and The Humber,127444
2008-11-01,E12000003,Yorkshire and The Humber,123614
2008-12-01,E12000003,Yorkshire and The Humber,122391
2009-01-01,E12000003,Yorkshire and The Humber,118176
2009-02-01,E12000003,Yorkshire and The Humber,118368
2009-03-01,E12000003,Yorkshire and The Humber,116556
2009-04-01,E12000003,Yorkshire and The Humber,119069
2009-05-01,E12000003,Yorkshire and The Humber,119722
2009-06-01,E12000003,Yorkshire and The Humber,120600
2009-07-01,E12000003,Yorkshire and The Humber,124390
2009-08-01,E12000003,Yorkshire and The Humber,124504
2009-09-01,E12000003,Yorkshire and The Humber,124268
2009-10-01,E12000003,Yorkshire and The Humber,126133
2009-11-01,E12000003,Yorkshire and The Humber,126339
2009-12-01,E12000003,Yorkshire and The Humber,127198
2010-01-01,E12000003,Yorkshire and The Humber,124977
2010-02-01,E12000003,Yorkshire and The Humber,124940
2010-03-01,E12000003,Yorkshire and The Humber,124909
2010-04-01,E12000003,Yorkshire and The Humber,126501
2010-05-01,E12000003,Yorkshire and The Humber,126860
2010-06-01,E12000003,Yorkshire and The Humber,127437
2010-07-01,E12000003,Yorkshire and The Humber,129214
2010-08-01,E12000003,Yorkshire and The Humber,128851
2010-09-01,E12000003,Yorkshire and The Humber,127519
2010-10-01,E12000003,Yorkshire and The Humber,125240
2010-11-01,E12000003,Yorkshire and The Humber,123818
2010-12-01,E12000003,Yorkshire and The Humber,124887
2011-01-01,E12000003,Yorkshire and The Humber,121396
2011-02-01,E12000003,Yorkshire and The Humber,123137
2011-03-01,E12000003,Yorkshire and The Humber,120256
2011-04-01,E12000003,Yorkshire and The Humber,124045
2011-05-01,E12000003,Yorkshire and The Humber,123973
2011-06-01,E12000003,Yorkshire and The Humber,122632
2011-07-01,E12000003,Yorkshire and The Humber,123457
2011-08-01,E12000003,Yorkshire and The Humber,124601
2011-09-01,E12000003,Yorkshire and The Humber,123816
2011-10-01,E12000003,Yorkshire and The Humber,121648
2011-11-01,E12000003,Yorkshire and The Humber,122217
2011-12-01,E12000003,Yorkshire and The Humber,121997
2012-01-01,E12000003,Yorkshire and The Humber,119314
2012-02-01,E12000003,Yorkshire and The Humber,120390
2012-03-01,E12000003,Yorkshire and The Humber,121015
2012-04-01,E12000003,Yorkshire and The Humber,120521
2012-05-01,E12000003,Yorkshire and The Humber,122024
2012-06-01,E12000003,Yorkshire and The Humber,123282
2012-07-01,E12000003,Yorkshire and The Humber,123459
2012-08-01,E12000003,Yorkshire and The Humber,124037
2012-09-01,E12000003,Yorkshire and The Humber,122905
2012-10-01,E12000003,Yorkshire and The Humber,121624
2012-11-01,E12000003,Yorkshire and The Humber,122630
2012-12-01,E12000003,Yorkshire and The Humber,122079
2013-01-01,E12000003,Yorkshire and The Humber,118140
2013-02-01,E12000003,Yorkshire and The Humber,120571
2013-03-01,E12000003,Yorkshire and The Humber,120177
2013-04-01,E12000003,Yorkshire and The Humber,120459
2013-05-01,E12000003,Yorkshire and The Humber,122386
2013-06-01,E12000003,Yorkshire and The Humber,123042
2013-07-01,E12000003,Yorkshire and The Humber,123746
2013-08-01,E12000003,Yorkshire and The Humber,124181
2013-09-01,E12000003,Yorkshire and The Humber,125379
2013-10-01,E12000003,Yorkshire and The Humber,123271
2013-11-01,E12000003,Yorkshire and The Humber,124027
2013-12-01,E12000003,Yorkshire and The Humber,125434
2014-01-01,E12000003,Yorkshire and The Humber,123797
2014-02-01,E12000003,Yorkshire and The Humber,125717
2014-03-01,E12000003,Yorkshire and The Humber,124055
2014-04-01,E12000003,Yorkshire and The Humber,127562
2014-05-01,E12000003,Yorkshire and The Humber,128358
2014-06-01,E12000003,Yorkshire and The Humber,128390
2014-07-01,E12000003,Yorkshire and The Humber,129943
2014-08-01,E12000003,Yorkshire and The Humber,131536
2014-09-01,E12000003,Yorkshire and The Humber,129715
2014-10-01,E12000003,Yorkshire and The Humber,130492
2014-11-01,E12000003,Yorkshire and The Humber,130165
2014-12-01,E12000003,Yorkshire and The Humber,131019
2015-01-01,E12000003,Yorkshire and The Humber,128000
2015-02-01,E12000003,Yorkshire and The Humber,129000
2015-03-01,E12000003,Yorkshire and The Humber,130000
2015-04-01,E12000003,Yorkshire and The Humber,130000
2015-05-01,E12000003,Yorkshire and The Humber,133000
2015-06-01,E12000003,Yorkshire and The Humber,134000
2015-07-01,E12000003,Yorkshire and The Humber,136000
2015-08-01,E12000003,Yorkshire and The Humber,137000
2015-09-01,E12000003,Yorkshire and The Humber,136000
2015-10-01,E12000003,Yorkshire and The Humber,136000
2015-11-01,E12000003,Yorkshire and The Humber,137000
2015-12-01,E12000003,Yorkshire and The Humber,137000
2016-01-01,E12000003,Yorkshire and The Humber,136000
2016-02-01,E12000003,Yorkshire and The Humber,137000
2016-03-01,E12000003,Yorkshire and The Humber,135000
2016-04-01,E12000003,Yorkshire and The Humber,139000
2016-05-01,E12000003,Yorkshire and The Humber,140000
2016-06-01,E12000003,Yorkshire and The Humber,142000
2016-07-01,E12000003,Yorkshire and The Humber,142000
2016-08-01,E12000003,Yorkshire and The Humber,143000
2016-09-01,E12000003,Yorkshire and The Humber,142000
2016-10-01,E12000003,Yorkshire and The Humber,142000
2016-11-01,E12000003,Yorkshire and The Humber,142000
2016-12-01,E12000003,Yorkshire and The Humber,144000
2017-01-01,E12000003,Yorkshire and The Humber,140000
2017-02-01,E12000003,Yorkshire and The Humber,142000
2017-03-01,E12000003,Yorkshire and The Humber,141000
2017-04-01,E12000003,Yorkshire and The Humber,144000
2017-05-01,E12000003,Yorkshire and The Humber,145000
2017-06-01,E12000003,Yorkshire and The Humber,147000
2017-07-01,E12000003,Yorkshire and The Humber,147000
2017-08-01,E12000003,Yorkshire and The Humber,149000
2017-09-01,E12000003,Yorkshire and The Humber,149000
2017-10-01,E12000003,Yorkshire and The Humber,148000
2017-11-01,E12000003,Yorkshire and The Humber,148000
2017-12-01,E12000003,Yorkshire and The Humber,149000
2018-01-01,E12000003,Yorkshire and The Humber,147000
2018-02-01,E12000003,Yorkshire and The Humber,147000
2018-03-01,E12000003,Yorkshire and The Humber,147000
2018-04-01,E12000003,Yorkshire and The Humber,148000
2018-05-01,E12000003,Yorkshire and The Humber,150000
2018-06-01,E12000003,Yorkshire and The Humber,151000
2018-07-01,E12000003,Yorkshire and The Humber,152000
2018-08-01,E12000003,Yorkshire and The Humber,154000
2018-09-01,E12000003,Yorkshire and The Humber,153000
2018-10-01,E12000003,Yorkshire and The Humber,152000
2018-11-01,E12000003,Yorkshire and The Humber,152000
2018-12-01,E12000003,Yorkshire and The Humber,153000
2019-01-01,E12000003,Yorkshire and The Humber,151000
2019-02-01,E12000003,Yorkshire and The Humber,150000
2019-03-01,E12000003,Yorkshire and The Humber,151000
2019-04-01,E12000003,Yorkshire and The Humber,152000
2019-05-01,E12000003,Yorkshire and The Humber,153000
2019-06-01,E12000003,Yorkshire and The Humber,154000
2019-07-01,E12000003,Yorkshire and The Humber,155000
2019-08-01,E12000003,Yorkshire and The Humber,156000
2019-09-01,E12000003,Yorkshire and The Humber,156000
2019-10-01,E12000003,Yorkshire and The Humber,156000
2019-11-01,E12000003,Yorkshire and The Humber,155000
2019-12-01,E12000003,Yorkshire and The Humber,156000
2020-01-01,E12000003,Yorkshire and The Humber,155000
2020-02-01,E12000003,Yorkshire and The Humber,155000
2020-03-01,E12000003,Yorkshire and The Humber,156000
2020-04-01,E12000003,Yorkshire and The Humber,151000
2020-05-01,E12000003,Yorkshire and The Humber,155000
2020-06-01,E12000003,Yorkshire and The Humber,158000
2020-07-01,E12000003,Yorkshire and The Humber,159000
2020-08-01,E12000003,Yorkshire and The Humber,161000
2020-09-01,E12000003,Yorkshire and The Humber,162000
2020-10-01,E12000003,Yorkshire and The Humber,164000
2020-11-01,E12000003,Yorkshire and The Humber,168000
2020-12-01,E12000003,Yorkshire and The Humber,169000
2021-01-01,E12000003,Yorkshire and The Humber,170000
2021-02-01,E12000003,Yorkshire and The Humber,171000
2021-03-01,E12000003,Yorkshire and The Humber,173000
2021-04-01,E12000003,Yorkshire and The Humber,169000
2021-05-01,E12000003,Yorkshire and The Humber,171000
2021-06-01,E12000003,Yorkshire and The Humber,184000
2021-07-01,E12000003,Yorkshire and The Humber,169000
2021-08-01,E12000003,Yorkshire and The Humber,175000
2021-09-01,E12000003,Yorkshire and The Humber,184000
2021-10-01,E12000003,Yorkshire and The Humber,174000
2021-11-01,E12000003,Yorkshire and The Humber,179000
2021-12-01,E12000003,Yorkshire and The Humber,181000
2022-01-01,E12000003,Yorkshire and The Humber,182000
2022-02-01,E12000003,Yorkshire and The Humber,184000
2022-03-01,E12000003,Yorkshire and The Humber,183000
2022-04-01,E12000003,Yorkshire and The Humber,185000
2022-05-01,E12000003,Yorkshire and The Humber,189000
2022-06-01,E12000003,Yorkshire and The Humber,191000
2022-07-01,E12000003,Yorkshire and The Humber,194000
2022-08-01,E12000003,Yorkshire and The Humber,196000
2022-09-01,E12000003,Yorkshire and The Humber,197000
2022-10-01,E12000003,Yorkshire and The Humber,197000
2022-11-01,E12000003,Yorkshire and The Humber,198000
2022-12-01,E12000003,Yorkshire and The Humber,198000
2023-01-01,E12000003,Yorkshire and The Humber,192000
2023-02-01,E12000003,Yorkshire and The Humber,192000
2023-03-01,E12000003,Yorkshire and The Humber,187000
2023-04-01,E12000003,Yorkshire and The Humber,190000
2023-05-01,E12000003,Yorkshire and The Humber,189000
2023-06-01,E12000003,Yorkshire and The Humber,193000
2023-07-01,E12000003,Yorkshire and The Humber,195000
2023-08-01,E12000003,Yorkshire and The Humber,198000
2023-09-01,E12000003,Yorkshire and The Humber,194000
2023-10-01,E12000003,Yorkshire and The Humber,195000
2023-11-01,E12000003,Yorkshire and The Humber,194000
2023-12-01,E12000003,Yorkshire and The Humber,193000
2024-01-01,E12000003,Yorkshire and The Humber,192000
2024-02-01,E12000003,Yorkshire and The Humber,191000
2024-03-01,E12000003,Yorkshire and The Humber,193000
2024-04-01,E12000003,Yorkshire and The Humber,192000
2024-05-01,E12000003,Yorkshire and The Humber,195000
2024-06-01,E12000003,Yorkshire and The Humber,198000
2024-07-01,E12000003,Yorkshire and The Humber,199000
2024-08-01,E12000003,Yorkshire and The Humber,203000
2024-09-01,E12000003,Yorkshire and The Humber,202000
2024-10-01,E12000003,Yorkshire and The Humber,203000
2024-11-01,E12000003,Yorkshire and The Humber,206000
2024-12-01,E12000003,Yorkshire and The Humber,204000
1995-01-01,E12000004,East Midlands,43856
1995-02-01,E12000004,East Midlands,44344
1995-03-01,E12000004,East Midlands,43701
1995-04-01,E12000004,East Midlands,44414
1995-05-01,E12000004,East Midlands,44177
1995-06-01,E12000004,East Midlands,43987
1995-07-01,E12000004,East Midlands,44331
1995-08-01,E12000004,East Midlands,44220
1995-09-01,E12000004,East Midlands,44075
1995-10-01,E12000004,East Midlands,43481
1995-11-01,E12000004,East Midlands,43300
1995-12-01,E12000004,East Midlands,43957
1996-01-01,E12000004,East Midlands,42965
1996-02-01,E12000004,East Midlands,42856
1996-03-01,E12000004,East Midlands,43515
1996-04-01,E12000004,East Midlands,44010
1996-05-01,E12000004,East Midlands,44033
1996-06-01,E12000004,East Midlands,44438
1996-07-01,E12000004,East Midlands,44850
1996-08-01,E12000004,East Midlands,45322
1996-09-01,E12000004,East Midlands,45198
1996-10-01,E12000004,East Midlands,44796
1996-11-01,E12000004,East Midlands,45534
1996-12-01,E12000004,East Midlands,45876
1997-01-01,E12000004,East Midlands,45041
1997-02-01,E12000004,East Midlands,45591
1997-03-01,E12000004,East Midlands,45952
1997-04-01,E12000004,East Midlands,46889
1997-05-01,E12000004,East Midlands,47201
1997-06-01,E12000004,East Midlands,47151
1997-07-01,E12000004,East Midlands,48344
1997-08-01,E12000004,East Midlands,48731
1997-09-01,E12000004,East Midlands,48531
1997-10-01,E12000004,East Midlands,48299
1997-11-01,E12000004,East Midlands,48922
1997-12-01,E12000004,East Midlands,48475
1998-01-01,E12000004,East Midlands,48889
1998-02-01,E12000004,East Midlands,48519
1998-03-01,E12000004,East Midlands,48667
1998-04-01,E12000004,East Midlands,50047
1998-05-01,E12000004,East Midlands,50394
1998-06-01,E12000004,East Midlands,50480
1998-07-01,E12000004,East Midlands,50996
1998-08-01,E12000004,East Midlands,51454
1998-09-01,E12000004,East Midlands,51133
1998-10-01,E12000004,East Midlands,50941
1998-11-01,E12000004,East Midlands,50718
1998-12-01,E12000004,East Midlands,51137
1999-01-01,E12000004,East Midlands,51095
1999-02-01,E12000004,East Midlands,50697
1999-03-01,E12000004,East Midlands,51569
1999-04-01,E12000004,East Midlands,53383
1999-05-01,E12000004,East Midlands,52953
1999-06-01,E12000004,East Midlands,53224
1999-07-01,E12000004,East Midlands,54467
1999-08-01,E12000004,East Midlands,55019
1999-09-01,E12000004,East Midlands,55102
1999-10-01,E12000004,East Midlands,55329
1999-11-01,E12000004,East Midlands,56135
1999-12-01,E12000004,East Midlands,56197
2000-01-01,E12000004,East Midlands,55927
2000-02-01,E12000004,East Midlands,56403
2000-03-01,E12000004,East Midlands,57032
2000-04-01,E12000004,East Midlands,58632
2000-05-01,E12000004,East Midlands,59153
2000-06-01,E12000004,East Midlands,60111
2000-07-01,E12000004,East Midlands,61121
2000-08-01,E12000004,East Midlands,61680
2000-09-01,E12000004,East Midlands,62474
2000-10-01,E12000004,East Midlands,61596
2000-11-01,E12000004,East Midlands,62213
2000-12-01,E12000004,East Midlands,62818
2001-01-01,E12000004,East Midlands,63289
2001-02-01,E12000004,East Midlands,63166
2001-03-01,E12000004,East Midlands,63484
2001-04-01,E12000004,East Midlands,65454
2001-05-01,E12000004,East Midlands,66479
2001-06-01,E12000004,East Midlands,67437
2001-07-01,E12000004,East Midlands,68172
2001-08-01,E12000004,East Midlands,69510
2001-09-01,E12000004,East Midlands,69944
2001-10-01,E12000004,East Midlands,70614
2001-11-01,E12000004,East Midlands,71633
2001-12-01,E12000004,East Midlands,72584
2002-01-01,E12000004,East Midlands,72490
2002-02-01,E12000004,East Midlands,73616
2002-03-01,E12000004,East Midlands,75390
2002-04-01,E12000004,East Midlands,77115
2002-05-01,E12000004,East Midlands,79580
2002-06-01,E12000004,East Midlands,81405
2002-07-01,E12000004,East Midlands,84923
2002-08-01,E12000004,East Midlands,87682
2002-09-01,E12000004,East Midlands,88089
2002-10-01,E12000004,East Midlands,90417
2002-11-01,E12000004,East Midlands,93355
2002-12-01,E12000004,East Midlands,94539
2003-01-01,E12000004,East Midlands,96421
2003-02-01,E12000004,East Midlands,98583
2003-03-01,E12000004,East Midlands,97755
2003-04-01,E12000004,East Midlands,102519
2003-05-01,E12000004,East Midlands,104649
2003-06-01,E12000004,East Midlands,105524
2003-07-01,E12000004,East Midlands,107510
2003-08-01,E12000004,East Midlands,110345
2003-09-01,E12000004,East Midlands,110328
2003-10-01,E12000004,East Midlands,112093
2003-11-01,E12000004,East Midlands,113359
2003-12-01,E12000004,East Midlands,113647
2004-01-01,E12000004,East Midlands,114984
2004-02-01,E12000004,East Midlands,115780
2004-03-01,E12000004,East Midlands,116747
2004-04-01,E12000004,East Midlands,121017
2004-05-01,E12000004,East Midlands,123757
2004-06-01,E12000004,East Midlands,126096
2004-07-01,E12000004,East Midlands,128683
2004-08-01,E12000004,East Midlands,131101
2004-09-01,E12000004,East Midlands,132057
2004-10-01,E12000004,East Midlands,131798
2004-11-01,E12000004,East Midlands,133418
2004-12-01,E12000004,East Midlands,132658
2005-01-01,E12000004,East Midlands,130266
2005-02-01,E12000004,East Midlands,131704
2005-03-01,E12000004,East Midlands,132038
2005-04-01,E12000004,East Midlands,133495
2005-05-01,E12000004,East Midlands,135007
2005-06-01,E12000004,East Midlands,134528
2005-07-01,E12000004,East Midlands,136194
2005-08-01,E12000004,East Midlands,137235
2005-09-01,E12000004,East Midlands,136141
2005-10-01,E12000004,East Midlands,137315
2005-11-01,E12000004,East Midlands,137311
2005-12-01,E12000004,East Midlands,137021
2006-01-01,E12000004,East Midlands,135237
2006-02-01,E12000004,East Midlands,135594
2006-03-01,E12000004,East Midlands,136176
2006-04-01,E12000004,East Midlands,140034
2006-05-01,E12000004,East Midlands,139736
2006-06-01,E12000004,East Midlands,140998
2006-07-01,E12000004,East Midlands,143553
2006-08-01,E12000004,East Midlands,144201
2006-09-01,E12000004,East Midlands,142806
2006-10-01,E12000004,East Midlands,144280
2006-11-01,E12000004,East Midlands,144542
2006-12-01,E12000004,East Midlands,146212
2007-01-01,E12000004,East Midlands,145749
2007-02-01,E12000004,East Midlands,146373
2007-03-01,E12000004,East Midlands,146938
2007-04-01,E12000004,East Midlands,148340
2007-05-01,E12000004,East Midlands,148733
2007-06-01,E12000004,East Midlands,150425
2007-07-01,E12000004,East Midlands,152049
2007-08-01,E12000004,East Midlands,153128
2007-09-01,E12000004,East Midlands,153623
2007-10-01,E12000004,East Midlands,151721
2007-11-01,E12000004,East Midlands,152106
2007-12-01,E12000004,East Midlands,151415
2008-01-01,E12000004,East Midlands,147391
2008-02-01,E12000004,East Midlands,147361
2008-03-01,E12000004,East Midlands,146597
2008-04-01,E12000004,East Midlands,146797
2008-05-01,E12000004,East Midlands,146487
2008-06-01,E12000004,East Midlands,145927
2008-07-01,E12000004,East Midlands,145373
2008-08-01,E12000004,East Midlands,140774
2008-09-01,E12000004,East Midlands,137306
2008-10-01,E12000004,East Midlands,134959
2008-11-01,E12000004,East Midlands,129901
2008-12-01,E12000004,East Midlands,129828
2009-01-01,E12000004,East Midlands,126834
2009-02-01,E12000004,East Midlands,125062
2009-03-01,E12000004,East Midlands,125099
2009-04-01,E12000004,East Midlands,125539
2009-05-01,E12000004,East Midlands,125063
2009-06-01,E12000004,East Midlands,128177
2009-07-01,E12000004,East Midlands,129273
2009-08-01,E12000004,East Midlands,131288
2009-09-01,E12000004,East Midlands,131430
2009-10-01,E12000004,East Midlands,133220
2009-11-01,E12000004,East Midlands,133403
2009-12-01,E12000004,East Midlands,135375
2010-01-01,E12000004,East Midlands,131404
2010-02-01,E12000004,East Midlands,134427
2010-03-01,E12000004,East Midlands,132747
2010-04-01,E12000004,East Midlands,134281
2010-05-01,E12000004,East Midlands,136505
2010-06-01,E12000004,East Midlands,136874
2010-07-01,E12000004,East Midlands,137673
2010-08-01,E12000004,East Midlands,138671
2010-09-01,E12000004,East Midlands,136820
2010-10-01,E12000004,East Midlands,135867
2010-11-01,E12000004,East Midlands,134748
2010-12-01,E12000004,East Midlands,133946
2011-01-01,E12000004,East Midlands,131361
2011-02-01,E12000004,East Midlands,132133
2011-03-01,E12000004,East Midlands,131333
2011-04-01,E12000004,East Midlands,132018
2011-05-01,E12000004,East Midlands,132368
2011-06-01,E12000004,East Midlands,132685
2011-07-01,E12000004,East Midlands,134868
2011-08-01,E12000004,East Midlands,135410
2011-09-01,E12000004,East Midlands,133771
2011-10-01,E12000004,East Midlands,132402
2011-11-01,E12000004,East Midlands,132729
2011-12-01,E12000004,East Midlands,133580
2012-01-01,E12000004,East Midlands,131314
2012-02-01,E12000004,East Midlands,131057
2012-03-01,E12000004,East Midlands,131946
2012-04-01,E12000004,East Midlands,133308
2012-05-01,E12000004,East Midlands,133126
2012-06-01,E12000004,East Midlands,134289
2012-07-01,E12000004,East Midlands,135757
2012-08-01,E12000004,East Midlands,134611
2012-09-01,E12000004,East Midlands,134099
2012-10-01,E12000004,East Midlands,134228
2012-11-01,E12000004,East Midlands,134340
2012-12-01,E12000004,East Midlands,133825
2013-01-01,E12000004,East Midlands,132438
2013-02-01,E12000004,East Midlands,132498
2013-03-01,E12000004,East Midlands,133425
2013-04-01,E12000004,East Midlands,134150
2013-05-01,E12000004,East Midlands,135785
2013-06-01,E12000004,East Midlands,136126
2013-07-01,E12000004,East Midlands,137251
2013-08-01,E12000004,East Midlands,138691
2013-09-01,E12000004,East Midlands,138231
2013-10-01,E12000004,East Midlands,139089
2013-11-01,E12000004,East Midlands,138201
2013-12-01,E12000004,East Midlands,140532
2014-01-01,E12000004,East Midlands,139876
2014-02-01,E12000004,East Midlands,141302
2014-03-01,E12000004,East Midlands,141019
2014-04-01,E12000004,East Midlands,143784
2014-05-01,E12000004,East Midlands,144447
2014-06-01,E12000004,East Midlands,145839
2014-07-01,E12000004,East Midlands,146999
2014-08-01,E12000004,East Midlands,149286
2014-09-01,E12000004,East Midlands,149507
2014-10-01,E12000004,East Midlands,148455
2014-11-01,E12000004,East Midlands,148299
2014-12-01,E12000004,East Midlands,148199
2015-01-01,E12000004,East Midlands,148000
2015-02-01,E12000004,East Midlands,148000
2015-03-01,E12000004,East Midlands,149000
2015-04-01,E12000004,East Midlands,150000
2015-05-01,E12000004,East Midlands,152000
2015-06-01,E12000004,East Midlands,153000
2015-07-01,E12000004,East Midlands,155000
2015-08-01,E12000004,East Midlands,157000
2015-09-01,E12000004,East Midlands,156000
2015-10-01,E12000004,East Midlands,158000
2015-11-01,E12000004,East Midlands,158000
2015-12-01,E12000004,East Midlands,159000
2016-01-01,E12000004,East Midlands,159000
2016-02-01,E12000004,East Midlands,158000
2016-03-01,E12000004,East Midlands,159000
2016-04-01,E12000004,East Midlands,162000
2016-05-01,E12000004,East Midlands,163000
2016-06-01,E12000004,East Midlands,164000
2016-07-01,E12000004,East Midlands,165000
2016-08-01,E12000004,East Midlands,166000
2016-09-01,E12000004,East Midlands,167000
2016-10-01,E12000004,East Midlands,166000
2016-11-01,E12000004,East Midlands,167000
2016-12-01,E12000004,East Midlands,168000
2017-01-01,E12000004,East Midlands,167000
2017-02-01,E12000004,East Midlands,169000
2017-03-01,E12000004,East Midlands,168000
2017-04-01,E12000004,East Midlands,171000
2017-05-01,E12000004,East Midlands,172000
2017-06-01,E12000004,East Midlands,174000
2017-07-01,E12000004,East Midlands,176000
2017-08-01,E12000004,East Midlands,176000
2017-09-01,E12000004,East Midlands,177000
2017-10-01,E12000004,East Midlands,177000
2017-11-01,E12000004,East Midlands,177000
2017-12-01,E12000004,East Midlands,178000
2018-01-01,E12000004,East Midlands,178000
2018-02-01,E12000004,East Midlands,180000
2018-03-01,E12000004,East Midlands,178000
2018-04-01,E12000004,East Midlands,180000
2018-05-01,E12000004,East Midlands,182000
2018-06-01,E12000004,East Midlands,182000
2018-07-01,E12000004,East Midlands,184000
2018-08-01,E12000004,East Midlands,185000
2018-09-01,E12000004,East Midlands,187000
2018-10-01,E12000004,East Midlands,185000
2018-11-01,E12000004,East Midlands,186000
2018-12-01,E12000004,East Midlands,185000
2019-01-01,E12000004,East Midlands,184000
2019-02-01,E12000004,East Midlands,184000
2019-03-01,E12000004,East Midlands,184000
2019-04-01,E12000004,East Midlands,184000
2019-05-01,E12000004,East Midlands,185000
2019-06-01,E12000004,East Midlands,185000
2019-07-01,E12000004,East Midlands,186000
2019-08-01,E12000004,East Midlands,188000
2019-09-01,E12000004,East Midlands,188000
2019-10-01,E12000004,East Midlands,187000
2019-11-01,E12000004,East Midlands,188000
2019-12-01,E12000004,East Midlands,187000
2020-01-01,E12000004,East Midlands,188000
2020-02-01,E12000004,East Midlands,186000
2020-03-01,E12000004,East Midlands,188000
2020-04-01,E12000004,East Midlands,188000
2020-05-01,E12000004,East Midlands,187000
2020-06-01,E12000004,East Midlands,191000
2020-07-01,E12000004,East Midlands,193000
2020-08-01,E12000004,East Midlands,193000
2020-09-01,E12000004,East Midlands,194000
2020-10-01,E12000004,East Midlands,197000
2020-11-01,E12000004,East Midlands,199000
2020-12-01,E12000004,East Midlands,202000
2021-01-01,E12000004,East Midlands,202000
2021-02-01,E12000004,East Midlands,205000
2021-03-01,E12000004,East Midlands,206000
2021-04-01,E12000004,East Midlands,203000
2021-05-01,E12000004,East Midlands,204000
2021-06-01,E12000004,East Midlands,215000
2021-07-01,E12000004,East Midlands,203000
2021-08-01,E12000004,East Midlands,209000
2021-09-01,E12000004,East Midlands,217000
2021-10-01,E12000004,East Midlands,213000
2021-11-01,E12000004,East Midlands,216000
2021-12-01,E12000004,East Midlands,218000
2022-01-01,E12000004,East Midlands,220000
2022-02-01,E12000004,East Midlands,221000
2022-03-01,E12000004,East Midlands,223000
2022-04-01,E12000004,East Midlands,225000
2022-05-01,E12000004,East Midlands,227000
2022-06-01,E12000004,East Midlands,231000
2022-07-01,E12000004,East Midlands,233000
2022-08-01,E12000004,East Midlands,237000
2022-09-01,E12000004,East Midlands,237000
2022-10-01,E12000004,East Midlands,237000
2022-11-01,E12000004,East Midlands,238000
2022-12-01,E12000004,East Midlands,238000
2023-01-01,E12000004,East Midlands,235000
2023-02-01,E12000004,East Midlands,232000
2023-03-01,E12000004,East Midlands,230000
2023-04-01,E12000004,East Midlands,231000
2023-05-01,E12000004,East Midlands,230000
2023-06-01,E12000004,East Midlands,233000
2023-07-01,E12000004,East Midlands,234000
2023-08-01,E12000004,East Midlands,236000
2023-09-01,E12000004,East Midlands,233000
2023-10-01,E12000004,East Midlands,232000
2023-11-01,E12000004,East Midlands,233000
2023-12-01,E12000004,East Midlands,230000
2024-01-01,E12000004,East Midlands,227000
2024-02-01,E12000004,East Midlands,228000
2024-03-01,E12000004,East Midlands,228000
2024-04-01,E12000004,East Midlands,229000
2024-05-01,E12000004,East Midlands,233000
2024-06-01,E12000004,East Midlands,230000
2024-07-01,E12000004,East Midlands,235000
2024-08-01,E12000004,East Midlands,239000
2024-09-01,E12000004,East Midlands,240000
2024-10-01,E12000004,East Midlands,241000
2024-11-01,E12000004,East Midlands,241000
2024-12-01,E12000004,East Midlands,242000
1995-01-01,E12000005,West Midlands,46470
1995-02-01,E12000005,West Midlands,47249
1995-03-01,E12000005,West Midlands,47345
1995-04-01,E12000005,West Midlands,47359
1995-05-01,E12000005,West Midlands,48234
1995-06-01,E12000005,West Midlands,47976
1995-07-01,E12000005,West Midlands,47746
1995-08-01,E12000005,West Midlands,47495
1995-09-01,E12000005,West Midlands,47228
1995-10-01,E12000005,West Midlands,47495
1995-11-01,E12000005,West Midlands,46443
1995-12-01,E12000005,West Midlands,46951
1996-01-01,E12000005,West Midlands,45918
1996-02-01,E12000005,West Midlands,46583
1996-03-01,E12000005,West Midlands,46741
1996-04-01,E12000005,West Midlands,46686
1996-05-01,E12000005,West Midlands,47973
1996-06-01,E12000005,West Midlands,47732
1996-07-01,E12000005,West Midlands,48291
1996-08-01,E12000005,West Midlands,49018
1996-09-01,E12000005,West Midlands,48691
1996-10-01,E12000005,West Midlands,48818
1996-11-01,E12000005,West Midlands,49410
1996-12-01,E12000005,West Midlands,49238
1997-01-01,E12000005,West Midlands,48952
1997-02-01,E12000005,West Midlands,49261
1997-03-01,E12000005,West Midlands,49894
1997-04-01,E12000005,West Midlands,50320
1997-05-01,E12000005,West Midlands,51343
1997-06-01,E12000005,West Midlands,51525
1997-07-01,E12000005,West Midlands,52007
1997-08-01,E12000005,West Midlands,52956
1997-09-01,E12000005,West Midlands,52526
1997-10-01,E12000005,West Midlands,51935
1997-11-01,E12000005,West Midlands,52415
1997-12-01,E12000005,West Midlands,53181
1998-01-01,E12000005,West Midlands,52824
1998-02-01,E12000005,West Midlands,52772
1998-03-01,E12000005,West Midlands,52821
1998-04-01,E12000005,West Midlands,53809
1998-05-01,E12000005,West Midlands,54447
1998-06-01,E12000005,West Midlands,54969
1998-07-01,E12000005,West Midlands,55270
1998-08-01,E12000005,West Midlands,55851
1998-09-01,E12000005,West Midlands,55316
1998-10-01,E12000005,West Midlands,55330
1998-11-01,E12000005,West Midlands,55203
1998-12-01,E12000005,West Midlands,55379
1999-01-01,E12000005,West Midlands,55803
1999-02-01,E12000005,West Midlands,55224
1999-03-01,E12000005,West Midlands,55859
1999-04-01,E12000005,West Midlands,56643
1999-05-01,E12000005,West Midlands,57347
1999-06-01,E12000005,West Midlands,58321
1999-07-01,E12000005,West Midlands,59044
1999-08-01,E12000005,West Midlands,59848
1999-09-01,E12000005,West Midlands,59890
1999-10-01,E12000005,West Midlands,60493
1999-11-01,E12000005,West Midlands,60719
1999-12-01,E12000005,West Midlands,61232
2000-01-01,E12000005,West Midlands,61126
2000-02-01,E12000005,West Midlands,61417
2000-03-01,E12000005,West Midlands,61907
2000-04-01,E12000005,West Midlands,63848
2000-05-01,E12000005,West Midlands,64417
2000-06-01,E12000005,West Midlands,65275
2000-07-01,E12000005,West Midlands,65994
2000-08-01,E12000005,West Midlands,66874
2000-09-01,E12000005,West Midlands,66796
2000-10-01,E12000005,West Midlands,66463
2000-11-01,E12000005,West Midlands,67600
2000-12-01,E12000005,West Midlands,68213
2001-01-01,E12000005,West Midlands,68051
2001-02-01,E12000005,West Midlands,68357
2001-03-01,E12000005,West Midlands,69606
2001-04-01,E12000005,West Midlands,71279
2001-05-01,E12000005,West Midlands,72270
2001-06-01,E12000005,West Midlands,72795
2001-07-01,E12000005,West Midlands,73221
2001-08-01,E12000005,West Midlands,75311
2001-09-01,E12000005,West Midlands,75335
2001-10-01,E12000005,West Midlands,75317
2001-11-01,E12000005,West Midlands,76448
2001-12-01,E12000005,West Midlands,77354
2002-01-01,E12000005,West Midlands,77233
2002-02-01,E12000005,West Midlands,77451
2002-03-01,E12000005,West Midlands,79879
2002-04-01,E12000005,West Midlands,81840
2002-05-01,E12000005,West Midlands,84282
2002-06-01,E12000005,West Midlands,86837
2002-07-01,E12000005,West Midlands,88517
2002-08-01,E12000005,West Midlands,91100
2002-09-01,E12000005,West Midlands,92708
2002-10-01,E12000005,West Midlands,94470
2002-11-01,E12000005,West Midlands,96494
2002-12-01,E12000005,West Midlands,98392
2003-01-01,E12000005,West Midlands,100038
2003-02-01,E12000005,West Midlands,99694
2003-03-01,E12000005,West Midlands,102734
2003-04-01,E12000005,West Midlands,104178
2003-05-01,E12000005,West Midlands,106533
2003-06-01,E12000005,West Midlands,107085
2003-07-01,E12000005,West Midlands,109370
2003-08-01,E12000005,West Midlands,112499
2003-09-01,E12000005,West Midlands,111911
2003-10-01,E12000005,West Midlands,113793
2003-11-01,E12000005,West Midlands,115680
2003-12-01,E12000005,West Midlands,118162
2004-01-01,E12000005,West Midlands,117648
2004-02-01,E12000005,West Midlands,118767
2004-03-01,E12000005,West Midlands,120617
2004-04-01,E12000005,West Midlands,123989
2004-05-01,E12000005,West Midlands,126365
2004-06-01,E12000005,West Midlands,130406
2004-07-01,E12000005,West Midlands,132970
2004-08-01,E12000005,West Midlands,135007
2004-09-01,E12000005,West Midlands,135121
2004-10-01,E12000005,West Midlands,136196
2004-11-01,E12000005,West Midlands,136403
2004-12-01,E12000005,West Midlands,136644
2005-01-01,E12000005,West Midlands,134090
2005-02-01,E12000005,West Midlands,135546
2005-03-01,E12000005,West Midlands,135911
2005-04-01,E12000005,West Midlands,137129
2005-05-01,E12000005,West Midlands,138053
2005-06-01,E12000005,West Midlands,140018
2005-07-01,E12000005,West Midlands,141388
2005-08-01,E12000005,West Midlands,142231
2005-09-01,E12000005,West Midlands,141418
2005-10-01,E12000005,West Midlands,141315
2005-11-01,E12000005,West Midlands,142220
2005-12-01,E12000005,West Midlands,142599
2006-01-01,E12000005,West Midlands,141318
2006-02-01,E12000005,West Midlands,142431
2006-03-01,E12000005,West Midlands,142675
2006-04-01,E12000005,West Midlands,144043
2006-05-01,E12000005,West Midlands,147642
2006-06-01,E12000005,West Midlands,146988
2006-07-01,E12000005,West Midlands,147040
2006-08-01,E12000005,West Midlands,149309
2006-09-01,E12000005,West Midlands,150021
2006-10-01,E12000005,West Midlands,149857
2006-11-01,E12000005,West Midlands,150734
2006-12-01,E12000005,West Midlands,151578
2007-01-01,E12000005,West Midlands,150710
2007-02-01,E12000005,West Midlands,151096
2007-03-01,E12000005,West Midlands,151917
2007-04-01,E12000005,West Midlands,154948
2007-05-01,E12000005,West Midlands,155323
2007-06-01,E12000005,West Midlands,155727
2007-07-01,E12000005,West Midlands,156967
2007-08-01,E12000005,West Midlands,158775
2007-09-01,E12000005,West Midlands,158014
2007-10-01,E12000005,West Midlands,158376
2007-11-01,E12000005,West Midlands,157238
2007-12-01,E12000005,West Midlands,158234
2008-01-01,E12000005,West Midlands,154899
2008-02-01,E12000005,West Midlands,155330
2008-03-01,E12000005,West Midlands,153629
2008-04-01,E12000005,West Midlands,152969
2008-05-01,E12000005,West Midlands,154492
2008-06-01,E12000005,West Midlands,152886
2008-07-01,E12000005,West Midlands,149440
2008-08-01,E12000005,West Midlands,147289
2008-09-01,E12000005,West Midlands,145372
2008-10-01,E12000005,West Midlands,142470
2008-11-01,E12000005,West Midlands,138635
2008-12-01,E12000005,West Midlands,135876
2009-01-01,E12000005,West Midlands,134062
2009-02-01,E12000005,West Midlands,132630
2009-03-01,E12000005,West Midlands,131158
2009-04-01,E12000005,West Midlands,131490
2009-05-01,E12000005,West Midlands,133338
2009-06-01,E12000005,West Midlands,133570
2009-07-01,E12000005,West Midlands,137507
2009-08-01,E12000005,West Midlands,138567
2009-09-01,E12000005,West Midlands,138809
2009-10-01,E12000005,West Midlands,140698
2009-11-01,E12000005,West Midlands,140029
2009-12-01,E12000005,West Midlands,142063
2010-01-01,E12000005,West Midlands,140215
2010-02-01,E12000005,West Midlands,141230
2010-03-01,E12000005,West Midlands,140471
2010-04-01,E12000005,West Midlands,142795
2010-05-01,E12000005,West Midlands,143126
2010-06-01,E12000005,West Midlands,144421
2010-07-01,E12000005,West Midlands,144716
2010-08-01,E12000005,West Midlands,144274
2010-09-01,E12000005,West Midlands,145640
2010-10-01,E12000005,West Midlands,142866
2010-11-01,E12000005,West Midlands,142842
2010-12-01,E12000005,West Midlands,142226
2011-01-01,E12000005,West Midlands,140278
2011-02-01,E12000005,West Midlands,138359
2011-03-01,E12000005,West Midlands,137136
2011-04-01,E12000005,West Midlands,139389
2011-05-01,E12000005,West Midlands,139514
2011-06-01,E12000005,West Midlands,139624
2011-07-01,E12000005,West Midlands,139985
2011-08-01,E12000005,West Midlands,139984
2011-09-01,E12000005,West Midlands,141393
2011-10-01,E12000005,West Midlands,138671
2011-11-01,E12000005,West Midlands,139641
2011-12-01,E12000005,West Midlands,137537
2012-01-01,E12000005,West Midlands,138919
2012-02-01,E12000005,West Midlands,137525
2012-03-01,E12000005,West Midlands,138639
2012-04-01,E12000005,West Midlands,138363
2012-05-01,E12000005,West Midlands,138015
2012-06-01,E12000005,West Midlands,141449
2012-07-01,E12000005,West Midlands,141148
2012-08-01,E12000005,West Midlands,141150
2012-09-01,E12000005,West Midlands,140984
2012-10-01,E12000005,West Midlands,139530
2012-11-01,E12000005,West Midlands,140755
2012-12-01,E12000005,West Midlands,141135
2013-01-01,E12000005,West Midlands,138856
2013-02-01,E12000005,West Midlands,139301
2013-03-01,E12000005,West Midlands,139792
2013-04-01,E12000005,West Midlands,140115
2013-05-01,E12000005,West Midlands,141065
2013-06-01,E12000005,West Midlands,143119
2013-07-01,E12000005,West Midlands,143967
2013-08-01,E12000005,West Midlands,145234
2013-09-01,E12000005,West Midlands,143463
2013-10-01,E12000005,West Midlands,144768
2013-11-01,E12000005,West Midlands,145071
2013-12-01,E12000005,West Midlands,145562
2014-01-01,E12000005,West Midlands,145700
2014-02-01,E12000005,West Midlands,144826
2014-03-01,E12000005,West Midlands,146712
2014-04-01,E12000005,West Midlands,148662
2014-05-01,E12000005,West Midlands,149120
2014-06-01,E12000005,West Midlands,151047
2014-07-01,E12000005,West Midlands,151370
2014-08-01,E12000005,West Midlands,153762
2014-09-01,E12000005,West Midlands,153226
2014-10-01,E12000005,West Midlands,153143
2014-11-01,E12000005,West Midlands,153006
2014-12-01,E12000005,West Midlands,153470
2015-01-01,E12000005,West Midlands,152000
2015-02-01,E12000005,West Midlands,154000
2015-03-01,E12000005,West Midlands,153000
2015-04-01,E12000005,West Midlands,155000
2015-05-01,E12000005,West Midlands,156000
2015-06-01,E12000005,West Midlands,157000
2015-07-01,E12000005,West Midlands,159000
2015-08-01,E12000005,West Midlands,161000
2015-09-01,E12000005,West Midlands,160000
2015-10-01,E12000005,West Midlands,160000
2015-11-01,E12000005,West Midlands,162000
2015-12-01,E12000005,West Midlands,162000
2016-01-01,E12000005,West Midlands,163000
2016-02-01,E12000005,West Midlands,162000
2016-03-01,E12000005,West Midlands,162000
2016-04-01,E12000005,West Midlands,166000
2016-05-01,E12000005,West Midlands,167000
2016-06-01,E12000005,West Midlands,169000
2016-07-01,E12000005,West Midlands,169000
2016-08-01,E12000005,West Midlands,171000
2016-09-01,E12000005,West Midlands,171000
2016-10-01,E12000005,West Midlands,170000
2016-11-01,E12000005,West Midlands,172000
2016-12-01,E12000005,West Midlands,172000
2017-01-01,E12000005,West Midlands,171000
2017-02-01,E12000005,West Midlands,172000
2017-03-01,E12000005,West Midlands,172000
2017-04-01,E12000005,West Midlands,174000
2017-05-01,E12000005,West Midlands,175000
2017-06-01,E12000005,West Midlands,177000
2017-07-01,E12000005,West Midlands,179000
2017-08-01,E12000005,West Midlands,181000
2017-09-01,E12000005,West Midlands,180000
2017-10-01,E12000005,West Midlands,181000
2017-11-01,E12000005,West Midlands,181000
2017-12-01,E12000005,West Midlands,182000
2018-01-01,E12000005,West Midlands,180000
2018-02-01,E12000005,West Midlands,183000
2018-03-01,E12000005,West Midlands,182000
2018-04-01,E12000005,West Midlands,183000
2018-05-01,E12000005,West Midlands,183000
2018-06-01,E12000005,West Midlands,186000
2018-07-01,E12000005,West Midlands,188000
2018-08-01,E12000005,West Midlands,188000
2018-09-01,E12000005,West Midlands,190000
2018-10-01,E12000005,West Midlands,190000
2018-11-01,E12000005,West Midlands,188000
2018-12-01,E12000005,West Midlands,190000
2019-01-01,E12000005,West Midlands,187000
2019-02-01,E12000005,West Midlands,189000
2019-03-01,E12000005,West Midlands,187000
2019-04-01,E12000005,West Midlands,187000
2019-05-01,E12000005,West Midlands,189000
2019-06-01,E12000005,West Midlands,188000
2019-07-01,E12000005,West Midlands,189000
2019-08-01,E12000005,West Midlands,192000
2019-09-01,E12000005,West Midlands,192000
2019-10-01,E12000005,West Midlands,191000
2019-11-01,E12000005,West Midlands,192000
2019-12-01,E12000005,West Midlands,190000
2020-01-01,E12000005,West Midlands,193000
2020-02-01,E12000005,West Midlands,191000
2020-03-01,E12000005,West Midlands,191000
2020-04-01,E12000005,West Midlands,187000
2020-05-01,E12000005,West Midlands,192000
2020-06-01,E12000005,West Midlands,193000
2020-07-01,E12000005,West Midlands,195000
2020-08-01,E12000005,West Midlands,197000
2020-09-01,E12000005,West Midlands,199000
2020-10-01,E12000005,West Midlands,200000
2020-11-01,E12000005,West Midlands,201000
2020-12-01,E12000005,West Midlands,205000
2021-01-01,E12000005,West Midlands,204000
2021-02-01,E12000005,West Midlands,207000
2021-03-01,E12000005,West Midlands,209000
2021-04-01,E12000005,West Midlands,206000
2021-05-01,E12000005,West Midlands,207000
2021-06-01,E12000005,West Midlands,221000
2021-07-01,E12000005,West Midlands,208000
2021-08-01,E12000005,West Midlands,213000
2021-09-01,E12000005,West Midlands,220000
2021-10-01,E12000005,West Midlands,212000
2021-11-01,E12000005,West Midlands,218000
2021-12-01,E12000005,West Midlands,221000
2022-01-01,E12000005,West Midlands,221000
2022-02-01,E12000005,West Midlands,224000
2022-03-01,E12000005,West Midlands,226000
2022-04-01,E12000005,West Midlands,227000
2022-05-01,E12000005,West Midlands,230000
2022-06-01,E12000005,West Midlands,231000
2022-07-01,E12000005,West Midlands,238000
2022-08-01,E12000005,West Midlands,239000
2022-09-01,E12000005,West Midlands,240000
2022-10-01,E12000005,West Midlands,242000
2022-11-01,E12000005,West Midlands,240000
2022-12-01,E12000005,West Midlands,240000
2023-01-01,E12000005,West Midlands,238000
2023-02-01,E12000005,West Midlands,239000
2023-03-01,E12000005,West Midlands,231000
2023-04-01,E12000005,West Midlands,232000
2023-05-01,E12000005,West Midlands,234000
2023-06-01,E12000005,West Midlands,235000
2023-07-01,E12000005,West Midlands,238000
2023-08-01,E12000005,West Midlands,238000
2023-09-01,E12000005,West Midlands,239000
2023-10-01,E12000005,West Midlands,237000
2023-11-01,E12000005,West Midlands,235000
2023-12-01,E12000005,West Midlands,234000
2024-01-01,E12000005,West Midlands,232000
2024-02-01,E12000005,West Midlands,233000
2024-03-01,E12000005,West Midlands,232000
2024-04-01,E12000005,West Midlands,234000
2024-05-01,E12000005,West Midlands,238000
2024-06-01,E12000005,West Midlands,239000
2024-07-01,E12000005,West Midlands,240000
2024-08-01,E12000005,West Midlands,244000
2024-09-01,E12000005,West Midlands,246000
2024-10-01,E12000005,West Midlands,244000
2024-11-01,E12000005,West Midlands,245000
2024-12-01,E12000005,West Midlands,244000
1995-01-01,E12000006,East of England,56098
1995-02-01,E12000006,East of England,55991
1995-03-01,E12000006,East of England,55574
1995-04-01,E12000006,East of England,55966
1995-05-01,E12000006,East of England,55879
1995-06-01,E12000006,East of England,55690
1995-07-01,E12000006,East of England,56633
1995-08-01,E12000006,East of England,56129
1995-09-01,E12000006,East of England,55661
1995-10-01,E12000006,East of England,54653
1995-11-01,E12000006,East of England,55283
1995-12-01,E12000006,East of England,54933
1996-01-01,E12000006,East of England,54448
1996-02-01,E12000006,East of England,54727
1996-03-01,E12000006,East of England,54477
1996-04-01,E12000006,East of England,55229
1996-05-01,E12000006,East of England,55542
1996-06-01,E12000006,East of England,55999
1996-07-01,E12000006,East of England,56466
1996-08-01,E12000006,East of England,57334
1996-09-01,E12000006,East of England,56996
1996-10-01,E12000006,East of England,57055
1996-11-01,E12000006,East of England,57799
1996-12-01,E12000006,East of England,58337
1997-01-01,E12000006,East of England,58453
1997-02-01,E12000006,East of England,59049
1997-03-01,E12000006,East of England,59232
1997-04-01,E12000006,East of England,59716
1997-05-01,E12000006,East of England,61080
1997-06-01,E12000006,East of England,62106
1997-07-01,E12000006,East of England,63500
1997-08-01,E12000006,East of England,63979
1997-09-01,E12000006,East of England,64316
1997-10-01,E12000006,East of England,65374
1997-11-01,E12000006,East of England,64831
1997-12-01,E12000006,East of England,65502
1998-01-01,E12000006,East of England,66187
1998-02-01,E12000006,East of England,66029
1998-03-01,E12000006,East of England,66276
1998-04-01,E12000006,East of England,67855
1998-05-01,E12000006,East of England,68947
1998-06-01,E12000006,East of England,69300
1998-07-01,E12000006,East of England,70203
1998-08-01,E12000006,East of England,70370
1998-09-01,E12000006,East of England,70918
1998-10-01,E12000006,East of England,70801
1998-11-01,E12000006,East of England,70441
1998-12-01,E12000006,East of England,70526
1999-01-01,E12000006,East of England,71200
1999-02-01,E12000006,East of England,71261
1999-03-01,E12000006,East of England,71174
1999-04-01,E12000006,East of England,72762
1999-05-01,E12000006,East of England,73500
1999-06-01,E12000006,East of England,74998
1999-07-01,E12000006,East of England,76337
1999-08-01,E12000006,East of England,77359
1999-09-01,E12000006,East of England,79067
1999-10-01,E12000006,East of England,79536
1999-11-01,E12000006,East of England,81299
1999-12-01,E12000006,East of England,82928
2000-01-01,E12000006,East of England,83296
2000-02-01,E12000006,East of England,83095
2000-03-01,E12000006,East of England,85007
2000-04-01,E12000006,East of England,88257
2000-05-01,E12000006,East of England,90202
2000-06-01,E12000006,East of England,90619
2000-07-01,E12000006,East of England,92783
2000-08-01,E12000006,East of England,94070
2000-09-01,E12000006,East of England,94552
2000-10-01,E12000006,East of England,93449
2000-11-01,E12000006,East of England,94089
2000-12-01,E12000006,East of England,95172
2001-01-01,E12000006,East of England,95600
2001-02-01,E12000006,East of England,95621
2001-03-01,E12000006,East of England,96966
2001-04-01,E12000006,East of England,98673
2001-05-01,E12000006,East of England,100681
2001-06-01,E12000006,East of England,101874
2001-07-01,E12000006,East of England,104041
2001-08-01,E12000006,East of England,106928
2001-09-01,E12000006,East of England,107380
2001-10-01,E12000006,East of England,108067
2001-11-01,E12000006,East of England,109406
2001-12-01,E12000006,East of England,110477
2002-01-01,E12000006,East of England,111178
2002-02-01,E12000006,East of England,112186
2002-03-01,E12000006,East of England,114576
2002-04-01,E12000006,East of England,118787
2002-05-01,E12000006,East of England,121780
2002-06-01,E12000006,East of England,123757
2002-07-01,E12000006,East of England,128042
2002-08-01,E12000006,East of England,131503
2002-09-01,E12000006,East of England,132667
2002-10-01,E12000006,East of England,135639
2002-11-01,E12000006,East of England,139141
2002-12-01,E12000006,East of England,140349
2003-01-01,E12000006,East of England,143325
2003-02-01,E12000006,East of England,143307
2003-03-01,E12000006,East of England,144415
2003-04-01,E12000006,East of England,147425
2003-05-01,E12000006,East of England,148116
2003-06-01,E12000006,East of England,147858
2003-07-01,E12000006,East of England,151945
2003-08-01,E12000006,East of England,152591
2003-09-01,E12000006,East of England,152364
2003-10-01,E12000006,East of England,153758
2003-11-01,E12000006,East of England,154470
2003-12-01,E12000006,East of England,156035
2004-01-01,E12000006,East of England,158011
2004-02-01,E12000006,East of England,158501
2004-03-01,E12000006,East of England,159888
2004-04-01,E12000006,East of England,163379
2004-05-01,E12000006,East of England,164747
2004-06-01,E12000006,East of England,168222
2004-07-01,E12000006,East of England,170433
2004-08-01,E12000006,East of England,172751
2004-09-01,E12000006,East of England,173525
2004-10-01,E12000006,East of England,173846
2004-11-01,E12000006,East of England,174108
2004-12-01,E12000006,East of England,173093
2005-01-01,E12000006,East of England,173457
2005-02-01,E12000006,East of England,171709
2005-03-01,E12000006,East of England,171895
2005-04-01,E12000006,East of England,172440
2005-05-01,E12000006,East of England,175216
2005-06-01,E12000006,East of England,176173
2005-07-01,E12000006,East of England,177374
2005-08-01,E12000006,East of England,177064
2005-09-01,E12000006,East of England,177457
2005-10-01,E12000006,East of England,176487
2005-11-01,E12000006,East of England,176303
2005-12-01,E12000006,East of England,177602
2006-01-01,E12000006,East of England,177088
2006-02-01,E12000006,East of England,177314
2006-03-01,E12000006,East of England,178701
2006-04-01,E12000006,East of England,181493
2006-05-01,E12000006,East of England,183080
2006-06-01,E12000006,East of England,183356
2006-07-01,E12000006,East of England,187016
2006-08-01,E12000006,East of England,188674
2006-09-01,E12000006,East of England,188742
2006-10-01,E12000006,East of England,190015
2006-11-01,E12000006,East of England,190676
2006-12-01,E12000006,East of England,192829
2007-01-01,E12000006,East of England,192919
2007-02-01,E12000006,East of England,193326
2007-03-01,E12000006,East of England,194938
2007-04-01,E12000006,East of England,197352
2007-05-01,E12000006,East of England,199249
2007-06-01,E12000006,East of England,202727
2007-07-01,E12000006,East of England,204615
2007-08-01,E12000006,East of England,206015
2007-09-01,E12000006,East of England,206877
2007-10-01,E12000006,East of England,206703
2007-11-01,E12000006,East of England,207394
2007-12-01,E12000006,East of England,207181
2008-01-01,E12000006,East of England,205481
2008-02-01,E12000006,East of England,203657
2008-03-01,E12000006,East of England,201237
2008-04-01,E12000006,East of England,199998
2008-05-01,E12000006,East of England,201866
2008-06-01,E12000006,East of England,198801
2008-07-01,E12000006,East of England,198177
2008-08-01,E12000006,East of England,191127
2008-09-01,E12000006,East of England,186404
2008-10-01,E12000006,East of England,181730
2008-11-01,E12000006,East of England,176595
2008-12-01,E12000006,East of England,174953
2009-01-01,E12000006,East of England,173660
2009-02-01,E12000006,East of England,169793
2009-03-01,E12000006,East of England,166473
2009-04-01,E12000006,East of England,169102
2009-05-01,E12000006,East of England,172064
2009-06-01,E12000006,East of England,171951
2009-07-01,E12000006,East of England,176546
2009-08-01,E12000006,East of England,178649
2009-09-01,E12000006,East of England,180764
2009-10-01,E12000006,East of England,181000
2009-11-01,E12000006,East of England,182568
2009-12-01,E12000006,East of England,183414
2010-01-01,E12000006,East of England,185910
2010-02-01,E12000006,East of England,186038
2010-03-01,E12000006,East of England,186186
2010-04-01,E12000006,East of England,189108
2010-05-01,E12000006,East of England,189953
2010-06-01,E12000006,East of England,189548
2010-07-01,E12000006,East of England,192765
2010-08-01,E12000006,East of England,192039
2010-09-01,E12000006,East of England,192988
2010-10-01,E12000006,East of England,189904
2010-11-01,E12000006,East of England,189238
2010-12-01,E12000006,East of England,188378
2011-01-01,E12000006,East of England,187409
2011-02-01,E12000006,East of England,185272
2011-03-01,E12000006,East of England,186529
2011-04-01,E12000006,East of England,187388
2011-05-01,E12000006,East of England,187664
2011-06-01,E12000006,East of England,187093
2011-07-01,E12000006,East of England,189751
2011-08-01,E12000006,East of England,190567
2011-09-01,E12000006,East of England,188774
2011-10-01,E12000006,East of England,188720
2011-11-01,E12000006,East of England,189577
2011-12-01,E12000006,East of England,188765
2012-01-01,E12000006,East of England,189852
2012-02-01,E12000006,East of England,188281
2012-03-01,E12000006,East of England,187072
2012-04-01,E12000006,East of England,190794
2012-05-01,E12000006,East of England,191630
2012-06-01,E12000006,East of England,191456
2012-07-01,E12000006,East of England,194079
2012-08-01,E12000006,East of England,194117
2012-09-01,E12000006,East of England,192957
2012-10-01,E12000006,East of England,193648
2012-11-01,E12000006,East of England,192932
2012-12-01,E12000006,East of England,191994
2013-01-01,E12000006,East of England,192142
2013-02-01,E12000006,East of England,190370
2013-03-01,E12000006,East of England,194147
2013-04-01,E12000006,East of England,194595
2013-05-01,E12000006,East of England,193843
2013-06-01,E12000006,East of England,196002
2013-07-01,E12000006,East of England,199137
2013-08-01,E12000006,East of England,200041
2013-09-01,E12000006,East of England,199877
2013-10-01,E12000006,East of England,201547
2013-11-01,E12000006,East of England,200471
2013-12-01,E12000006,East of England,205065
2014-01-01,E12000006,East of England,203602
2014-02-01,E12000006,East of England,205151
2014-03-01,E12000006,East of England,206108
2014-04-01,E12000006,East of England,210280
2014-05-01,E12000006,East of England,213895
2014-06-01,E12000006,East of England,215704
2014-07-01,E12000006,East of England,219457
2014-08-01,E12000006,East of England,221782
2014-09-01,E12000006,East of England,223836
2014-10-01,E12000006,East of England,224885
2014-11-01,E12000006,East of England,223944
2014-12-01,E12000006,East of England,224758
2015-01-01,E12000006,East of England,226000
2015-02-01,E12000006,East of England,227000
2015-03-01,E12000006,East of England,227000
2015-04-01,E12000006,East of England,229000
2015-05-01,E12000006,East of England,233000
2015-06-01,E12000006,East of England,234000
2015-07-01,E12000006,East of England,239000
2015-08-01,E12000006,East of England,242000
2015-09-01,E12000006,East of England,245000
2015-10-01,E12000006,East of England,246000
2015-11-01,E12000006,East of England,249000
2015-12-01,E12000006,East of England,250000
2016-01-01,E12000006,East of England,253000
2016-02-01,E12000006,East of England,253000
2016-03-01,E12000006,East of England,257000
2016-04-01,E12000006,East of England,257000
2016-05-01,E12000006,East of England,262000
2016-06-01,E12000006,East of England,264000
2016-07-01,E12000006,East of England,268000
2016-08-01,E12000006,East of England,268000
2016-09-01,E12000006,East of England,270000
2016-10-01,E12000006,East of England,270000
2016-11-01,E12000006,East of England,270000
2016-12-01,E12000006,East of England,273000
2017-01-01,E12000006,East of England,272000
2017-02-01,E12000006,East of England,274000
2017-03-01,E12000006,East of England,273000
2017-04-01,E12000006,East of England,277000
2017-05-01,E12000006,East of England,279000
2017-06-01,E12000006,East of England,280000
2017-07-01,E12000006,East of England,285000
2017-08-01,E12000006,East of England,284000
2017-09-01,E12000006,East of England,285000
2017-10-01,E12000006,East of England,285000
2017-11-01,E12000006,East of England,284000
2017-12-01,E12000006,East of England,286000
2018-01-01,E12000006,East of England,286000
2018-02-01,E12000006,East of England,285000
2018-03-01,E12000006,East of England,283000
2018-04-01,E12000006,East of England,285000
2018-05-01,E12000006,East of England,285000
2018-06-01,E12000006,East of England,286000
2018-07-01,E12000006,East of England,291000
2018-08-01,E12000006,East of England,291000
2018-09-01,E12000006,East of England,289000
2018-10-01,E12000006,East of England,290000
2018-11-01,E12000006,East of England,290000
2018-12-01,E12000006,East of England,288000
2019-01-01,E12000006,East of England,286000
2019-02-01,E12000006,East of England,287000
2019-03-01,E12000006,East of England,284000
2019-04-01,E12000006,East of England,285000
2019-05-01,E12000006,East of England,286000
2019-06-01,E12000006,East of England,285000
2019-07-01,E12000006,East of England,288000
2019-08-01,E12000006,East of England,287000
2019-09-01,E12000006,East of England,289000
2019-10-01,E12000006,East of England,288000
2019-11-01,E12000006,East of England,286000
2019-12-01,E12000006,East of England,287000
2020-01-01,E12000006,East of England,286000
2020-02-01,E12000006,East of England,286000
2020-03-01,E12000006,East of England,285000
2020-04-01,E12000006,East of England,288000
2020-05-01,E12000006,East of England,287000
2020-06-01,E12000006,East of England,289000
2020-07-01,E12000006,East of England,289000
2020-08-01,E12000006,East of England,293000
2020-09-01,E12000006,East of England,297000
2020-10-01,E12000006,East of England,296000
2020-11-01,E12000006,East of England,297000
2020-12-01,E12000006,East of England,301000
2021-01-01,E12000006,East of England,298000
2021-02-01,E12000006,East of England,299000
2021-03-01,E12000006,East of England,301000
2021-04-01,E12000006,East of England,299000
2021-05-01,E12000006,East of England,299000
2021-06-01,E12000006,East of England,313000
2021-07-01,E12000006,East of England,299000
2021-08-01,E12000006,East of England,310000
2021-09-01,E12000006,East of England,317000
2021-10-01,E12000006,East of England,312000
2021-11-01,E12000006,East of England,319000
2021-12-01,E12000006,East of England,320000
2022-01-01,E12000006,East of England,323000
2022-02-01,E12000006,East of England,326000
2022-03-01,E12000006,East of England,325000
2022-04-01,E12000006,East of England,329000
2022-05-01,E12000006,East of England,332000
2022-06-01,E12000006,East of England,335000
2022-07-01,E12000006,East of England,341000
2022-08-01,E12000006,East of England,344000
2022-09-01,E12000006,East of England,345000
2022-10-01,E12000006,East of England,344000
2022-11-01,E12000006,East of England,345000
2022-12-01,E12000006,East of England,342000
2023-01-01,E12000006,East of England,341000
2023-02-01,E12000006,East of England,341000
2023-03-01,E12000006,East of England,336000
2023-04-01,E12000006,East of England,332000
2023-05-01,E12000006,East of England,330000
2023-06-01,E12000006,East of England,332000
2023-07-01,E12000006,East of England,336000
2023-08-01,E12000006,East of England,336000
2023-09-01,E12000006,East of England,335000
2023-10-01,E12000006,East of England,332000
2023-11-01,E12000006,East of England,329000
2023-12-01,E12000006,East of England,326000
2024-01-01,E12000006,East of England,329000
2024-02-01,E12000006,East of England,326000
2024-03-01,E12000006,East of England,324000
2024-04-01,E12000006,East of England,327000
2024-05-01,E12000006,East of England,328000
2024-06-01,E12000006,East of England,328000
2024-07-01,E12000006,East of England,333000
2024-08-01,E12000006,East of England,337000
2024-09-01,E12000006,East of England,340000
2024-10-01,E12000006,East of England,339000
2024-11-01,E12000006,East of England,338000
2024-12-01,E12000006,East of England,340000
1995-01-01,E12000007,London,79687
1995-02-01,E12000007,London,77913
1995-03-01,E12000007,London,79110
1995-04-01,E12000007,London,79708
1995-05-01,E12000007,London,80754
1995-06-01,E12000007,London,80941
1995-07-01,E12000007,London,81345
1995-08-01,E12000007,London,80858
1995-09-01,E12000007,London,80228
1995-10-01,E12000007,London,79544
1995-11-01,E12000007,London,79347
1995-12-01,E12000007,London,80482
1996-01-01,E12000007,London,80658
1996-02-01,E12000007,London,81455
1996-03-01,E12000007,London,81031
1996-04-01,E12000007,London,82183
1996-05-01,E12000007,London,82663
1996-06-01,E12000007,London,83652
1996-07-01,E12000007,London,84358
1996-08-01,E12000007,London,84636
1996-09-01,E12000007,London,85379
1996-10-01,E12000007,London,85114
1996-11-01,E12000007,London,85884
1996-12-01,E12000007,London,87161
1997-01-01,E12000007,London,88926
1997-02-01,E12000007,London,89476
1997-03-01,E12000007,London,90543
1997-04-01,E12000007,London,92161
1997-05-01,E12000007,London,94791
1997-06-01,E12000007,London,95527
1997-07-01,E12000007,London,98629
1997-08-01,E12000007,London,98619
1997-09-01,E12000007,London,100825
1997-10-01,E12000007,London,100544
1997-11-01,E12000007,London,101739
1997-12-01,E12000007,London,103697
1998-01-01,E12000007,London,104822
1998-02-01,E12000007,London,103784
1998-03-01,E12000007,London,105914
1998-04-01,E12000007,London,108433
1998-05-01,E12000007,London,108209
1998-06-01,E12000007,London,110150
1998-07-01,E12000007,London,111731
1998-08-01,E12000007,London,111421
1998-09-01,E12000007,London,111992
1998-10-01,E12000007,London,111529
1998-11-01,E12000007,London,111615
1998-12-01,E12000007,London,112178
1999-01-01,E12000007,London,113152
1999-02-01,E12000007,London,112701
1999-03-01,E12000007,London,114975
1999-04-01,E12000007,London,117355
1999-05-01,E12000007,London,119062
1999-06-01,E12000007,London,121314
1999-07-01,E12000007,London,125290
1999-08-01,E12000007,London,127779
1999-09-01,E12000007,London,131261
1999-10-01,E12000007,London,131680
1999-11-01,E12000007,London,134668
1999-12-01,E12000007,London,136943
2000-01-01,E12000007,London,139611
2000-02-01,E12000007,London,142068
2000-03-01,E12000007,London,143760
2000-04-01,E12000007,London,150595
2000-05-01,E12000007,London,150800
2000-06-01,E12000007,London,153669
2000-07-01,E12000007,London,156545
2000-08-01,E12000007,London,157676
2000-09-01,E12000007,London,157710
2000-10-01,E12000007,London,155900
2000-11-01,E12000007,London,158085
2000-12-01,E12000007,London,157888
2001-01-01,E12000007,London,160094
2001-02-01,E12000007,London,160344
2001-03-01,E12000007,London,161591
2001-04-01,E12000007,London,163651
2001-05-01,E12000007,London,168244
2001-06-01,E12000007,London,169961
2001-07-01,E12000007,London,172490
2001-08-01,E12000007,London,176243
2001-09-01,E12000007,London,176449
2001-10-01,E12000007,London,177915
2001-11-01,E12000007,London,179011
2001-12-01,E12000007,London,179524
2002-01-01,E12000007,London,181823
2002-02-01,E12000007,London,182531
2002-03-01,E12000007,London,184937
2002-04-01,E12000007,London,190791
2002-05-01,E12000007,London,195703
2002-06-01,E12000007,London,199164
2002-07-01,E12000007,London,204649
2002-08-01,E12000007,London,209114
2002-09-01,E12000007,London,210947
2002-10-01,E12000007,London,213139
2002-11-01,E12000007,London,216816
2002-12-01,E12000007,London,217791
2003-01-01,E12000007,London,221778
2003-02-01,E12000007,London,221031
2003-03-01,E12000007,London,220077
2003-04-01,E12000007,London,222625
2003-05-01,E12000007,London,225440
2003-06-01,E12000007,London,223682
2003-07-01,E12000007,London,228891
2003-08-01,E12000007,London,227698
2003-09-01,E12000007,London,227921
2003-10-01,E12000007,London,229749
2003-11-01,E12000007,London,230764
2003-12-01,E12000007,London,232279
2004-01-01,E12000007,London,234296
2004-02-01,E12000007,London,235311
2004-03-01,E12000007,London,236939
2004-04-01,E12000007,London,241798
2004-05-01,E12000007,London,243369
2004-06-01,E12000007,London,246395
2004-07-01,E12000007,London,250378
2004-08-01,E12000007,London,251404
2004-09-01,E12000007,London,250652
2004-10-01,E12000007,London,248676
2004-11-01,E12000007,London,251278
2004-12-01,E12000007,London,246425
2005-01-01,E12000007,London,248820
2005-02-01,E12000007,London,247642
2005-03-01,E12000007,London,247580
2005-04-01,E12000007,London,251973
2005-05-01,E12000007,London,252313
2005-06-01,E12000007,London,252542
2005-07-01,E12000007,London,254654
2005-08-01,E12000007,London,254761
2005-09-01,E12000007,London,253631
2005-10-01,E12000007,London,250828
2005-11-01,E12000007,London,253251
2005-12-01,E12000007,London,255195
2006-01-01,E12000007,London,256767
2006-02-01,E12000007,London,255985
2006-03-01,E12000007,London,258410
2006-04-01,E12000007,London,262793
2006-05-01,E12000007,London,265059
2006-06-01,E12000007,London,269156
2006-07-01,E12000007,London,271795
2006-08-01,E12000007,London,274815
2006-09-01,E12000007,London,275712
2006-10-01,E12000007,London,277396
2006-11-01,E12000007,London,277074
2006-12-01,E12000007,London,283155
2007-01-01,E12000007,London,286542
2007-02-01,E12000007,London,289884
2007-03-01,E12000007,London,292774
2007-04-01,E12000007,London,298476
2007-05-01,E12000007,London,302673
2007-06-01,E12000007,London,306133
2007-07-01,E12000007,London,316556
2007-08-01,E12000007,London,318654
2007-09-01,E12000007,London,319468
2007-10-01,E12000007,London,319623
2007-11-01,E12000007,London,318648
2007-12-01,E12000007,London,319019
2008-01-01,E12000007,London,319663
2008-02-01,E12000007,London,316563
2008-03-01,E12000007,London,314319
2008-04-01,E12000007,London,315113
2008-05-01,E12000007,London,315988
2008-06-01,E12000007,London,310568
2008-07-01,E12000007,London,310740
2008-08-01,E12000007,London,301598
2008-09-01,E12000007,London,295994
2008-10-01,E12000007,London,285837
2008-11-01,E12000007,London,276896
2008-12-01,E12000007,London,271793
2009-01-01,E12000007,London,270949
2009-02-01,E12000007,London,267474
2009-03-01,E12000007,London,264709
2009-04-01,E12000007,London,262661
2009-05-01,E12000007,London,267629
2009-06-01,E12000007,London,271488
2009-07-01,E12000007,London,278122
2009-08-01,E12000007,London,280566
2009-09-01,E12000007,London,286374
2009-10-01,E12000007,London,287743
2009-11-01,E12000007,London,285663
2009-12-01,E12000007,London,289176
2010-01-01,E12000007,London,299459
2010-02-01,E12000007,London,298420
2010-03-01,E12000007,London,300260
2010-04-01,E12000007,London,301876
2010-05-01,E12000007,London,301641
2010-06-01,E12000007,London,304616
2010-07-01,E12000007,London,313428
2010-08-01,E12000007,London,311152
2010-09-01,E12000007,London,310560
2010-10-01,E12000007,London,306318
2010-11-01,E12000007,London,302206
2010-12-01,E12000007,London,305486
2011-01-01,E12000007,London,308301
2011-02-01,E12000007,London,305350
2011-03-01,E12000007,London,307347
2011-04-01,E12000007,London,314735
2011-05-01,E12000007,London,304810
2011-06-01,E12000007,London,306078
2011-07-01,E12000007,London,316716
2011-08-01,E12000007,London,315709
2011-09-01,E12000007,London,316197
2011-10-01,E12000007,London,312887
2011-11-01,E12000007,London,311570
2011-12-01,E12000007,London,312906
2012-01-01,E12000007,London,315128
2012-02-01,E12000007,London,313010
2012-03-01,E12000007,London,310866
2012-04-01,E12000007,London,320165
2012-05-01,E12000007,London,325535
2012-06-01,E12000007,London,328471
2012-07-01,E12000007,London,330760
2012-08-01,E12000007,London,331918
2012-09-01,E12000007,London,330232
2012-10-01,E12000007,London,332172
2012-11-01,E12000007,London,330308
2012-12-01,E12000007,London,335880
2013-01-01,E12000007,London,333332
2013-02-01,E12000007,London,335672
2013-03-01,E12000007,London,334322
2013-04-01,E12000007,London,343563
2013-05-01,E12000007,London,345065
2013-06-01,E12000007,London,347414
2013-07-01,E12000007,London,356482
2013-08-01,E12000007,London,359430
2013-09-01,E12000007,London,364517
2013-10-01,E12000007,London,364036
2013-11-01,E12000007,London,368002
2013-12-01,E12000007,London,376865
2014-01-01,E12000007,London,380935
2014-02-01,E12000007,London,383125
2014-03-01,E12000007,London,386898
2014-04-01,E12000007,London,401818
2014-05-01,E12000007,London,409706
2014-06-01,E12000007,London,414499
2014-07-01,E12000007,London,426870
2014-08-01,E12000007,London,433311
2014-09-01,E12000007,London,432150
2014-10-01,E12000007,London,430684
2014-11-01,E12000007,London,429081
2014-12-01,E12000007,London,431324
2015-01-01,E12000007,London,431000
2015-02-01,E12000007,London,433000
2015-03-01,E12000007,London,433000
2015-04-01,E12000007,London,439000
2015-05-01,E12000007,London,445000
2015-06-01,E12000007,London,449000
2015-07-01,E12000007,London,462000
2015-08-01,E12000007,London,467000
2015-09-01,E12000007,London,471000
2015-10-01,E12000007,London,472000
2015-11-01,E12000007,London,477000
2015-12-01,E12000007,London,482000
2016-01-01,E12000007,London,490000
2016-02-01,E12000007,London,490000
2016-03-01,E12000007,London,497000
2016-04-01,E12000007,London,494000
2016-05-01,E12000007,London,500000
2016-06-01,E12000007,London,501000
2016-07-01,E12000007,London,509000
2016-08-01,E12000007,London,505000
2016-09-01,E12000007,London,505000
2016-10-01,E12000007,London,504000
2016-11-01,E12000007,London,504000
2016-12-01,E12000007,London,506000
2017-01-01,E12000007,London,509000
2017-02-01,E12000007,London,510000
2017-03-01,E12000007,London,509000
2017-04-01,E12000007,London,514000
2017-05-01,E12000007,London,515000
2017-06-01,E12000007,London,514000
2017-07-01,E12000007,London,523000
2017-08-01,E12000007,London,521000
2017-09-01,E12000007,London,518000
2017-10-01,E12000007,London,516000
2017-11-01,E12000007,London,510000
2017-12-01,E12000007,London,510000
2018-01-01,E12000007,London,514000
2018-02-01,E12000007,London,512000
2018-03-01,E12000007,London,506000
2018-04-01,E12000007,London,511000
2018-05-01,E12000007,London,512000
2018-06-01,E12000007,London,514000
2018-07-01,E12000007,London,519000
2018-08-01,E12000007,London,513000
2018-09-01,E12000007,London,510000
2018-10-01,E12000007,London,514000
2018-11-01,E12000007,London,508000
2018-12-01,E12000007,London,507000
2019-01-01,E12000007,London,503000
2019-02-01,E12000007,London,499000
2019-03-01,E12000007,London,497000
2019-04-01,E12000007,London,503000
2019-05-01,E12000007,London,496000
2019-06-01,E12000007,London,504000
2019-07-01,E12000007,London,512000
2019-08-01,E12000007,London,506000
2019-09-01,E12000007,London,511000
2019-10-01,E12000007,London,506000
2019-11-01,E12000007,London,502000
2019-12-01,E12000007,London,513000
2020-01-01,E12000007,London,510000
2020-02-01,E12000007,London,508000
2020-03-01,E12000007,London,517000
2020-04-01,E12000007,London,510000
2020-05-01,E12000007,London,507000
2020-06-01,E12000007,London,514000
2020-07-01,E12000007,London,518000
2020-08-01,E12000007,London,524000
2020-09-01,E12000007,London,528000
2020-10-01,E12000007,London,521000
2020-11-01,E12000007,London,529000
2020-12-01,E12000007,London,529000
2021-01-01,E12000007,London,529000
2021-02-01,E12000007,London,525000
2021-03-01,E12000007,London,534000
2021-04-01,E12000007,London,523000
2021-05-01,E12000007,London,523000
2021-06-01,E12000007,London,538000
2021-07-01,E12000007,London,530000
2021-08-01,E12000007,London,546000
2021-09-01,E12000007,London,542000
2021-10-01,E12000007,London,540000
2021-11-01,E12000007,London,548000
2021-12-01,E12000007,London,548000
2022-01-01,E12000007,London,551000
2022-02-01,E12000007,London,551000
2022-03-01,E12000007,London,550000
2022-04-01,E12000007,London,555000
2022-05-01,E12000007,London,554000
2022-06-01,E12000007,London,572000
2022-07-01,E12000007,London,575000
2022-08-01,E12000007,London,581000
2022-09-01,E12000007,London,579000
2022-10-01,E12000007,London,574000
2022-11-01,E12000007,London,575000
2022-12-01,E12000007,London,572000
2023-01-01,E12000007,London,571000
2023-02-01,E12000007,London,564000
2023-03-01,E12000007,London,555000
2023-04-01,E12000007,London,557000
2023-05-01,E12000007,London,555000
2023-06-01,E12000007,London,556000
2023-07-01,E12000007,London,560000
2023-08-01,E12000007,London,561000
2023-09-01,E12000007,London,566000
2023-10-01,E12000007,London,555000
2023-11-01,E12000007,London,548000
2023-12-01,E12000007,London,549000
2024-01-01,E12000007,London,551000
2024-02-01,E12000007,London,546000
2024-03-01,E12000007,London,545000
2024-04-01,E12000007,London,547000
2024-05-01,E12000007,London,552000
2024-06-01,E12000007,London,557000
2024-07-01,E12000007,London,558000
2024-08-01,E12000007,London,570000
2024-09-01,E12000007,London,570000
2024-10-01,E12000007,London,553000
2024-11-01,E12000007,London,550000
2024-12-01,E12000007,London,549000
1995-01-01,E12000008,South East,64502
1995-02-01,E12000008,South East,64196
1995-03-01,E12000008,South East,64597
1995-04-01,E12000008,South East,65111
1995-05-01,E12000008,South East,65017
1995-06-01,E12000008,South East,66005
1995-07-01,E12000008,South East,65717
1995-08-01,E12000008,South East,65341
1995-09-01,E12000008,South East,64838
1995-10-01,E12000008,South East,64610
1995-11-01,E12000008,South East,64902
1995-12-01,E12000008,South East,64745
1996-01-01,E12000008,South East,64540
1996-02-01,E12000008,South East,64251
1996-03-01,E12000008,South East,64290
1996-04-01,E12000008,South East,65475
1996-05-01,E12000008,South East,65837
1996-06-01,E12000008,South East,66425
1996-07-01,E12000008,South East,67506
1996-08-01,E12000008,South East,67841
1996-09-01,E12000008,South East,67703
1996-10-01,E12000008,South East,67639
1996-11-01,E12000008,South East,68479
1996-12-01,E12000008,South East,69290
1997-01-01,E12000008,South East,69528
1997-02-01,E12000008,South East,70201
1997-03-01,E12000008,South East,71255
1997-04-01,E12000008,South East,72497
1997-05-01,E12000008,South East,73912
1997-06-01,E12000008,South East,75002
1997-07-01,E12000008,South East,76359
1997-08-01,E12000008,South East,78050
1997-09-01,E12000008,South East,78656
1997-10-01,E12000008,South East,79664
1997-11-01,E12000008,South East,80558
1997-12-01,E12000008,South East,80441
1998-01-01,E12000008,South East,80579
1998-02-01,E12000008,South East,80823
1998-03-01,E12000008,South East,81797
1998-04-01,E12000008,South East,83804
1998-05-01,E12000008,South East,84626
1998-06-01,E12000008,South East,85660
1998-07-01,E12000008,South East,86643
1998-08-01,E12000008,South East,87517
1998-09-01,E12000008,South East,87377
1998-10-01,E12000008,South East,87502
1998-11-01,E12000008,South East,87608
1998-12-01,E12000008,South East,87439
1999-01-01,E12000008,South East,88004
1999-02-01,E12000008,South East,88103
1999-03-01,E12000008,South East,88688
1999-04-01,E12000008,South East,90431
1999-05-01,E12000008,South East,91486
1999-06-01,E12000008,South East,93186
1999-07-01,E12000008,South East,94845
1999-08-01,E12000008,South East,97266
1999-09-01,E12000008,South East,99884
1999-10-01,E12000008,South East,100753
1999-11-01,E12000008,South East,102162
1999-12-01,E12000008,South East,104125
2000-01-01,E12000008,South East,105145
2000-02-01,E12000008,South East,105511
2000-03-01,E12000008,South East,108578
2000-04-01,E12000008,South East,112791
2000-05-01,E12000008,South East,113952
2000-06-01,E12000008,South East,116512
2000-07-01,E12000008,South East,117477
2000-08-01,E12000008,South East,119639
2000-09-01,E12000008,South East,119057
2000-10-01,E12000008,South East,119263
2000-11-01,E12000008,South East,118819
2000-12-01,E12000008,South East,119881
2001-01-01,E12000008,South East,119563
2001-02-01,E12000008,South East,120097
2001-03-01,E12000008,South East,121681
2001-04-01,E12000008,South East,124687
2001-05-01,E12000008,South East,126030
2001-06-01,E12000008,South East,128656
2001-07-01,E12000008,South East,130730
2001-08-01,E12000008,South East,132737
2001-09-01,E12000008,South East,133694
2001-10-01,E12000008,South East,135049
2001-11-01,E12000008,South East,136305
2001-12-01,E12000008,South East,137498
2002-01-01,E12000008,South East,138188
2002-02-01,E12000008,South East,137833
2002-03-01,E12000008,South East,140476
2002-04-01,E12000008,South East,142931
2002-05-01,E12000008,South East,147114
2002-06-01,E12000008,South East,150248
2002-07-01,E12000008,South East,154355
2002-08-01,E12000008,South East,158861
2002-09-01,E12000008,South East,161048
2002-10-01,E12000008,South East,163514
2002-11-01,E12000008,South East,166224
2002-12-01,E12000008,South East,168198
2003-01-01,E12000008,South East,170299
2003-02-01,E12000008,South East,170408
2003-03-01,E12000008,South East,172160
2003-04-01,E12000008,South East,173539
2003-05-01,E12000008,South East,175126
2003-06-01,E12000008,South East,176849
2003-07-01,E12000008,South East,178582
2003-08-01,E12000008,South East,179070
2003-09-01,E12000008,South East,177714
2003-10-01,E12000008,South East,180539
2003-11-01,E12000008,South East,181600
2003-12-01,E12000008,South East,182063
2004-01-01,E12000008,South East,183513
2004-02-01,E12000008,South East,184472
2004-03-01,E12000008,South East,185937
2004-04-01,E12000008,South East,188018
2004-05-01,E12000008,South East,191325
2004-06-01,E12000008,South East,193700
2004-07-01,E12000008,South East,196197
2004-08-01,E12000008,South East,199744
2004-09-01,E12000008,South East,199227
2004-10-01,E12000008,South East,199048
2004-11-01,E12000008,South East,201001
2004-12-01,E12000008,South East,199286
2005-01-01,E12000008,South East,197095
2005-02-01,E12000008,South East,197964
2005-03-01,E12000008,South East,197976
2005-04-01,E12000008,South East,199492
2005-05-01,E12000008,South East,200349
2005-06-01,E12000008,South East,200722
2005-07-01,E12000008,South East,201847
2005-08-01,E12000008,South East,202466
2005-09-01,E12000008,South East,202698
2005-10-01,E12000008,South East,200825
2005-11-01,E12000008,South East,202090
2005-12-01,E12000008,South East,202298
2006-01-01,E12000008,South East,202770
2006-02-01,E12000008,South East,203401
2006-03-01,E12000008,South East,204255
2006-04-01,E12000008,South East,206834
2006-05-01,E12000008,South East,210031
2006-06-01,E12000008,South East,211136
2006-07-01,E12000008,South East,213316
2006-08-01,E12000008,South East,214624
2006-09-01,E12000008,South East,216474
2006-10-01,E12000008,South East,216253
2006-11-01,E12000008,South East,218140
2006-12-01,E12000008,South East,221044
2007-01-01,E12000008,South East,222209
2007-02-01,E12000008,South East,221538
2007-03-01,E12000008,South East,223253
2007-04-01,E12000008,South East,227249
2007-05-01,E12000008,South East,231796
2007-06-01,E12000008,South East,233432
2007-07-01,E12000008,South East,237575
2007-08-01,E12000008,South East,237788
2007-09-01,E12000008,South East,240100
2007-10-01,E12000008,South East,240647
2007-11-01,E12000008,South East,240470
2007-12-01,E12000008,South East,238888
2008-01-01,E12000008,South East,237074
2008-02-01,E12000008,South East,233574
2008-03-01,E12000008,South East,234248
2008-04-01,E12000008,South East,232605
2008-05-01,E12000008,South East,233826
2008-06-01,E12000008,South East,230941
2008-07-01,E12000008,South East,229526
2008-08-01,E12000008,South East,222187
2008-09-01,E12000008,South East,216790
2008-10-01,E12000008,South East,210598
2008-11-01,E12000008,South East,204620
2008-12-01,E12000008,South East,201861
2009-01-01,E12000008,South East,196036
2009-02-01,E12000008,South East,193166
2009-03-01,E12000008,South East,192598
2009-04-01,E12000008,South East,194568
2009-05-01,E12000008,South East,198240
2009-06-01,E12000008,South East,200821
2009-07-01,E12000008,South East,204085
2009-08-01,E12000008,South East,208289
2009-09-01,E12000008,South East,211006
2009-10-01,E12000008,South East,212096
2009-11-01,E12000008,South East,213753
2009-12-01,E12000008,South East,213276
2010-01-01,E12000008,South East,219580
2010-02-01,E12000008,South East,218979
2010-03-01,E12000008,South East,218300
2010-04-01,E12000008,South East,219916
2010-05-01,E12000008,South East,222097
2010-06-01,E12000008,South East,223722
2010-07-01,E12000008,South East,226247
2010-08-01,E12000008,South East,225813
2010-09-01,E12000008,South East,226281
2010-10-01,E12000008,South East,222967
2010-11-01,E12000008,South East,221473
2010-12-01,E12000008,South East,220306
2011-01-01,E12000008,South East,218315
2011-02-01,E12000008,South East,218828
2011-03-01,E12000008,South East,217406
2011-04-01,E12000008,South East,219824
2011-05-01,E12000008,South East,220226
2011-06-01,E12000008,South East,220815
2011-07-01,E12000008,South East,223680
2011-08-01,E12000008,South East,222006
2011-09-01,E12000008,South East,222908
2011-10-01,E12000008,South East,219955
2011-11-01,E12000008,South East,221389
2011-12-01,E12000008,South East,221026
2012-01-01,E12000008,South East,219302
2012-02-01,E12000008,South East,220135
2012-03-01,E12000008,South East,220747
2012-04-01,E12000008,South East,224907
2012-05-01,E12000008,South East,225195
2012-06-01,E12000008,South East,226072
2012-07-01,E12000008,South East,228480
2012-08-01,E12000008,South East,229580
2012-09-01,E12000008,South East,230180
2012-10-01,E12000008,South East,226623
2012-11-01,E12000008,South East,226257
2012-12-01,E12000008,South East,227569
2013-01-01,E12000008,South East,226909
2013-02-01,E12000008,South East,225549
2013-03-01,E12000008,South East,226994
2013-04-01,E12000008,South East,229580
2013-05-01,E12000008,South East,230065
2013-06-01,E12000008,South East,232729
2013-07-01,E12000008,South East,235515
2013-08-01,E12000008,South East,236276
2013-09-01,E12000008,South East,236916
2013-10-01,E12000008,South East,237086
2013-11-01,E12000008,South East,239013
2013-12-01,E12000008,South East,240777
2014-01-01,E12000008,South East,242778
2014-02-01,E12000008,South East,243134
2014-03-01,E12000008,South East,245206
2014-04-01,E12000008,South East,248969
2014-05-01,E12000008,South East,253291
2014-06-01,E12000008,South East,255353
2014-07-01,E12000008,South East,259645
2014-08-01,E12000008,South East,263224
2014-09-01,E12000008,South East,265157
2014-10-01,E12000008,South East,265506
2014-11-01,E12000008,South East,264953
2014-12-01,E12000008,South East,266210
2015-01-01,E12000008,South East,267000
2015-02-01,E12000008,South East,267000
2015-03-01,E12000008,South East,267000
2015-04-01,E12000008,South East,271000
2015-05-01,E12000008,South East,273000
2015-06-01,E12000008,South East,277000
2015-07-01,E12000008,South East,282000
2015-08-01,E12000008,South East,286000
2015-09-01,E12000008,South East,287000
2015-10-01,E12000008,South East,289000
2015-11-01,E12000008,South East,291000
2015-12-01,E12000008,South East,293000
2016-01-01,E12000008,South East,296000
2016-02-01,E12000008,South East,298000
2016-03-01,E12000008,South East,302000
2016-04-01,E12000008,South East,300000
2016-05-01,E12000008,South East,303000
2016-06-01,E12000008,South East,307000
2016-07-01,E12000008,South East,311000
2016-08-01,E12000008,South East,312000
2016-09-01,E12000008,South East,310000
2016-10-01,E12000008,South East,310000
2016-11-01,E12000008,South East,310000
2016-12-01,E12000008,South East,312000
2017-01-01,E12000008,South East,315000
2017-02-01,E12000008,South East,312000
2017-03-01,E12000008,South East,313000
2017-04-01,E12000008,South East,316000
2017-05-01,E12000008,South East,318000
2017-06-01,E12000008,South East,321000
2017-07-01,E12000008,South East,324000
2017-08-01,E12000008,South East,326000
2017-09-01,E12000008,South East,325000
2017-10-01,E12000008,South East,324000
2017-11-01,E12000008,South East,323000
2017-12-01,E12000008,South East,323000
2018-01-01,E12000008,South East,323000
2018-02-01,E12000008,South East,324000
2018-03-01,E12000008,South East,322000
2018-04-01,E12000008,South East,324000
2018-05-01,E12000008,South East,324000
2018-06-01,E12000008,South East,327000
2018-07-01,E12000008,South East,330000
2018-08-01,E12000008,South East,331000
2018-09-01,E12000008,South East,330000
2018-10-01,E12000008,South East,327000
2018-11-01,E12000008,South East,326000
2018-12-01,E12000008,South East,324000
2019-01-01,E12000008,South East,325000
2019-02-01,E12000008,South East,323000
2019-03-01,E12000008,South East,320000
2019-04-01,E12000008,South East,321000
2019-05-01,E12000008,South East,321000
2019-06-01,E12000008,South East,323000
2019-07-01,E12000008,South East,325000
2019-08-01,E12000008,South East,325000
2019-09-01,E12000008,South East,326000
2019-10-01,E12000008,South East,325000
2019-11-01,E12000008,South East,325000
2019-12-01,E12000008,South East,324000
2020-01-01,E12000008,South East,324000
2020-02-01,E12000008,South East,321000
2020-03-01,E12000008,South East,326000
2020-04-01,E12000008,South East,328000
2020-05-01,E12000008,South East,323000
2020-06-01,E12000008,South East,324000
2020-07-01,E12000008,South East,328000
2020-08-01,E12000008,South East,332000
2020-09-01,E12000008,South East,334000
2020-10-01,E12000008,South East,335000
2020-11-01,E12000008,South East,339000
2020-12-01,E12000008,South East,340000
2021-01-01,E12000008,South East,338000
2021-02-01,E12000008,South East,338000
2021-03-01,E12000008,South East,342000
2021-04-01,E12000008,South East,339000
2021-05-01,E12000008,South East,340000
2021-06-01,E12000008,South East,355000
2021-07-01,E12000008,South East,340000
2021-08-01,E12000008,South East,351000
2021-09-01,E12000008,South East,362000
2021-10-01,E12000008,South East,354000
2021-11-01,E12000008,South East,360000
2021-12-01,E12000008,South East,363000
2022-01-01,E12000008,South East,368000
2022-02-01,E12000008,South East,368000
2022-03-01,E12000008,South East,370000
2022-04-01,E12000008,South East,371000
2022-05-01,E12000008,South East,376000
2022-06-01,E12000008,South East,381000
2022-07-01,E12000008,South East,387000
2022-08-01,E12000008,South East,391000
2022-09-01,E12000008,South East,392000
2022-10-01,E12000008,South East,392000
2022-11-01,E12000008,South East,390000
2022-12-01,E12000008,South East,388000
2023-01-01,E12000008,South East,388000
2023-02-01,E12000008,South East,383000
2023-03-01,E12000008,South East,380000
2023-04-01,E12000008,South East,380000
2023-05-01,E12000008,South East,378000
2023-06-01,E12000008,South East,378000
2023-07-01,E12000008,South East,382000
2023-08-01,E12000008,South East,382000
2023-09-01,E12000008,South East,379000
2023-10-01,E12000008,South East,378000
2023-11-01,E12000008,South East,375000
2023-12-01,E12000008,South East,368000
2024-01-01,E12000008,South East,369000
2024-02-01,E12000008,South East,369000
2024-03-01,E12000008,South East,368000
2024-04-01,E12000008,South East,370000
2024-05-01,E12000008,South East,374000
2024-06-01,E12000008,South East,375000
2024-07-01,E12000008,South East,378000
2024-08-01,E12000008,South East,387000
2024-09-01,E12000008,South East,385000
2024-10-01,E12000008,South East,383000
2024-11-01,E12000008,South East,381000
2024-12-01,E12000008,South East,384000
1995-01-01,E12000009,South West,52799
1995-02-01,E12000009,South West,52462
1995-03-01,E12000009,South West,51716
1995-04-01,E12000009,South West,52877
1995-05-01,E12000009,South West,52793
1995-06-01,E12000009,South West,52524
1995-07-01,E12000009,South West,52375
1995-08-01,E12000009,South West,52471
1995-09-01,E12000009,South West,52354
1995-10-01,E12000009,South West,52374
1995-11-01,E12000009,South West,51925
1995-12-01,E12000009,South West,51231
1996-01-01,E12000009,South West,51513
1996-02-01,E12000009,South West,51400
1996-03-01,E12000009,South West,51740
1996-04-01,E12000009,South West,52853
1996-05-01,E12000009,South West,52959
1996-06-01,E12000009,South West,53156
1996-07-01,E12000009,South West,54008
1996-08-01,E12000009,South West,54264
1996-09-01,E12000009,South West,54477
1996-10-01,E12000009,South West,54807
1996-11-01,E12000009,South West,55189
1996-12-01,E12000009,South West,54967
1997-01-01,E12000009,South West,55739
1997-02-01,E12000009,South West,55902
1997-03-01,E12000009,South West,56580
1997-04-01,E12000009,South West,57463
1997-05-01,E12000009,South West,57651
1997-06-01,E12000009,South West,58480
1997-07-01,E12000009,South West,59387
1997-08-01,E12000009,South West,60410
1997-09-01,E12000009,South West,60796
1997-10-01,E12000009,South West,60911
1997-11-01,E12000009,South West,61822
1997-12-01,E12000009,South West,61234
1998-01-01,E12000009,South West,61913
1998-02-01,E12000009,South West,61734
1998-03-01,E12000009,South West,62609
1998-04-01,E12000009,South West,63949
1998-05-01,E12000009,South West,64682
1998-06-01,E12000009,South West,64410
1998-07-01,E12000009,South West,66318
1998-08-01,E12000009,South West,66512
1998-09-01,E12000009,South West,65836
1998-10-01,E12000009,South West,65753
1998-11-01,E12000009,South West,66549
1998-12-01,E12000009,South West,65986
1999-01-01,E12000009,South West,67028
1999-02-01,E12000009,South West,66962
1999-03-01,E12000009,South West,68452
1999-04-01,E12000009,South West,69038
1999-05-01,E12000009,South West,69994
1999-06-01,E12000009,South West,71066
1999-07-01,E12000009,South West,72363
1999-08-01,E12000009,South West,73249
1999-09-01,E12000009,South West,75382
1999-10-01,E12000009,South West,76227
1999-11-01,E12000009,South West,77098
1999-12-01,E12000009,South West,78380
2000-01-01,E12000009,South West,78545
2000-02-01,E12000009,South West,79717
2000-03-01,E12000009,South West,81280
2000-04-01,E12000009,South West,83883
2000-05-01,E12000009,South West,85069
2000-06-01,E12000009,South West,86291
2000-07-01,E12000009,South West,88035
2000-08-01,E12000009,South West,89043
2000-09-01,E12000009,South West,89419
2000-10-01,E12000009,South West,89390
2000-11-01,E12000009,South West,89358
2000-12-01,E12000009,South West,88809
2001-01-01,E12000009,South West,88890
2001-02-01,E12000009,South West,89487
2001-03-01,E12000009,South West,91375
2001-04-01,E12000009,South West,94390
2001-05-01,E12000009,South West,95076
2001-06-01,E12000009,South West,96286
2001-07-01,E12000009,South West,98944
2001-08-01,E12000009,South West,100825
2001-09-01,E12000009,South West,101939
2001-10-01,E12000009,South West,103045
2001-11-01,E12000009,South West,103473
2001-12-01,E12000009,South West,103851
2002-01-01,E12000009,South West,105163
2002-02-01,E12000009,South West,105817
2002-03-01,E12000009,South West,109350
2002-04-01,E12000009,South West,111261
2002-05-01,E12000009,South West,114580
2002-06-01,E12000009,South West,118201
2002-07-01,E12000009,South West,121946
2002-08-01,E12000009,South West,125361
2002-09-01,E12000009,South West,127591
2002-10-01,E12000009,South West,130438
2002-11-01,E12000009,South West,132613
2002-12-01,E12000009,South West,134118
2003-01-01,E12000009,South West,136523
2003-02-01,E12000009,South West,135740
2003-03-01,E12000009,South West,138646
2003-04-01,E12000009,South West,140254
2003-05-01,E12000009,South West,141954
2003-06-01,E12000009,South West,143764
2003-07-01,E12000009,South West,145882
2003-08-01,E12000009,South West,146458
2003-09-01,E12000009,South West,147489
2003-10-01,E12000009,South West,149199
2003-11-01,E12000009,South West,148927
2003-12-01,E12000009,South West,151560
2004-01-01,E12000009,South West,152972
2004-02-01,E12000009,South West,152657
2004-03-01,E12000009,South West,155891
2004-04-01,E12000009,South West,159551
2004-05-01,E12000009,South West,162512
2004-06-01,E12000009,South West,166326
2004-07-01,E12000009,South West,169346
2004-08-01,E12000009,South West,170200
2004-09-01,E12000009,South West,172303
2004-10-01,E12000009,South West,171883
2004-11-01,E12000009,South West,172941
2004-12-01,E12000009,South West,171366
2005-01-01,E12000009,South West,169711
2005-02-01,E12000009,South West,169886
2005-03-01,E12000009,South West,170230
2005-04-01,E12000009,South West,170941
2005-05-01,E12000009,South West,171771
2005-06-01,E12000009,South West,172333
2005-07-01,E12000009,South West,174673
2005-08-01,E12000009,South West,174072
2005-09-01,E12000009,South West,174544
2005-10-01,E12000009,South West,174580
2005-11-01,E12000009,South West,174479
2005-12-01,E12000009,South West,175463
2006-01-01,E12000009,South West,174840
2006-02-01,E12000009,South West,174072
2006-03-01,E12000009,South West,177272
2006-04-01,E12000009,South West,178748
2006-05-01,E12000009,South West,180567
2006-06-01,E12000009,South West,182781
2006-07-01,E12000009,South West,184611
2006-08-01,E12000009,South West,186791
2006-09-01,E12000009,South West,187122
2006-10-01,E12000009,South West,189077
2006-11-01,E12000009,South West,190479
2006-12-01,E12000009,South West,191663
2007-01-01,E12000009,South West,190711
2007-02-01,E12000009,South West,192027
2007-03-01,E12000009,South West,194805
2007-04-01,E12000009,South West,195621
2007-05-01,E12000009,South West,198711
2007-06-01,E12000009,South West,200185
2007-07-01,E12000009,South West,202786
2007-08-01,E12000009,South West,204036
2007-09-01,E12000009,South West,205256
2007-10-01,E12000009,South West,204266
2007-11-01,E12000009,South West,204249
2007-12-01,E12000009,South West,201864
2008-01-01,E12000009,South West,200690
2008-02-01,E12000009,South West,196630
2008-03-01,E12000009,South West,195161
2008-04-01,E12000009,South West,196078
2008-05-01,E12000009,South West,196350
2008-06-01,E12000009,South West,192614
2008-07-01,E12000009,South West,191188
2008-08-01,E12000009,South West,187519
2008-09-01,E12000009,South West,184041
2008-10-01,E12000009,South West,179934
2008-11-01,E12000009,South West,173457
2008-12-01,E12000009,South West,169172
2009-01-01,E12000009,South West,167438
2009-02-01,E12000009,South West,167215
2009-03-01,E12000009,South West,165684
2009-04-01,E12000009,South West,165385
2009-05-01,E12000009,South West,168112
2009-06-01,E12000009,South West,171781
2009-07-01,E12000009,South West,173667
2009-08-01,E12000009,South West,175509
2009-09-01,E12000009,South West,178055
2009-10-01,E12000009,South West,178549
2009-11-01,E12000009,South West,179440
2009-12-01,E12000009,South West,180306
2010-01-01,E12000009,South West,181839
2010-02-01,E12000009,South West,182535
2010-03-01,E12000009,South West,181922
2010-04-01,E12000009,South West,183875
2010-05-01,E12000009,South West,185803
2010-06-01,E12000009,South West,186550
2010-07-01,E12000009,South West,187835
2010-08-01,E12000009,South West,189327
2010-09-01,E12000009,South West,188980
2010-10-01,E12000009,South West,187399
2010-11-01,E12000009,South West,185013
2010-12-01,E12000009,South West,183123
2011-01-01,E12000009,South West,182406
2011-02-01,E12000009,South West,181130
2011-03-01,E12000009,South West,181050
2011-04-01,E12000009,South West,181691
2011-05-01,E12000009,South West,180882
2011-06-01,E12000009,South West,182891
2011-07-01,E12000009,South West,184599
2011-08-01,E12000009,South West,185275
2011-09-01,E12000009,South West,182896
2011-10-01,E12000009,South West,183152
2011-11-01,E12000009,South West,182349
2011-12-01,E12000009,South West,180895
2012-01-01,E12000009,South West,183323
2012-02-01,E12000009,South West,183044
2012-03-01,E12000009,South West,181525
2012-04-01,E12000009,South West,184271
2012-05-01,E12000009,South West,183733
2012-06-01,E12000009,South West,185129
2012-07-01,E12000009,South West,186786
2012-08-01,E12000009,South West,185340
2012-09-01,E12000009,South West,184995
2012-10-01,E12000009,South West,185136
2012-11-01,E12000009,South West,184755
2012-12-01,E12000009,South West,181353
2013-01-01,E12000009,South West,183206
2013-02-01,E12000009,South West,182642
2013-03-01,E12000009,South West,183856
2013-04-01,E12000009,South West,186599
2013-05-01,E12000009,South West,186128
2013-06-01,E12000009,South West,186532
2013-07-01,E12000009,South West,188269
2013-08-01,E12000009,South West,189653
2013-09-01,E12000009,South West,191153
2013-10-01,E12000009,South West,190381
2013-11-01,E12000009,South West,190595
2013-12-01,E12000009,South West,191692
2014-01-01,E12000009,South West,191343
2014-02-01,E12000009,South West,192051
2014-03-01,E12000009,South West,193627
2014-04-01,E12000009,South West,196976
2014-05-01,E12000009,South West,196985
2014-06-01,E12000009,South West,197646
2014-07-01,E12000009,South West,201750
2014-08-01,E12000009,South West,204353
2014-09-01,E12000009,South West,205994
2014-10-01,E12000009,South West,204759
2014-11-01,E12000009,South West,203453
2014-12-01,E12000009,South West,204203
2015-01-01,E12000009,South West,205000
2015-02-01,E12000009,South West,203000
2015-03-01,E12000009,South West,205000
2015-04-01,E12000009,South West,207000
2015-05-01,E12000009,South West,208000
2015-06-01,E12000009,South West,210000
2015-07-01,E12000009,South West,212000
2015-08-01,E12000009,South West,215000
2015-09-01,E12000009,South West,217000
2015-10-01,E12000009,South West,216000
2015-11-01,E12000009,South West,219000
2015-12-01,E12000009,South West,219000
2016-01-01,E12000009,South West,219000
2016-02-01,E12000009,South West,220000
2016-03-01,E12000009,South West,225000
2016-04-01,E12000009,South West,220000
2016-05-01,E12000009,South West,223000
2016-06-01,E12000009,South West,226000
2016-07-01,E12000009,South West,227000
2016-08-01,E12000009,South West,229000
2016-09-01,E12000009,South West,229000
2016-10-01,E12000009,South West,227000
2016-11-01,E12000009,South West,229000
2016-12-01,E12000009,South West,228000
2017-01-01,E12000009,South West,231000
2017-02-01,E12000009,South West,231000
2017-03-01,E12000009,South West,230000
2017-04-01,E12000009,South West,232000
2017-05-01,E12000009,South West,234000
2017-06-01,E12000009,South West,237000
2017-07-01,E12000009,South West,240000
2017-08-01,E12000009,South West,242000
2017-09-01,E12000009,South West,241000
2017-10-01,E12000009,South West,242000
2017-11-01,E12000009,South West,241000
2017-12-01,E12000009,South West,241000
2018-01-01,E12000009,South West,244000
2018-02-01,E12000009,South West,242000
2018-03-01,E12000009,South West,242000
2018-04-01,E12000009,South West,242000
2018-05-01,E12000009,South West,242000
2018-06-01,E12000009,South West,244000
2018-07-01,E12000009,South West,248000
2018-08-01,E12000009,South West,249000
2018-09-01,E12000009,South West,250000
2018-10-01,E12000009,South West,248000
2018-11-01,E12000009,South West,248000
2018-12-01,E12000009,South West,248000
2019-01-01,E12000009,South West,246000
2019-02-01,E12000009,South West,246000
2019-03-01,E12000009,South West,244000
2019-04-01,E12000009,South West,244000
2019-05-01,E12000009,South West,244000
2019-06-01,E12000009,South West,244000
2019-07-01,E12000009,South West,249000
2019-08-01,E12000009,South West,249000
2019-09-01,E12000009,South West,250000
2019-10-01,E12000009,South West,250000
2019-11-01,E12000009,South West,248000
2019-12-01,E12000009,South West,247000
2020-01-01,E12000009,South West,249000
2020-02-01,E12000009,South West,247000
2020-03-01,E12000009,South West,250000
2020-04-01,E12000009,South West,248000
2020-05-01,E12000009,South West,247000
2020-06-01,E12000009,South West,250000
2020-07-01,E12000009,South West,254000
2020-08-01,E12000009,South West,256000
2020-09-01,E12000009,South West,260000
2020-10-01,E12000009,South West,262000
2020-11-01,E12000009,South West,264000
2020-12-01,E12000009,South West,267000
2021-01-01,E12000009,South West,264000
2021-02-01,E12000009,South West,265000
2021-03-01,E12000009,South West,269000
2021-04-01,E12000009,South West,266000
2021-05-01,E12000009,South West,263000
2021-06-01,E12000009,South West,282000
2021-07-01,E12000009,South West,259000
2021-08-01,E12000009,South West,272000
2021-09-01,E12000009,South West,284000
2021-10-01,E12000009,South West,276000
2021-11-01,E12000009,South West,284000
2021-12-01,E12000009,South West,285000
2022-01-01,E12000009,South West,291000
2022-02-01,E12000009,South West,291000
2022-03-01,E12000009,South West,292000
2022-04-01,E12000009,South West,297000
2022-05-01,E12000009,South West,302000
2022-06-01,E12000009,South West,300000
2022-07-01,E12000009,South West,309000
2022-08-01,E12000009,South West,314000
2022-09-01,E12000009,South West,314000
2022-10-01,E12000009,South West,314000
2022-11-01,E12000009,South West,314000
2022-12-01,E12000009,South West,309000
2023-01-01,E12000009,South West,309000
2023-02-01,E12000009,South West,307000
2023-03-01,E12000009,South West,303000
2023-04-01,E12000009,South West,303000
2023-05-01,E12000009,South West,302000
2023-06-01,E12000009,South West,301000
2023-07-01,E12000009,South West,306000
2023-08-01,E12000009,South West,307000
2023-09-01,E12000009,South West,305000
2023-10-01,E12000009,South West,305000
2023-11-01,E12000009,South West,300000
2023-12-01,E12000009,South West,295000
2024-01-01,E12000009,South West,299000
2024-02-01,E12000009,South West,298000
2024-03-01,E12000009,South West,296000
2024-04-01,E12000009,South West,301000
2024-05-01,E12000009,South West,301000
2024-06-01,E12000009,South West,299000
2024-07-01,E12000009,South West,303000
2024-08-01,E12000009,South West,307000
2024-09-01,E12000009,South West,309000
2024-10-01,E12000009,South West,312000
2024-11-01,E12000009,South West,307000
2024-12-01,E12000009,South West,306000
1995-01-01,E92000001,England,50231
1995-02-01,E92000001,England,50130
1995-03-01,E92000001,England,50229
1995-04-01,E92000001,England,50597
1995-05-01,E92000001,England,50679
1995-06-01,E92000001,England,50733
1995-07-01,E92000001,England,50889
1995-08-01,E92000001,England,50606
1995-09-01,E92000001,England,50331
1995-10-01,E92000001,England,49892
1995-11-01,E92000001,England,49839
1995-12-01,E92000001,England,49965
1996-01-01,E92000001,England,49410
1996-02-01,E92000001,England,49601
1996-03-01,E92000001,England,49739
1996-04-01,E92000001,England,50352
1996-05-01,E92000001,England,50815
1996-06-01,E92000001,England,51071
1996-07-01,E92000001,England,51648
1996-08-01,E92000001,England,52028
1996-09-01,E92000001,England,51952
1996-10-01,E92000001,England,51862
1996-11-01,E92000001,England,52396
1996-12-01,E92000001,England,52640
1997-01-01,E92000001,England,52672
1997-02-01,E92000001,England,53060
1997-03-01,E92000001,England,53612
1997-04-01,E92000001,England,54361
1997-05-01,E92000001,England,55230
1997-06-01,E92000001,England,55836
1997-07-01,E92000001,England,56732
1997-08-01,E92000001,England,57356
1997-09-01,E92000001,England,57584
1997-10-01,E92000001,England,57637
1997-11-01,E92000001,England,58063
1997-12-01,E92000001,England,58125
1998-01-01,E92000001,England,58444
1998-02-01,E92000001,England,58214
1998-03-01,E92000001,England,58775
1998-04-01,E92000001,England,60109
1998-05-01,E92000001,England,60687
1998-06-01,E92000001,England,61026
1998-07-01,E92000001,England,61817
1998-08-01,E92000001,England,62071
1998-09-01,E92000001,England,61941
1998-10-01,E92000001,England,61805
1998-11-01,E92000001,England,61713
1998-12-01,E92000001,England,61912
1999-01-01,E92000001,England,62092
1999-02-01,E92000001,England,61861
1999-03-01,E92000001,England,62669
1999-04-01,E92000001,England,63869
1999-05-01,E92000001,England,64580
1999-06-01,E92000001,England,65550
1999-07-01,E92000001,England,66668
1999-08-01,E92000001,England,67694
1999-09-01,E92000001,England,68748
1999-10-01,E92000001,England,69179
1999-11-01,E92000001,England,70087
1999-12-01,E92000001,England,70878
2000-01-01,E92000001,England,71017
2000-02-01,E92000001,England,71405
2000-03-01,E92000001,England,72713
2000-04-01,E92000001,England,75186
2000-05-01,E92000001,England,75859
2000-06-01,E92000001,England,76729
2000-07-01,E92000001,England,77950
2000-08-01,E92000001,England,78839
2000-09-01,E92000001,England,78920
2000-10-01,E92000001,England,78609
2000-11-01,E92000001,England,78879
2000-12-01,E92000001,England,79487
2001-01-01,E92000001,England,79663
2001-02-01,E92000001,England,79539
2001-03-01,E92000001,England,80480
2001-04-01,E92000001,England,82554
2001-05-01,E92000001,England,83763
2001-06-01,E92000001,England,84953
2001-07-01,E92000001,England,86323
2001-08-01,E92000001,England,88117
2001-09-01,E92000001,England,88448
2001-10-01,E92000001,England,88901
2001-11-01,E92000001,England,89771
2001-12-01,E92000001,England,90629
2002-01-01,E92000001,England,90840
2002-02-01,E92000001,England,91276
2002-03-01,E92000001,England,93433
2002-04-01,E92000001,England,95692
2002-05-01,E92000001,England,98623
2002-06-01,E92000001,England,100844
2002-07-01,E92000001,England,103856
2002-08-01,E92000001,England,106529
2002-09-01,E92000001,England,107551
2002-10-01,E92000001,England,109405
2002-11-01,E92000001,England,112062
2002-12-01,E92000001,England,113279
2003-01-01,E92000001,England,114816
2003-02-01,E92000001,England,114952
2003-03-01,E92000001,England,116372
2003-04-01,E92000001,England,119186
2003-05-01,E92000001,England,121131
2003-06-01,E92000001,England,122126
2003-07-01,E92000001,England,124926
2003-08-01,E92000001,England,126416
2003-09-01,E92000001,England,126371
2003-10-01,E92000001,England,128294
2003-11-01,E92000001,England,129514
2003-12-01,E92000001,England,131221
2004-01-01,E92000001,England,131914
2004-02-01,E92000001,England,132447
2004-03-01,E92000001,England,134606
2004-04-01,E92000001,England,139024
2004-05-01,E92000001,England,141728
2004-06-01,E92000001,England,144951
2004-07-01,E92000001,England,147974
2004-08-01,E92000001,England,149891
2004-09-01,E92000001,England,150347
2004-10-01,E92000001,England,150455
2004-11-01,E92000001,England,151373
2004-12-01,E92000001,England,150954
2005-01-01,E92000001,England,149713
2005-02-01,E92000001,England,149748
2005-03-01,E92000001,England,150724
2005-04-01,E92000001,England,152323
2005-05-01,E92000001,England,153954
2005-06-01,E92000001,England,154903
2005-07-01,E92000001,England,156496
2005-08-01,E92000001,England,157142
2005-09-01,E92000001,England,156885
2005-10-01,E92000001,England,156384
2005-11-01,E92000001,England,157012
2005-12-01,E92000001,England,157901
2006-01-01,E92000001,England,157240
2006-02-01,E92000001,England,157572
2006-03-01,E92000001,England,158616
2006-04-01,E92000001,England,161569
2006-05-01,E92000001,England,163051
2006-06-01,E92000001,England,164498
2006-07-01,E92000001,England,166323
2006-08-01,E92000001,England,167681
2006-09-01,E92000001,England,168315
2006-10-01,E92000001,England,168931
2006-11-01,E92000001,England,169678
2006-12-01,E92000001,England,171862
2007-01-01,E92000001,England,171666
2007-02-01,E92000001,England,172207
2007-03-01,E92000001,England,173449
2007-04-01,E92000001,England,176281
2007-05-01,E92000001,England,178266
2007-06-01,E92000001,England,180161
2007-07-01,E92000001,England,182558
2007-08-01,E92000001,England,183472
2007-09-01,E92000001,England,183883
2007-10-01,E92000001,England,183823
2007-11-01,E92000001,England,183636
2007-12-01,E92000001,England,183515
2008-01-01,E92000001,England,181037
2008-02-01,E92000001,England,179448
2008-03-01,E92000001,England,178118
2008-04-01,E92000001,England,178550
2008-05-01,E92000001,England,179175
2008-06-01,E92000001,England,176883
2008-07-01,E92000001,England,175462
2008-08-01,E92000001,England,171355
2008-09-01,E92000001,England,167330
2008-10-01,E92000001,England,163571
2008-11-01,E92000001,England,158831
2008-12-01,E92000001,England,156533
2009-01-01,E92000001,England,153585
2009-02-01,E92000001,England,151964
2009-03-01,E92000001,England,150438
2009-04-01,E92000001,England,151724
2009-05-01,E92000001,England,153648
2009-06-01,E92000001,England,155344
2009-07-01,E92000001,England,158306
2009-08-01,E92000001,England,160128
2009-09-01,E92000001,England,161649
2009-10-01,E92000001,England,162688
2009-11-01,E92000001,England,163163
2009-12-01,E92000001,England,164408
2010-01-01,E92000001,England,164711
2010-02-01,E92000001,England,165457
2010-03-01,E92000001,England,165002
2010-04-01,E92000001,England,166919
2010-05-01,E92000001,England,167823
2010-06-01,E92000001,England,168675
2010-07-01,E92000001,England,170434
2010-08-01,E92000001,England,170706
2010-09-01,E92000001,England,170162
2010-10-01,E92000001,England,168152
2010-11-01,E92000001,England,166452
2010-12-01,E92000001,England,166202
2011-01-01,E92000001,England,164697
2011-02-01,E92000001,England,164101
2011-03-01,E92000001,England,163378
2011-04-01,E92000001,England,165687
2011-05-01,E92000001,England,164910
2011-06-01,E92000001,England,165071
2011-07-01,E92000001,England,167266
2011-08-01,E92000001,England,167428
2011-09-01,E92000001,England,166907
2011-10-01,E92000001,England,165385
2011-11-01,E92000001,England,165412
2011-12-01,E92000001,England,165046
2012-01-01,E92000001,England,164449
2012-02-01,E92000001,England,164432
2012-03-01,E92000001,England,164584
2012-04-01,E92000001,England,166680
2012-05-01,E92000001,England,167136
2012-06-01,E92000001,England,168713
2012-07-01,E92000001,England,169714
2012-08-01,E92000001,England,170066
2012-09-01,E92000001,England,169532
2012-10-01,E92000001,England,168445
2012-11-01,E92000001,England,168681
2012-12-01,E92000001,England,168440
2013-01-01,E92000001,England,166938
2013-02-01,E92000001,England,167304
2013-03-01,E92000001,England,168234
2013-04-01,E92000001,England,169850
2013-05-01,E92000001,England,170531
2013-06-01,E92000001,England,171916
2013-07-01,E92000001,England,173979
2013-08-01,E92000001,England,175271
2013-09-01,E92000001,England,175686
2013-10-01,E92000001,England,175003
2013-11-01,E92000001,England,175855
2013-12-01,E92000001,England,178011
2014-01-01,E92000001,England,177748
2014-02-01,E92000001,England,178769
2014-03-01,E92000001,England,179421
2014-04-01,E92000001,England,183399
2014-05-01,E92000001,England,185212
2014-06-01,E92000001,England,186892
2014-07-01,E92000001,England,189606
2014-08-01,E92000001,England,192042
2014-09-01,E92000001,England,192263
2014-10-01,E92000001,England,191952
2014-11-01,E92000001,England,191380
2014-12-01,E92000001,England,191986
2015-01-01,E92000001,England,192000
2015-02-01,E92000001,England,192000
2015-03-01,E92000001,England,192000
2015-04-01,E92000001,England,194000
2015-05-01,E92000001,England,197000
2015-06-01,E92000001,England,198000
2015-07-01,E92000001,England,202000
2015-08-01,E92000001,England,204000
2015-09-01,E92000001,England,204000
2015-10-01,E92000001,England,205000
2015-11-01,E92000001,England,206000
2015-12-01,E92000001,England,207000
2016-01-01,E92000001,England,208000
2016-02-01,E92000001,England,208000
2016-03-01,E92000001,England,210000
2016-04-01,E92000001,England,211000
2016-05-01,E92000001,England,214000
2016-06-01,E92000001,England,216000
2016-07-01,E92000001,England,218000
2016-08-01,E92000001,England,218000
2016-09-01,E92000001,England,218000
2016-10-01,E92000001,England,217000
2016-11-01,E92000001,England,218000
2016-12-01,E92000001,England,219000
2017-01-01,E92000001,England,219000
2017-02-01,E92000001,England,220000
2017-03-01,E92000001,England,219000
2017-04-01,E92000001,England,222000
2017-05-01,E92000001,England,224000
2017-06-01,E92000001,England,225000
2017-07-01,E92000001,England,228000
2017-08-01,E92000001,England,229000
2017-09-01,E92000001,England,229000
2017-10-01,E92000001,England,228000
2017-11-01,E92000001,England,228000
2017-12-01,E92000001,England,229000
2018-01-01,E92000001,England,228000
2018-02-01,E92000001,England,228000
2018-03-01,E92000001,England,227000
2018-04-01,E92000001,England,229000
2018-05-01,E92000001,England,230000
2018-06-01,E92000001,England,231000
2018-07-01,E92000001,England,234000
2018-08-01,E92000001,England,235000
2018-09-01,E92000001,England,234000
2018-10-01,E92000001,England,234000
2018-11-01,E92000001,England,233000
2018-12-01,E92000001,England,233000
2019-01-01,E92000001,England,231000
2019-02-01,E92000001,England,231000
2019-03-01,E92000001,England,229000
2019-04-01,E92000001,England,231000
2019-05-01,E92000001,England,231000
2019-06-01,E92000001,England,232000
2019-07-01,E92000001,England,235000
2019-08-01,E92000001,England,235000
2019-09-01,E92000001,England,236000
2019-10-01,E92000001,England,235000
2019-11-01,E92000001,England,234000
2019-12-01,E92000001,England,234000
2020-01-01,E92000001,England,234000
2020-02-01,E92000001,England,233000
2020-03-01,E92000001,England,235000
2020-04-01,E92000001,England,233000
2020-05-01,E92000001,England,234000
2020-06-01,E92000001,England,237000
2020-07-01,E92000001,England,239000
2020-08-01,E92000001,England,242000
2020-09-01,E92000001,England,244000
2020-10-01,E92000001,England,245000
2020-11-01,E92000001,England,248000
2020-12-01,E92000001,England,250000
2021-01-01,E92000001,England,250000
2021-02-01,E92000001,England,251000
2021-03-01,E92000001,England,254000
2021-04-01,E92000001,England,251000
2021-05-01,E92000001,England,251000
2021-06-01,E92000001,England,266000
2021-07-01,E92000001,England,251000
2021-08-01,E92000001,England,259000
2021-09-01,E92000001,England,268000
2021-10-01,E92000001,England,260000
2021-11-01,E92000001,England,266000
2021-12-01,E92000001,England,268000
2022-01-01,E92000001,England,270000
2022-02-01,E92000001,England,271000
2022-03-01,E92000001,England,272000
2022-04-01,E92000001,England,275000
2022-05-01,E92000001,England,278000
2022-06-01,E92000001,England,281000
2022-07-01,E92000001,England,287000
2022-08-01,E92000001,England,289000
2022-09-01,E92000001,England,290000
2022-10-01,E92000001,England,290000
2022-11-01,E92000001,England,290000
2022-12-01,E92000001,England,288000
2023-01-01,E92000001,England,286000
2023-02-01,E92000001,England,284000
2023-03-01,E92000001,England,280000
2023-04-01,E92000001,England,280000
2023-05-01,E92000001,England,280000
2023-06-01,E92000001,England,282000
2023-07-01,E92000001,England,284000
2023-08-01,E92000001,England,286000
2023-09-01,E92000001,England,284000
2023-10-01,E92000001,England,283000
2023-11-01,E92000001,England,281000
2023-12-01,E92000001,England,279000
2024-01-01,E92000001,England,278000
2024-02-01,E92000001,England,278000
2024-03-01,E92000001,England,277000
2024-04-01,E92000001,England,279000
2024-05-01,E92000001,England,282000
2024-06-01,E92000001,England,283000
2024-07-01,E92000001,England,285000
2024-08-01,E92000001,England,291000
2024-09-01,E92000001,England,292000
2024-10-01,E92000001,England,290000
2024-11-01,E92000001,England,291000
2024-12-01,E92000001,England,291000
