Region code,Region,Local authority code,LocalAuthority,01/12/1995,01/03/1996,01/06/1996,01/09/1996,01/12/1996,01/03/1997,01/06/1997,01/09/1997,01/12/1997,01/03/1998,01/06/1998,01/09/1998,01/12/1998,01/03/1999,01/06/1999,01/09/1999,01/12/1999,01/03/2000,01/06/2000,01/09/2000,01/12/2000,01/03/2001,01/06/2001,01/09/2001,01/12/2001,01/03/2002,01/06/2002,01/09/2002,01/12/2002,01/03/2003,01/06/2003,01/09/2003,01/12/2003,01/03/2004,01/06/2004,01/09/2004,01/12/2004,01/03/2005,01/06/2005,01/09/2005,01/12/2005,01/03/2006,01/06/2006,01/09/2006,01/12/2006,01/03/2007,01/06/2007,01/09/2007,01/12/2007,01/03/2008,01/06/2008,01/09/2008,01/12/2008,01/03/2009,01/06/2009,01/09/2009,01/12/2009,01/03/2010,01/06/2010,01/09/2010,01/12/2010,01/03/2011,01/06/2011,01/09/2011,01/12/2011,01/03/2012,01/06/2012,01/09/2012,01/12/2012,01/03/2013,01/06/2013,01/09/2013,01/12/2013,01/03/2014,01/06/2014,01/09/2014,01/12/2014,01/03/2015,01/06/2015,01/09/2015,01/12/2015,01/03/2016,01/06/2016,01/09/2016,01/12/2016,01/03/2017,01/06/2017,01/09/2017,01/12/2017,01/03/2018,01/06/2018,01/09/2018,01/12/2018,01/03/2019,01/06/2019,01/09/2019,01/12/2019,01/03/2020,01/06/2020,01/09/2020,01/12/2020,01/03/2021,01/06/2021,01/09/2021,01/12/2021,01/03/2022,01/06/2022,01/09/2022,01/12/2022,01/03/2023,01/06/2023,01/09/2023,01/12/2023,01/03/2024
E92000001,England,eng,England,55000,55000,55500,56500,57500,58000,59500,59995,60000,62500,64000,65000,66000,67000,68750,71000,74000,75495,78000,79995,82000,83500,86000,89950,92000,95000,99000,106000,114000,118600,123000,127476,132000,136000,142000,148000,151000,155000,157000,158000,159950,160000,162000,165000,168000,170000,173000,175000,178000,179950,180000,177500,173500,170000,165000,167000,174000,174950,175000,180000,185000,183000,180995,180000,180000,180000,180000,181495,183000,185000,185000,185000,188000,190000,191950,195000,198000,200000,205000,209500,212500,215000,219995,220000,224950,225000,229896,230000,235000,235000,237000,239950,240000,240000,240000,242000,245000,247842.5,249000,250000,263000,278000,290000,285000,281000,275000,269995,285000,295000,297995,299950,295000,290000,287500
E12000001,North East,E06000001,Hartlepool,38322.73,37895.45,37631.82,37394.32,38384.09,38404.45,38438.64,38122.73,38309.09,38886.36,38911.59,39951.82,39508.18,40608.64,41023.64,40072.27,41204.32,41847.05,41965.45,41953.64,41837.73,41772.5,41012.95,43010.45,43003.64,43217.73,46437.5,47395.45,48490.68,48869.32,51404.55,55578.55,60759.91,63897.73,67903.86,72597.73,73342.95,76290.91,80513.64,81974.09,86545.45,89482.09,92168.18,96561.36,99034.09,101356.36,104656.82,104272.73,107935.91,109888.64,109660.64,108965.73,107565.45,106202.73,102836.23,99136.36,99080.09,101257.09,101881.82,105386.36,104468.18,103413.64,102705.68,101400.91,97477.27,96529.55,95970.41,96454.55,101017.05,104498.77,102974.77,104861.36,103906.59,99878.64,100036.36,100042.73,100902.05,108172.27,109017.73,110097.73,109067.73,105067.73,104113.18,101736.82,101488.64,103656.82,104585.91,108220.45,111495.45,111927.27,110974.55,109598.41,110110.23,114040.68,115336.36,113858.86,114431.59,113304.55,114136.36,114954.55,114065.82,117738.64,121522.45,123107.14,124354.45,122331.45,121702.27,123181.18,127590.91,130174.5,131172.5,134679.45,129572.45,128565.86
E12000001,North East,E06000002,Middlesbrough,41160.26,41156.18,41170.39,41398.16,41327.89,41604.16,42176.71,42926.05,42939.08,42828.47,42162.58,41678.37,42313.63,42499.16,42346.05,43271.05,43100.11,43300,43240.79,42844.74,43326.05,43586.71,44249.87,44799.34,45782.16,46574.08,48515.53,50829.74,53166.32,55960.47,58047.24,62079.61,67386.45,71242.11,77596.84,85365.79,90414.89,93550.39,97347.24,97711.71,98074.47,100874.53,103339.21,105392.08,110281.58,113009.08,114944.61,116572.16,116213.53,116490.53,116118.32,114368.82,112174.47,110279,108232,107169.61,107003.76,106539.47,105228.95,105265.95,103080.39,102837.24,102714.34,102475,100802.63,99763.16,102310.84,102447.37,103105.26,104918.42,102406.58,100972.37,100266.97,101023.68,102838.03,102367.11,104072.37,105960.13,108095.92,109523.42,112406.18,112299.47,113138.95,114641.58,115834.11,117199.74,115491.47,115513.63,114378.68,117029.61,118765.24,117742.84,117683.55,117113.16,116051.97,117441.16,118223.16,118206.32,118097.76,117792.87,119331.68,122658.55,125461.26,127486.03,128894.29,129336.21,133555.47,135224.87,135906.29,138123.71,135444.18,135090.34,134933.95,134500
E12000001,North East,E06000003,Redcar and Cleveland,42087.37,42453.95,42801.32,41757.89,41970.13,42003.29,42043.29,42459.21,42526.32,43111.32,44048.16,44164.47,45032.37,44918.68,44841.84,44776.32,44455.24,44681.45,45741.82,46567.53,47864,47476.32,48398.68,49373.63,50186.68,51290.79,53078.03,56014.21,58544.47,59297.37,63851.32,67233.42,70843.29,74923.34,80491.11,87356.58,91108.95,96385.26,99860.26,101747.24,105340.53,105135.53,108326.32,112791.97,115987.63,118050,120854.21,123023.16,124693.29,125250.79,123749.74,119761.05,115460.08,113155.53,110945.39,111462.13,112544.74,114210.63,113630.26,111766.95,111020.84,110249.79,109815.58,111762.89,109263.05,108897.37,109741.05,110011.84,110496.05,110868.29,110977.32,112001.18,113156.18,113999.87,117286.29,116695.66,117405.13,119016.71,117590.39,119783.63,120923.55,120832.5,120059.29,120153.68,119100.92,118926.71,120023.29,119765.39,121115.13,121966.84,121894.47,121986.32,121501.18,122103.82,121656.05,120202.11,123209.87,124656.18,127248.42,129269.08,130590.66,133316.84,136965.87,140432.03,142118.21,142304.97,145733.68,148281.58,152316.79,153683.87,153984.47,153406.58,151381.58,151486.74
E12000001,North East,E06000004,Stockton-on-Tees,44559.83,44250.44,44372.94,44240.96,44880.44,44885,44918.56,45097.25,45236.38,45150.31,45577.5,45897.12,46269.04,47539.52,48351.63,48934.33,49407.4,49981.04,50596.92,51018.56,52529.96,52812.5,53692.88,54655.79,56242.12,58526.4,60880.5,62445.58,64467.31,66925.96,71125.19,76892.21,81146.83,84838.94,91543.94,99260.29,105978.46,109220.77,114639.04,116673.85,118040.23,118926.92,118599.04,122306.33,125732.5,128683.46,132974.81,134933.21,135171.12,133715.87,132335.23,130307.21,127699.71,127143.54,123646.44,120542.21,120865.1,120940.96,121510.19,122709.23,122937.31,121881.54,119121.6,119036.35,117581.54,117470.96,121072.6,122081.63,122788.17,122847.15,123424.23,122382.21,125300.48,126014.71,126841.06,128407.5,126677.31,127208.35,127318.94,128678.65,131265.96,131188.27,132883.37,133108.46,135339.23,137355.19,136871.15,137759.04,138188.08,137717.6,138235.38,138285.19,141143.85,142430.48,143884.23,145314.04,145548.96,144914.81,145156.6,143746.73,146069,149503.58,150859.42,153977.65,154223.9,153290.29,156716.87,160520.75,167725.65,170726.04,167982.63,169043.98,166456.15,163018.29
E12000001,North East,E06000005,Darlington,47000,46294.64,46455.36,47487.32,46679.82,47746.07,47969.29,49094.07,50540,50869.46,51294.29,52192.86,52137.14,51885.71,52089.29,52232.21,52864.29,53287.32,53989.11,54414.64,56083.57,57245.54,58198.21,59687.5,60353.57,61094.29,62658.93,65556.43,69413.93,74678.57,80446.07,86164.11,91121.43,95203.57,101844.64,107450,113135.71,116763.43,120435,120438.93,122353.21,123210.36,124976.25,126168.93,125151.61,126818.93,128650.82,132242.5,134529.14,135278.68,135333.93,132730.36,128369.64,126250,121746.43,121982.14,122764.29,123494.64,126567.68,123982.14,121589.11,124257.14,122033.93,117121.43,116625,114937.5,115146.43,116294.64,115654.64,116260.36,115733.21,116875,120982.14,122196.43,127175,128692.86,130298.93,130663.21,130854.82,131428.21,132550,131844.46,133489.29,134210.36,134778.04,136803.39,133506.79,132946.07,132674.61,132474.57,135015.71,137062.29,138174.79,138975,139871.43,140976.75,141121.25,141016.04,139817.32,139760.71,144981.96,149244.64,153424.29,153624.64,152713.93,154640.32,152308.75,160017.14,166054.46,163122.86,163091.43,160845.79,158339.29,158490.71
E12000001,North East,E06000047,County Durham,38825.81,39015.62,39343.52,39836,39937.92,39908.69,40129.15,40925.91,41523.14,41723.72,42294.04,42503.04,43371.27,43262.04,43924.42,44713.38,45618.75,46072.85,46380.92,47289,47301.02,46529.48,46956.46,47810.69,47976.41,48877.62,50459.85,51987.85,54126.53,56046.15,58946.12,63139.57,68301.58,72242.2,79319.04,85050.69,90690.59,95425.81,98159.38,100363.35,103027.81,103692.83,106103.38,107982.35,110030.15,110517.15,111978.57,111548.96,112073.62,112586.44,111798.22,112417.32,110229.01,109104.55,106170.85,104552.12,106133.05,107698.89,109207.2,110630.69,109007.99,106595.8,103888.42,101554.13,101171.93,100196.67,100814.05,101560.28,102096.13,102370.2,103265.73,102300.09,102959.35,103217.31,105192.43,106513.73,106501.24,106534.69,106922.73,106702,107878.19,107753.76,108140.36,109273.24,110150.12,111065.36,111820.12,112969.52,113395.54,113604.12,114443.38,115208.15,115087.18,116046.36,117490.95,117808.12,117723.73,118730.88,118044.22,118830.65,123233.16,125895.68,129196.58,131766.78,130319.66,129181.67,128197.04,130226.22,134428.65,134076.04,135527.12,134143.74,129312.88,130761.85
E12000001,North East,E06000057,Northumberland,50835.99,50608.68,50737.47,51562.13,52553.36,52921.76,53644.25,54190.37,55988.82,56573.33,57348.21,57888.03,58407.03,59495.76,60636.04,61870.39,63093.88,63833.88,64499.34,65416.78,66074.21,67297.24,68561.58,70557.11,72613.09,73724.74,76794.08,80302.5,85084.21,88593.36,94191.51,100614.04,108319.12,113450.14,120380.86,128045.99,133742.76,138474.93,141705.66,140781.79,143079.47,145226.28,149085.13,153021.78,155133.82,158752.7,161689.87,164647.37,169342.78,169124.09,169767.87,167620.3,161444.08,156709.21,149482.89,145092.11,147227.63,149629.61,152083.55,155096.58,153996.03,151158.03,151512.37,148149.64,145019.08,145106.45,144712.22,146417.07,147666.25,147922.76,148914.74,149179.36,151026.96,150783.49,152813.72,154993.75,155790,159327.57,160461.58,164159.67,165313.79,165624.87,166807.24,167390.53,168977.25,170220.2,169989.87,169720.86,166470.13,168335.86,170784.14,174210.53,176661.04,177523.42,176683.36,174900.82,174204.93,174913.99,174269.21,179297.97,187606.38,192722.63,198124.58,200136.17,197985.39,199539.34,198211.91,206733.03,215728.49,218621.87,222793.37,216373.36,209681.18,209013.03
E12000001,North East,E08000021,Newcastle upon Tyne,44008.09,43735.29,43036.03,42605.88,43556.07,43693.69,44755.79,45263.74,46054.1,46434.4,46873.38,47588.75,48479.63,48646.76,49687.94,51654.91,52500.44,52248.53,53502.21,54351.47,54781.62,56235.21,57668.68,60195.59,62524.19,63983.09,67488.9,71254.41,76010.87,80011,84127.94,89526.47,96609.41,101290.74,107727.21,114186.91,119513.24,121967.88,122596.32,121173.06,121270.57,123707.44,127712.43,131054.41,133495.78,137351.76,140615.35,142703.1,142217.26,141623.31,140698.31,140522.06,137916.03,134883.68,131941.52,128184.85,130342.5,130426.97,133810.05,132437.88,133599.1,134240.29,133210.71,132311.69,128614.71,128283.09,127504.26,126915.5,128566.15,129902.65,131737.5,132904.19,131287.87,133230,132763.9,134640.93,138224.85,138491.1,139756.74,144012.66,147166.54,148581.81,152578.46,151773.09,153301.4,155308.82,151287.25,151277.72,150943.99,151923.82,152080.44,153897.5,154490,153023.54,153876.75,153189.28,153806.99,154588.24,157407.9,161431.53,169979.01,176167.85,179554.41,177190.22,176120.44,174338.62,172042.79,179403.82,183661.25,184287.13,187852.91,187524,184765.22,183438.82
E12000001,North East,E08000022,North Tyneside,45076.37,44632.03,44453.63,45240.08,45606.58,46718.33,47225.8,48093.83,48632.07,48873.23,50379,50838.25,50828.83,51070.03,50873.27,52185.58,53417.53,54792.08,55680.65,55862.37,55857.92,56008.65,57409.58,58249.67,58299.83,59103.97,62032.42,66678.13,71747.5,75697.5,81632.67,88352.08,94650.67,99377.75,106792.83,114130.67,121231.15,124635.75,128169.17,127305.83,128831.5,130078.33,132179.1,134364.5,135672.53,136978.53,139499.9,141355,142148.25,142331.67,142581.92,139482.53,136199.3,133556.7,129280.83,128059.1,132350.83,132608.33,134950.83,137463.3,138744,137425.03,136278.92,134366.5,132948.17,133772.7,134028.05,134526.6,135934.42,136023.15,136745,136575.83,137487.5,138229.83,139649.92,142904.97,145516.67,147293.8,149382.17,150837.25,152064.92,150770.58,151199.83,154085.67,157184,161671.5,164961.42,165313.83,168265.83,168959.08,170967.33,170807.38,171000.33,174567.25,173801.67,175865.83,175809.92,175215.83,171956.5,173546.67,178082.85,183831.33,187471,189057.87,190825.75,191284,196119.17,203480,212110.05,216504.75,213593.98,216764.65,209060.83,206724.98
E12000001,North East,E08000023,South Tyneside,43923,43996.52,42907.5,43693.48,43694.02,44720.65,44926.96,45304.35,45484.5,45713.91,45871.52,46330.43,47218.39,47467.39,47867.39,47634.78,47417.39,46790.22,47205.48,48341.3,49664.02,50298.8,50565.22,52683.13,53601.09,53950.87,55481.41,57158.59,60175.98,62088.04,64989.13,71417.39,79295.65,84791.09,91281.52,95385.65,98062.83,101695.65,104483.37,107285.87,109085.87,109065,111666.3,114348.78,115133.48,117730.43,119008.35,119220.5,121404.24,121264.33,121450.07,120317.41,117082.28,116590.52,113949.76,112164.13,113710.76,114364.89,113517.28,114155.11,113302.17,113409.67,113265.22,106791.63,107124.2,105374.74,103456.67,107466.26,107955.87,109842.83,113151.85,113372.17,114731.09,115465.15,118246.09,120343.15,127163.59,128936.96,131277.07,131786.63,130517.07,129096.52,130127.5,130553.7,129337.39,130190,129322.39,127910.33,128681.09,129856.74,130464.78,135884.35,137203.04,136768.15,136911.85,135352.48,136183.7,136177.09,136503.07,137465.22,140235.33,144008.61,148023.26,149809.78,147486.85,147341.28,145320.54,148165.98,154173.8,155032.28,154873.37,153795.54,153704.35,153499.78
E12000001,North East,E08000024,Sunderland,40276.39,40040.9,40599.17,40848.89,41133.33,41234.47,41506.94,42349.31,42654.51,42713.89,43099.31,43352.78,43455.56,43768.13,44071.25,44027.32,45341.67,45727.64,46615.97,46334.67,46397.22,46582.03,47816.06,49409.38,50804.86,52404.17,53781.85,56067.93,59363.19,61725.69,67218.61,71622.07,77090.83,81609.58,86978.33,93499.36,98034.1,101886.81,103888.89,105992.22,106425.63,107211.57,109444.03,110117.64,111920.56,113153.4,114559.9,115500.21,115590.28,116041.18,115583.33,113849.97,111306.25,109550,107291.53,106128.47,108173.61,108094.44,107129.17,108604.6,108229.72,109498.33,108704.1,106876.32,105748.33,105354.03,104444.75,104639.24,106874.03,107055.72,107764.54,107074.03,107671.88,109243.33,111619.1,113825.9,115770.35,116103.13,117529.24,116757.29,116697.71,116243.36,117005.63,117421.03,119353.47,118389.18,117061.39,118999.79,118450,120265.68,123431.76,123210.36,124788,124214.92,123977.61,125076.39,125333.26,126268.78,125633.74,127103.89,130210.96,134522.92,137520.9,140268.06,140403.26,140156.94,140433.33,141271.21,144834.14,146227.99,146072.78,143073.13,141132.92,139987.36
E12000001,North East,E08000037,Gateshead,38817.59,38625.74,38337.96,39099.46,39821.3,40884.26,41405.93,41007.41,41273.15,41509.26,42275.93,43439.81,44328.7,44419.04,44747.04,44620.37,44753.63,44951.85,45410.17,46285,47544.07,48471.11,49157.22,50793.13,51188.24,52493.8,57439.81,60658.24,63715.74,65950.74,71108.24,76334.26,83712.04,87674.07,94386.11,100436.11,105517.59,107343.52,107961.98,108615.74,110128.7,111065.74,113588.8,116192.33,116159.17,117342.59,118994.17,120633.33,120947.67,122067.59,122342.56,120096.76,118414.81,118477.78,114868.89,114610.93,117807.96,115849.07,117351.24,116473.8,117083.33,116850,116696.11,116428.61,113432.78,112769.81,111022.06,111950.37,112797.5,115509.59,118588.89,119584.91,120495.37,120890.93,120187.78,120902.78,121675.93,123538.7,124922.09,125440,126181.94,124447.13,127113.89,126827.59,126923.15,126379.44,127425,127359.26,131300.65,134879.35,134562.04,136171.2,134855.19,135708.7,136068.15,137217.22,135311.02,135341.48,136750,139002.78,145796.11,152361.46,153650.93,152084.35,148914.07,145459.72,147455.93,148564.54,153486.06,158012.59,157611.94,159497.78,156585.93,152218.43
E12000002,North West,E06000006,Halton,43792.81,43973.44,43931.25,43451.56,44225.94,44757.5,45812.25,46691.5,46425.09,46093.41,46334.53,46556.88,47600,48409.06,47732.19,49185.94,48959.22,50053.13,51805.94,51807.88,52432.66,52793.59,53021.88,55668.28,55725,57853.13,60431.25,63967.19,66642.19,68928.75,71661.38,75898.44,80640.16,85245,90038.75,97404.69,103642.19,107737.72,111670.31,112699.81,113109.06,115106.25,115635.63,115684.38,117892.19,117657.81,117983.09,119551.09,120577.56,120890,121531,121904.59,119537.19,117489.06,114411.78,111143.5,111285.94,110956.47,112603.75,112754.69,115867.19,115687.5,112122.19,111073.34,109795.16,108564.06,110357.5,110604.69,110203.13,113296.88,114679.22,116093.28,116171.25,116200,118405.94,119731.25,120636.56,122059.06,121936.88,123538.75,124171.41,126230.78,127449.84,129296.25,131926.25,131229.22,132809.03,132333.91,133046.56,134752.81,132890.16,132731.09,132671.72,138176.25,139824.69,143062.19,148318.59,148046.25,146091.88,146263.75,148656.25,153718.44,157000,159640.47,160140.47,158828.13,158648.44,165571.88,172693.75,176468.75,180953.13,179750,176098.44,174142.19
E12000002,North West,E06000007,Warrington,56491.8,56091.68,56677,55626.7,56537.9,57449.2,57991.9,58914.88,59416,59976.8,61247.8,62641.9,63396.7,63848.1,63850.8,64910.5,66039.9,66736.8,70255.5,72635,75994.46,79319.2,82421.92,85512,88492.04,90161,92930,98881.8,104059.9,107209.9,111487.3,116599,122141.9,125437.5,131565,138297.8,143693.7,147083,151108.5,153105.8,154075.8,152880.9,154798.8,157457,158900.26,161885.52,165226.8,167358.62,166289.6,167502.5,166178.4,163645.9,159165.2,154483.8,144666,140514.8,144485.96,147951,151558.6,154927,156098.8,156164,153383.7,153568.8,154663.8,154452.9,155698.7,156092.9,155940,155584.6,154309.64,155257.58,158577.72,159246.56,160608.8,163681.52,163705.8,165587.8,169096.48,170518.24,174126.4,175590.9,176491.1,179631.8,181057.7,182562,186691.9,185299.8,186462.8,187574.9,187225.8,191070.8,194204.66,196223.9,199297,199896.7,202374.7,205644.8,206924.3,209709.9,217617.7,224471.52,228719,230142.9,230362,231120.6,235832.1,247779.78,257462.54,262053.7,269233.7,265997.8,263453.28,259300
E12000002,North West,E06000008,Blackburn with Darwen,36251.39,35651.39,35152.83,35308.92,35591.53,36149.44,36709.72,37350.69,37484.72,37709.72,37468.61,37754.17,37544.31,38075,38644.44,39170.56,40377.83,41260.97,41538.33,41726.03,41137.36,41278.89,41797.22,42506.81,43643.06,44152.78,45069.44,46863.89,49148.61,50490,52631.81,55376.25,58402.78,61858.33,66466.67,72415.14,76780.56,81067.78,84112.36,84976.03,88177.5,90645.56,93469.44,97052.5,100655.64,103648.47,105847.22,108519.44,110952.5,110966.39,111765.28,110438.89,107631.81,107230.5,102786.11,100160.14,101191.53,100694.44,102497.22,104804.17,104412.11,103359.72,99632.17,98867.5,98377.19,99176.39,99561.11,99319.31,99927.78,99125,97045.83,97734.44,97436.53,98380.56,100108.33,101126.67,102081.94,102144.44,100340.86,101483.19,101097.22,99503.06,100986.11,102122.22,103541.67,105541.67,107931.94,107620.83,109530.56,108859.72,110635.83,112252.5,113352.5,114963.89,115485.83,116781.83,117861.11,119138.86,119090.28,120805.78,124545.83,127983.33,131575,136804.03,138201.11,138106.94,136309.72,138855.56,143010.83,148233.19,151360.69,150598.53,148432.03,140411.94
E12000002,North West,E06000009,Blackpool,40605.26,40391.84,39911.71,39701.18,39232.63,39148.42,39844.34,40393.42,41063.16,41297.37,41601.05,41818.29,42378.55,42846.05,42976.05,43401.05,44135,44306.95,44573.42,45482.89,45884.21,46428.95,47063.16,47642.11,48483.32,49692.63,51747.37,54497.37,57935.53,60717.11,65007.89,69374.74,73515.79,77915.79,84115.79,90209.21,95463.16,99388.16,102639.71,104610.53,105734.21,107198.68,109503.82,110586.58,112318.16,114106.89,115393.42,116563.16,117272.37,116193.05,115945.92,115128.95,112709.21,110146.05,104822.53,100725.16,101177.79,101093.89,100732.89,102526.97,102552.63,101144.74,99442.11,97196.05,94934.21,94088.16,93506.58,91593.29,90493.42,89461.84,89086.84,90813.16,92341.84,93472.37,93476.32,95022.37,96463.39,96300,96338.16,96223.68,98030.26,98440.79,100089.47,100843.42,101052.63,101997.37,103403.92,104893.42,106328.68,107852.63,106638.16,106303.95,105788.16,105584.21,106013.16,107826.32,110506.58,110640.79,111348.55,112455.26,111443.42,114641.84,115510.53,119025.66,121598.68,124450,126322.37,127606.58,130105,130592.11,131305.26,130340.79,129414.47,128761.84
E12000002,North West,E06000049,Cheshire East,64298.16,64497.29,64433.66,65047.98,65507.84,66288.18,67216.84,69354.3,70713.56,71518.28,73461.54,73720.91,75385.96,76623.08,76863.75,80733.89,83086.92,84217.31,86090.38,88137.69,91383.61,93590.38,97022.1,99560.96,101707.69,102637.98,106943.75,113209.59,118736.49,123660.43,131925.66,139064.81,144916.2,148938.41,154123.01,162763.13,168467.58,172014.95,175445.62,175478.5,176241.59,175796.35,176596.49,180736.33,185941.68,191022.78,191609.62,195968.13,199201.06,200285.96,202539.46,202114.52,196554.28,191162.84,178783.1,174186.03,176206.73,179490.34,185224.52,188659.18,190799.42,189479.71,187023.65,184700.48,183567.13,182256.47,181751.42,183351.3,184421.54,187217.21,186956.97,186837.48,186150.87,187758.56,193155.72,197662.24,201117.02,203518.94,204499.79,209304.57,212886.5,214447.12,220099.57,220575.88,224249.57,228359.42,232111.38,238167.42,239669.85,242098.08,243654.2,243739.81,248184.47,248457.21,251184.68,253911.94,256497.74,258227.33,256796,261071.97,269151.17,279114.09,287966.59,287602.94,286919.18,285988.75,288228.36,299872.32,307693.89,310845.76,308472.5,308214.42,301106.53,301741.59
E12000002,North West,E06000050,Cheshire West and Chester,58867.5,58833.98,59235.28,59158.36,58814.79,59079.94,59433.16,61505.17,63187.73,63917.66,64805.27,64876.39,65621.91,65848.65,66982.27,69052.66,71039.46,72251.28,74790.27,77631.23,80173.18,82117.5,84107.45,87370.16,89377.87,91647.34,95360.53,99944.95,104332.45,108620.64,113951.82,118963.5,124196.06,129330.86,136410.53,146193.62,151847.91,155822.87,158101.73,157447.15,158890.37,160547.27,160972.71,161777.11,164620.59,166943.35,170605.95,173552.53,176655.35,176971.74,174905.83,173901.01,170068.03,168022.11,165101.43,161604.63,161204.52,163299.57,167686.97,170368.74,169998.22,168111.74,167247.56,164573.99,163290.59,164442.43,164359.04,164199.22,165148.79,164781.26,165027.59,167208.88,169759.36,170665.9,173568.56,177072.68,180086.8,182405.56,182769.68,185436.12,187894.95,188785.9,191950.11,195397.33,194934.57,196736.12,195467.02,198824.95,201774.47,204160,205745.72,206944.32,210787.66,210978.04,215052.61,214342.4,214629.56,215876.27,212647.13,217191.6,221919.31,228548.03,234802.83,236176.17,239287.82,241997.61,246559.73,256058.4,261029.41,265472.6,269013.62,263412.71,264465.64,262143.56
E12000002,North West,E06000063,Cumberland,44087.12,43766.59,43719.55,44417.88,44627.12,44959.73,45292.18,45503.03,45999.73,46402.27,46713.64,47274.44,47445.38,47418.11,48218.56,48759.09,49676.21,50556.8,50750.76,51522.58,52484.77,53221.06,53854.32,55173.41,55383.86,56003.03,57514.92,59889.39,63173.48,66083.94,70038.67,75229.17,80515.33,84690,91296.21,98359.7,104473.24,107990.15,113027.33,114172.95,117321.91,118967.27,119439.55,122920.91,125247.73,127945.61,131991.59,134486.06,136616.82,137408.79,138342.27,137124.85,132541.67,130715.08,126105.76,125830.15,127977.17,128436.36,131995.3,133752.2,133099.77,134534.45,133592.73,130605,129742.35,129731.67,128505.14,129673.89,130098.33,129701.29,130092.95,130861.29,129007.71,131128.71,131498.11,133060.91,135448.48,135193.94,134511.52,134080.3,134065,134290.73,135706.05,137950.61,137469.62,139082.85,140443.79,141931.79,142024.08,143190.08,143543.2,143965.68,146061.21,146686.97,146847.58,148949.24,149103.64,149590.27,151771.21,151505.97,155628.79,160438.48,162973.27,163165.76,160362.64,157547.42,158688.18,164455.15,172824.74,174817.85,175043.18,172348.33,169855.83,167804.7
E12000002,North West,E06000064,Westmorland and Furness,51774.19,51684.68,50854.68,51111.77,51694.27,52423.79,53917.13,55336.08,56156.44,56949.23,57787.1,58293.55,59768.15,59423.39,60986.29,61979.84,62513.48,63483.05,64397.58,66641.05,68442.74,69477.42,73191.94,76041.94,77620.97,79477.42,82608.06,86659.68,91310.48,95783.06,102158.87,107865.26,115419.35,121748.61,129050,139091.13,144616.13,148272.58,153026.94,153592.15,156228.31,157856.45,158883.87,163223.23,166147.98,170334.68,174271.77,177798.39,180232.1,181139.52,184065.53,183870,183098.29,173591.94,166637.9,167204.84,167817.74,170616.94,174666.13,175649.19,174903.23,173611.29,172129.03,169592.74,165673.79,165153.23,166550,165488.47,166916.45,166300.32,165365.79,168659.66,169843.53,170603.13,171723.34,172445.06,173865.32,174844.27,177682.26,178203.23,180539.52,183155.65,182850.81,185692.74,184967.58,183230.48,187489.48,188835.84,191844.11,193973.11,194610.48,196337.82,196202.34,196023.39,198410.32,201427.42,201507.9,203547.42,202645.97,201597.58,213690.37,223463.47,230464.52,230537.74,230515.32,231232.26,231951.37,248115.66,251103.23,252838.71,252354.03,247062.9,248262.71,250314.32
E12000002,North West,E07000117,Burnley,35672.5,35039.58,34327.08,34531.25,34058.33,34558.33,35264.58,34984.38,36497.5,36701.88,37304.17,37983.33,37924.96,37937.5,37541.67,37883.33,38287.08,38914.38,39293.54,38849,38312.5,38753.75,38308.33,40131.25,39324.58,40398.75,41904.17,39454.17,41419.58,42822.71,44962.5,46978.75,49637.5,51647.92,54514.38,59193.75,61657.71,61924.33,66914.58,69067.79,72283.33,75287.79,78561.33,82583.33,85122.92,88468.75,90768.75,93612.5,95062.5,96141.67,95621.67,94550,92691.67,90774.83,87516.79,88372.92,89187.5,89045.83,91160.42,89895.63,90326.88,89266.25,84270.83,82475,82997.83,84645.83,84541.33,85933.33,89009.29,86691.67,83572.92,82847.71,81083.33,82629.17,86350,89445.33,90906.04,91891.67,91162.5,87561.67,87887.5,89680.63,88499.17,92154.38,91332.5,91693.63,91916,91959.75,96507.5,97266.25,97103.75,97767.92,96561.67,95603.33,96955.63,97279.08,97768.46,100082.21,100540.83,104485.13,109240.08,111541.08,111624.58,115541.58,119416.04,121832.92,125074.54,128138.33,132103.96,130872.33,132705.58,130082.29,127416.38,127332.92
E12000002,North West,E07000118,Chorley,46323.21,46757.14,47214.29,48575,49244.29,49909.86,50856.61,51344.29,52398.21,53132.14,53605.36,54600,55723.21,56313.93,56392.86,58028.57,59337.32,60265.71,62056.79,62839.29,62821.07,62245.89,62310.54,65240.89,66551.43,68527.68,70894.64,74437.32,79657.14,83288.93,90406.96,98355,104526.39,107463.57,112558.75,120395.18,125147.32,130460.71,134248.21,135578.93,134302.46,132669.21,132975,135119.29,139417.86,141942.86,144801.43,145453.57,146182.14,146423.21,148344.29,147791.39,144801.64,142926.79,143088.75,139906.79,142251.11,144478.04,142922.5,144425,144437.5,145449.64,144569.46,146374.64,146837.14,145692.5,147392.5,146380.36,147802.86,148659.82,146800,148676.25,145513.57,144492.5,147976.61,151228.75,154408.39,158884.46,163272.32,166113.04,169884.29,163885.36,164301.25,168549.64,168819.64,173916.96,173068.93,169607.57,169678.21,164892.86,166303.21,164642.5,165606.43,168802.86,172888.93,178220.71,181228.21,185685.25,182960.18,186374.29,189456.43,193535.71,201392.61,200658.75,197458.93,197285.71,192742.64,196428.39,205273.21,208785.71,210514.29,213663.39,215232.14,217214.29
E12000002,North West,E07000119,Fylde,54302.78,53563.89,54819.44,55675,56466.67,57149.72,58472.22,59397.22,60652.78,61183.33,61077.78,61111.11,62113.89,62301.06,64358.33,66330.56,67375,66886.11,68511.11,70906.56,72225,73083.33,73766.67,74110,75630.56,77636.11,81150,88791.67,98672.22,105822.22,110656.11,115663.89,119855.56,122436.11,133444.44,144769.44,150972.22,155469.44,162213.89,161713.89,161383.33,162611.11,164802.78,168392,173049.44,172800,173287.72,173902.78,174619.44,176772.22,175525,175000,170438.89,169166.67,173016.67,168722.22,166711.11,168166.67,166969.44,169138.89,174800,169233,171050,167383.33,161980.56,163186.11,160050,154555.56,160911.11,162638.89,162361.11,163852.78,164413.89,164722.22,164691.67,166358.33,169166.39,172691.11,180019.17,178805,182277.78,184663.89,187822.22,192161.11,192432.22,194165,192679.72,196133.06,194213.61,195605.56,197275,197091.11,197827.78,195552.22,199278.11,201582.5,203130,205058.33,206844.44,213996.11,224407.78,230758.06,238019.17,233271.67,231300,230243.61,226799.44,241965.56,245249.17,250661.22,251383.33,248508.33,239244.44,230663.89
E12000002,North West,E07000120,Hyndburn,34302.78,33297.22,33191.39,32522.22,33490.56,34119.44,34533.06,35030.56,35177.78,34405.56,35160.67,35125,35635.56,36116.67,35952.22,36708.33,37125,36822.22,37122.22,36922.22,37041.67,37263.89,38277.78,38019.44,38246.94,38547.22,39102.78,40463.89,41085.56,41138.89,42850,43383.33,45466.67,49769.44,53028.89,58668.89,62494.17,66327.78,70047.22,74186,76416.11,78051.94,81384.11,83911.11,86533.89,89000,92777.78,95538.89,98191.11,99938.89,100800,98983.33,97250,95636.11,90805.56,87080.56,90594.44,89472.22,89191.67,90988.89,89325,90805.56,90425.78,88258.61,89788.94,89219.44,89638.89,89861.11,89311.94,89250,89491.67,90361.11,90500,90266.67,89605.56,92333.33,92472.22,94638.89,93080.56,93022.22,94352.78,92994.44,98983.33,99830.56,100050,100858.33,98000,98961.11,101547.22,100332.78,101716.11,102832.78,102527.22,104580,104457.22,106302.5,109693.89,112471.39,112471.39,111582.72,108777.78,110944.44,114275,120046.67,122388.89,126580.56,127105.56,129500,132083.33,133197.33,135336.17,129861.11,128708.33,127722.22
E12000002,North West,E07000121,Lancaster,46779.78,46744.31,46644.44,46527.78,46588.89,46491.67,46645.83,47831.94,47429.17,47583.75,48369.44,48904.44,48941.53,49483.06,49805.56,50788.75,53966.67,54951.39,54884.72,55018.06,56013.89,56026.39,57633.33,59481.94,60988.89,62563.75,64520.83,67958.33,73398.47,78048.33,83391.53,89563.89,95751.39,101211.11,110011.11,116508.33,122667.5,126411.11,129352.78,130311.11,130885.28,131730.42,134012.22,134758.78,137719.44,141086.11,142059.72,146466.47,150509.72,150115.28,151828.67,148765.28,142878.22,139611.89,134165.25,134425,135847.22,138906.94,142108.33,143583.33,142629.47,139448.06,136740,133552.78,131051.39,133968.06,135647.22,136340.28,138594.44,137731.89,137832.28,139150,140140.61,140651.39,142593.06,145719.44,146631.83,146595.67,147642.08,149412.47,150937.36,154323.61,156871.94,156149.58,156869.17,155555.56,157481.42,155980.28,158059.44,160068.86,158741.53,161583.19,162841.53,163165.14,164005.28,163276.25,163869.44,164476.25,163881.67,168036.11,172080.56,183016.39,186227.72,183078.89,182706.94,181623.61,183425,189777.78,197694.47,201041.72,200504.19,202690.28,203068.06,205126.39
E12000002,North West,E07000122,Pendle,32041.67,32141.67,32225,32435.42,31839.58,31197.92,31454.17,32677.08,34602.08,35123.75,35275,34145.83,34060.42,34341.67,33725,34062.5,35575,36787.5,37966.67,38422.92,37687.58,37001.46,38575,39177.08,39766.67,40414.58,39941.67,39862.5,39380.38,40839.58,43789.58,46273.75,51737.5,53950,58302.08,63029.17,65704.17,69553.5,71454.17,72443.75,75254.17,79312.5,83806.25,87991.25,92822.71,94927.08,99136.46,102828.75,104116.25,105839.58,104693.42,102041.67,100287.5,99541.67,96320.83,96545.83,91854.17,90324.13,90333.33,90393.75,89854.17,91226.25,90562.5,90333.33,86250,85412.5,85916.67,84829.17,86062.46,87683.33,87360.42,86239.58,87641.67,88250,89496.67,92700,92664.58,92454.17,92445.83,90470.83,90956.25,93253.96,95925,98493.75,101258.33,101291.67,100418.75,103352.08,105318.75,107397.71,107539.58,105430.83,109537.5,108433.33,109920.42,110749.58,111249.17,112916.25,115572.71,115412.5,121016.63,127258.71,131122.71,133829.17,132802.08,128645.75,128258.33,130141.67,133075,136462.5,137702.08,136497.92,134462.5,133454.17
E12000002,North West,E07000123,Preston,47451.47,47052.76,47688.29,47170.59,48467.65,49214.53,48466.18,49410.35,49244.15,49835.29,50690.18,50673.53,51170.59,51001.47,51192.65,51949.71,51745.88,51797.71,52596,53098.53,54477.21,54982.06,56823.56,59038.24,60804.41,62285.59,63641.03,66985.29,69768.82,73620.59,78716.18,84166.91,91097.06,94520.59,100138.24,107625,113327.94,118048.53,121629.24,123740.88,125409.79,123566.18,127076.18,131198.24,133901.18,137737.65,139176.47,143333.82,147218.97,146646.68,143188.24,139208,130491.24,129912.82,129288.88,128305.88,129234.53,129086.76,131601.32,131117.65,128651.88,124227.29,120759.65,120744.94,122013.24,126498.53,126574.26,126660.29,125875,124147.06,123542.65,123852.94,124895.59,123775,125569.12,127145.59,125397.06,129088.24,128896.76,130249.71,131161.47,133389.26,132897.06,131511.76,133530.32,130380.88,133405.74,137691.91,139040.88,141064.41,140526.03,139261.76,139419.85,139358.24,139891.76,139521.47,139808.38,141830.15,142445.44,142142.65,147216.18,149776.18,153961.47,157645.59,158942.65,162711.41,164411.47,167596.76,168954.26,171343.74,172777.94,171964.12,176138.53,171633.94
E12000002,North West,E07000124,Ribble Valley,59965.63,59665.63,59109.38,58684.38,58640.31,59462.5,62725,65237.5,66462.5,66521.88,65009.38,64428.13,66893.75,64540.63,67696.88,69462.5,69900,72000,72650,72671.88,73000,75442.19,80871.88,84054.06,86428.13,89793.75,93490.63,98237.5,105393.75,105671.25,111322.5,119859.38,127106.25,137448.25,148625,158293.75,166275,168562.5,171246.88,172906.25,175531.25,175481.25,182656.25,185006.25,183900,188993.75,187840.63,190781.25,195587.5,197171.75,198000,195778.13,200934.38,193625,187500,176281.25,178562.5,175812.5,178312.5,187687.5,191137.5,192062.5,194034.38,196510.13,192343.06,194665,196280.94,185840,185968.75,188468.13,186440,196883.44,194125,197437.5,199746.88,194087.5,191875,190593.75,193500,196915.63,207899.38,202875,205562.5,208906.25,208399.69,217236.88,214496.25,218052.81,219943.44,219073.69,220561.56,221437.19,221898.44,225370.94,230561.25,238499.06,246682.63,256404.38,247530,250286.25,252005.94,250998.75,264935.94,265030.31,262810.94,270710.63,265624.38,273272.5,275736.25,279895.31,282780.31,271499.38,271368.75,264468.44
E12000002,North West,E07000125,Rossendale,38706.25,38731.25,39212.5,38081.25,37515.63,38340.63,39025,39775,41805.94,42852.5,43484.38,44940.63,44762.5,45390.69,45465.44,44828.13,45225,44837.5,45234.38,45896.88,46015.63,45312.5,46186.88,49428.13,50405.63,52665.63,53905.31,54612.5,56212.19,58702.5,62356.25,68587.19,72146.25,75217.81,81912.19,86805.94,92096.88,97428.06,104493.75,107205.63,108400,105803.13,106243.75,108562.5,107232.5,111075,114956.25,117960.94,121649.69,122271.88,121340.63,122590.63,119296.88,116968.75,114056.38,110765.81,113243.75,114215.63,113187.13,113034.38,110987.5,111031.25,112437.5,114012.5,114303.5,115090.63,115100,110547.25,109874.5,105368.5,107868.25,108278.13,115809.38,116655.63,114934.38,118156.25,120996.88,121249.69,122375,122609.38,123375,124871.88,126650,127062.5,129625,132289.69,133278.13,134218.75,136312.5,132593.75,134250,136309.38,137156.25,141250,143140.56,143687.44,141531.25,141812.5,142937.5,146712.5,154140.63,165031.25,174875,177875,176375,176000,174250,180562,192718.13,190434.06,194374.38,187121.25,180718.13,179562.5
E12000002,North West,E07000126,South Ribble,49052.65,49070.44,49443.97,50255,50262.94,50106.71,50617,50716.91,51307.35,52402.94,53815.44,55260,55995.59,56178.82,56473.21,57789.71,59495.74,60130.59,60033.24,59782.06,59676.18,61124.56,62900.74,64842.79,67529.12,69458.68,72392.5,76395.29,82061.12,86804.41,91845.44,98357.21,105235.15,110083.82,115894.12,121755.88,128173.53,131520.44,136532.06,138913.09,135511.76,136801.18,137818.24,138968.68,142502.94,143735.29,146996.76,149988.24,151932.56,152564.44,152413.24,151168.88,145330.53,141920.47,136873.53,136748.53,137129.41,138721.18,142773.53,143479.41,145308.82,148612.5,143924.85,141885.29,139720.59,138524.71,140052.94,136274.85,135877.94,134420.59,134507.35,137397.06,139496.91,142011.12,146555.88,147336.62,151323.24,153441.06,151231.76,151452.5,152117.35,151027.65,151247.65,152376.18,153133.47,154573.09,156404.12,159437.94,161319.12,163673.53,161572.06,161145.59,164086.76,163173.26,165792.5,166543.68,165816.03,167470.15,169654.41,175498.68,182571.62,188674.26,191321.91,194882.21,193590,192242.59,194542.5,198499.44,207955.41,211437.91,215305.62,214484.38,205504.41,202233.82
E12000002,North West,E07000127,West Lancashire,52186.67,52283.17,52780,53564.97,54537.5,55340,56885,55780,57960,58444.93,59761.67,61818.27,62558.17,64660,66959.67,67286.67,68076.67,67498.33,67160,69130,71428.33,73321.67,75156.33,76291.67,76601.67,79736.67,82103.17,86844.67,92771.33,95522.67,100983,109698.17,117068.53,120960,130071.67,138309.67,143143,148789.33,154486.33,151320,151488.33,149896.67,148516.33,152266.67,155893.33,157176.67,163196.33,165698.33,166951.5,168125,167080,165763.33,166125.7,162049.8,154628.33,156761.63,155742.93,155016.47,156221.33,160801.13,155733.17,157395,157758.33,146791.27,152998.33,150629.67,152996.7,157296.67,155051.6,153424.77,153016.33,151571.6,154099.67,151666.33,150183,153991.13,155615,158665,162446.47,164046.1,163432,166532.5,167400,174006.3,175144.83,173549.27,173516.33,172099.67,173259.67,176731.33,177377.83,179763,181874.33,182379.33,183047.5,180397.5,184798.83,186158.67,189140.5,192330.5,199055.5,208015.33,211598.67,213812.83,213343.07,212624.73,210420.73,218066.17,217735.63,227716.33,226115.67,228140,226935.5,224357.33
E12000002,North West,E07000128,Wyre,52777.36,52545.21,52723.21,52472.68,52930.18,53538.93,54062.14,55042.86,54844.64,55083.93,56171.07,55501.43,56409.82,56960.64,57821.43,59328.57,61476.79,62003.57,63616.07,65560.71,67021.43,69823.04,70178.21,72171.07,72919.29,72562.14,76817.68,81890.89,87748.21,91851.43,95606.86,101546.07,109905.36,115264.11,118710.71,124387.5,130110.36,136900,141101.79,146014.29,147282.14,147123.21,149426.79,153317.86,153873.21,155793.21,158046.43,158640.71,160710.36,160408.93,159873.57,160993.86,156023.21,155533.93,144383.93,140517.5,143351,143148.04,143835.71,147430.18,144553.57,144785.54,143669.29,141735.07,140063.93,141425.21,140571.25,139624.64,140699.82,140848.04,139410.93,140785.54,139264.11,140301.43,142761.43,144304.82,147158.21,146069.46,146964.29,146851.61,148053.21,148550,148994.29,153481.61,155339.29,157232.14,160781.79,160374.82,163699.64,164069.18,164171.21,163105.07,163476.79,163097.82,161655,163937.14,166153.57,170121.07,174208.79,175980.36,182944.11,184356.96,188513.93,190480.18,190136.07,191167.36,190908.21,195165.36,200685.18,203184.29,206077.86,205928.04,202569.11,195462.5
E12000002,North West,E08000001,Bolton,40209.29,40309,39951.5,40643.79,41023.33,41398.79,41801.93,42187.17,42156.57,42254.5,42384.07,42312.71,42925.13,43025,43820.07,44799.14,45657.5,46092.01,46358.93,47376.64,47818.57,49417.2,50633.64,52162.19,53414.79,53842.64,55207.53,56772.64,59486.46,61202.14,63847.71,66731.86,71168.29,74127.43,80008.97,86883.29,93070.67,98608.29,103408.9,106222.59,106571.14,107004.64,108189.57,111040.43,113115.8,115882.93,119683.43,121955.36,125973.03,126539.51,126556.4,125580.39,122524.2,121105.57,114875.64,110858.57,110130.71,111539.29,110305.03,109137.71,109844.57,109078.14,107984.57,107493.21,106588.43,105865,106206.96,105833.27,104827.11,105492,105759.53,105076.14,106808.86,107204.61,107074,109055.47,111439.26,112718.9,113562,113767,114282.07,114509.14,116772.63,118646.83,120406.79,122276,122680.57,124854.86,126731.83,127409.56,128308.43,131003.41,131991.14,132253.3,134354.16,137629.21,138599.86,140506.07,140634,142789.86,145632.14,150332.21,154943.33,161231.36,165003.21,166431,168389.97,172495.54,178839.41,179717.07,180108.29,180021.21,179598.57,181083.43
E12000002,North West,E08000002,Bury,45536.35,45087.37,44900,44980.1,46068.27,46408.46,47477.6,47797.98,47996.88,48490.38,47793.75,48540.38,49335.58,49989.42,50333.94,52237.79,52585.87,52500.62,54339.37,54484.87,55646.27,56923.56,58108.65,59933.46,61466.35,63334.62,67815.38,71951.25,76469.81,80474.52,83401.35,88484.42,93609.04,97433.08,103113.17,109892.6,115575.87,119009.62,123135.48,126964.33,127756.15,129086.25,131301.23,131658.37,132943.4,134609.42,135997.35,138524.75,141126.67,141828.88,140559.23,140592.31,137525.87,135169.81,132557.5,129409.62,128955,127754.81,130606.5,131713.12,131450,131495,129403.85,125983.65,127296.15,128622.88,129320.77,129180.58,127594.23,126163.46,125655.67,124782.65,128766.83,129728.85,132383.65,134951.77,135673.79,138912.5,142150.1,146581.73,151375.19,151538.27,152937.31,155172.67,156255.44,156381.5,156943.44,160647.35,162563.12,165037.31,166306.1,167445.1,172155.48,174894.81,176647.92,178529.42,181238.46,185028.73,186186.35,188643.85,196272.88,203076.92,211495.19,216096.92,217598.85,221095.1,221656.35,226637.5,233615.38,237615.19,237383.37,234817.21,229377.69,230806.48
E12000002,North West,E08000003,Manchester,37521.63,37169.69,37012.72,37340.45,37200.22,37311.32,37927.81,39390.39,39917.72,40538.03,41425.42,42672.39,43461.12,44355.33,44862.63,45030.39,45643.05,46771.06,48163.31,50958.18,53623.69,54622.54,56200.84,58178.31,59140.38,60578,63254.02,66269.36,68802.75,72094.81,75308.42,80468.85,86368.6,89932.37,95181.25,99504.45,105579.31,108746.75,112880.08,115673.78,117769.04,120424.93,123372.75,126228.09,129640.64,132438.09,135331.07,138279.58,139820.19,140811.61,140133.35,138431.12,134645.54,129898.25,125153.41,121116.39,122512.42,122735.14,123600.51,123868.81,123522.25,122778.93,121893.88,121070.68,120918.73,121912.03,121839.7,121186.14,122140.1,122386.36,122855.22,123454.54,123617.84,124230.72,125564.28,127768.44,130126.54,131512.08,133853.56,135997.44,139393.1,142280.64,144397.43,147006.91,151575.53,156358.63,158152.84,161877.51,164954.38,169246.5,173216.14,175194.77,177957.47,180310.81,181635.49,183999.4,184261.36,187150.18,189272.97,191818.91,200618.71,206415.6,212900.83,216212.64,215660.62,217886.19,218187.54,227783.06,235817.69,236381.1,238323.22,236294.65,235924.32,236387.18
E12000002,North West,E08000004,Oldham,40619.49,40978.53,40496.32,40612.13,40486.31,40779.69,41505.13,41856.59,42741.18,42575.59,42824.26,43341.94,43768.75,43958.62,43792.74,44697.37,45152.87,45014.79,45925.53,46467.68,47393.31,47295.59,47439.71,48625.09,49449.56,50769.12,52275.59,54558.68,57160.88,59145.29,61416.18,63967.5,67305.88,70639.49,75893.16,81042.62,87972.4,92419.12,94626.4,98372.07,102265.29,104020.59,106163.97,109452.19,112676.54,114685.37,117872.41,117938.97,119491.88,120408.21,120659.06,122583.5,120521.25,117358.75,113558.04,111121.99,109822.09,110173.44,111492.6,112255.32,112332.79,110680.81,106616.76,105289.76,104586.03,104828.6,103699.26,104190.44,105112.5,104807.59,105432.43,105823.5,106428.5,108397.88,111328.53,112283.38,115059.91,116189.71,115597.65,116532.72,117009.63,116733.82,118075.72,120996.1,122577.06,126259.41,125915.22,125739.71,126817.56,127404.44,128224.56,129759.41,131229.26,132593.16,132464.56,134399.85,136758.9,138787.84,141437.74,144198.31,150887.13,162580.66,165636.69,168092.57,169730.15,171041.01,173777.21,178754.26,182965.4,184081.62,185306.16,182133.07,182802.21,182377.94
E12000002,North West,E08000005,Rochdale,40312.1,40281.2,40382.7,40423.4,41393.8,42153.9,42980.4,43554.66,44449.9,44398.6,44128.12,44567,44172.5,44655.5,44889.8,46617,47562.9,47859,48973.5,48824.8,49820.8,50266,51204.6,52133.8,52657.7,53079.18,54805.9,58379.64,61323.7,63287.9,65479.8,68028.6,70449.8,74718,79510.9,88734.2,94784.9,98909.8,102382,103352.56,104405.14,106101,107989.08,110259.84,112574.8,114330.9,116519.94,118754.78,122328,120933,121557,119886.8,116239.72,115554.28,111716.88,109498,111133.92,109554.36,111655.7,113342.8,111125,109686.8,108583.8,107060,108751.9,109503,110530.3,110790.8,111075.78,110267.5,112141.38,113267.6,112999.6,113924.5,116420.2,117264.48,118163.6,119266.58,121386.6,122731.3,122355.5,122638.5,124333.5,125889.9,126670.9,126706.52,127697.9,127328.4,129872.5,131354.9,130235,131695.7,134230.2,135572.5,137118.8,140794.72,140906.26,141059.8,141767.7,144306.3,148097.8,155238.6,163344.5,167713.56,169856.6,171398.68,173883.8,176854.7,183928,185659.3,186115.8,185222.8,182654.7,181959.8
E12000002,North West,E08000006,Salford,40202.27,39640.26,38926.03,39436.25,39548.53,39906.87,40462.21,40316.47,39742.35,39863.15,39558.6,39968.9,40890.26,40770.81,40410,41138.24,41562.22,42587.04,43571.09,45302.89,45496.91,45950,46249.93,47509.85,48394.41,49292.85,51545.97,53325.44,58196.88,60261.31,65687.06,70950.5,75847.43,78929.37,85670.15,91827.94,97161.04,102359.12,104373.46,105850.79,107848.46,109756.26,111285.28,112899.97,113945.06,115135.4,117458.38,120542.75,123080.54,126062.37,125292.51,124270.44,120488.18,121578.82,117419.56,112987.47,114030.44,110161.35,110432.88,108436.31,107937.43,108341.99,107187.35,106747.64,107570.79,104983.79,106595.44,109083.91,109296.1,111072.65,114330.91,115039.26,113891.91,112467.5,113518.38,116649.28,119529.17,120066.53,120221.93,122899.93,125198.97,125729.12,130173.51,134671.49,140345.75,147982.65,150313.75,154494.26,155339.12,157786.32,159599.19,161455.09,161972.26,164732.5,165050.46,167694.34,172684.76,174347.49,176907.07,181223.54,188817.38,195457.35,199767.47,203486.35,206548.63,209530.94,212020.29,218611.03,225891.68,228152.82,229782.1,227293.68,225376.81,221686.16
E12000002,North West,E08000007,Stockport,57737.38,58104.11,58643.33,58843.69,58553.45,59654.76,59862.98,61333.08,62284.17,62715.33,64274.81,65563.62,67219.18,67859.6,68826.71,69608.27,71845.83,74452.86,76606.9,79423.21,82182.44,83266.67,86230.3,88576.93,91254.17,93478.57,97572.02,102496.88,106945.52,110712.32,115878.99,121398.68,129880.83,134545.89,141026.55,149745.24,155715.48,158736.52,162401.9,161920.83,163615.46,165863.38,167650.52,170752.99,173619.65,176518.5,181528.57,183601.1,185083.93,186220.52,183642.62,182945.83,181913.24,178280.61,167895.38,162913.54,165453.57,166781.32,168173.31,170890.77,172445.68,173708.93,175115.12,173679.64,169795.55,169393.6,169211.9,169913.93,170580.17,169184.81,169258.32,171832.14,173639.82,175785.12,179714.98,183700.6,187727.38,191437.29,193592.02,195448.57,200212.82,201894.65,205295.69,213386.31,218680.89,223146.6,224749.15,225980.12,228255.69,232909.62,236258.1,238594.58,242711.01,243702.74,245703.21,248429.82,251667.07,254240.81,253852.8,258381.25,270148.33,278203.51,283756.6,285420.83,286364.48,286700,288262.44,306552.19,317577.9,322746.9,325072.49,323208.27,314370.71,316518.21
E12000002,North West,E08000008,Tameside,41088.43,41025.75,40778.78,40616.53,40266.5,40988.4,41170,41975.55,42637.7,42651.58,43134.92,42775.83,43058.72,42928.75,43236.05,44807,45624.93,46479.15,47395.7,48323.7,49701.67,50509.88,51345.42,51928.33,52270.83,53207.23,54579.92,56711.5,59703.25,62074.45,66419.67,71186.38,75992.52,79589.42,84675.55,90029.33,93464.83,96568.95,100993.92,105394.17,108472.48,110888.37,113053,114028.17,116264.58,117137.22,119987.33,123769.83,126659.83,127965.3,128666.55,125288.78,120040.23,116563.83,112361,109290,111757.42,110979.17,109939.83,111207.5,108210.7,109936.67,109035.83,107310.42,107590,107058.1,109294.48,108299.8,107383.15,107039.33,105566.33,107998.25,108986.17,109401.58,112537.17,112573.92,115156.58,116735.75,119088.25,121458.17,122839.5,122603.58,124197.42,127611.3,130170.83,134882.92,135584.83,137056.17,137281.83,138906,140017.83,142573.75,144244.42,144734.67,145777.92,147198.17,150116.58,152206.58,152724.07,155657.5,160019.58,166881.67,172858.83,175922.17,179265.67,183014.33,185740,192234.33,199128.65,201149.48,201775,199006.05,195560.52,197063.25
E12000002,North West,E08000009,Trafford,63391.96,62441.07,61387.41,61857.14,62542.86,62899.11,65154.46,66849.11,68541.96,69454.29,71416.96,72725,73178.11,74471.93,75805.34,78548.8,81247.23,83472.32,86429.55,90102.63,93059.64,95827.68,98800.89,101650.71,104691.07,106994.23,112138.3,118497.32,123049.91,127076.7,132508.57,137299,144657.86,149721.43,156854.29,165833.93,170825.89,175301.7,175707.86,176462.5,178647.14,179097.18,183990,187524.55,191361.52,196016.52,198915.89,200149.91,203086.43,205091.07,205270.09,204482.75,202824.07,197405.36,184525,181883.57,185031.8,189305.43,194135.79,194721.5,200093.02,201577.32,198230.45,197345.59,194726.52,193303.39,197034.73,200008.84,200693.75,199791.88,199233.48,200073.91,201077.68,203678,207903.39,210437.5,214141.88,218910.68,218489.27,226315.61,229769.82,234007.96,244368.64,247448.21,255225.89,258447.41,257955.43,267027.68,271799.98,282161.63,282795.66,287352.84,292445.86,286992.21,292140.18,296853.36,296167.89,297659.82,303516.86,305723.02,319840.89,331227.54,337149.29,337505.36,339436.07,343947.86,350230.93,370789.3,378229.32,378480.21,377044.82,372303.3,370308.66,372869.64
E12000002,North West,E08000010,Wigan,41505.36,42073.63,42007.69,42036.03,42641.13,43082.25,43540.69,43911.44,44801.69,44950.29,45345.94,45775.94,45801.54,45788.23,45848.95,45790.25,46346.75,46868.61,47346.75,47810.94,48367.19,48401.91,49143.16,50470.94,51440.75,52600.8,54270.44,55512.38,58274,60953.56,64619.63,69461.99,75738.69,78607.59,84719.25,90910.5,94906.06,99540.44,102522.25,103879.25,105325.88,106084.06,108521.63,112799.88,117328.63,118044.13,119332.56,120754.25,121264.31,122001.51,121646.25,120236.34,117001.74,115230.75,110761.18,107310.25,109760.75,110088.04,111149.48,110895.13,109448.68,109099.25,105526.38,104981.55,104288.04,103597.63,106164.81,105767.15,108479.91,107953.63,105753.13,106072.98,106970.49,107340,111240.43,113165.36,113565.03,115857.13,116386.69,117649.31,120731.44,120174.19,121465.38,123152.25,123344.48,124310.44,126442.69,127214.06,128588.31,130423.94,131115.88,133506.06,135337.25,135666.94,138920.44,138469.25,141917.94,143886.25,142506.75,146399.19,149010.69,152217.31,155361.95,159052.21,160518.56,164242.69,168061.38,174067.19,179445.19,181955.95,182387.25,180218.38,177872.81,177084.13
E12000002,North West,E08000011,Knowsley,43061.88,42208.88,41895.88,42308.45,42214.25,41773.7,42174.58,41832.5,42197.53,43283.75,43888.25,44555.6,45173.5,45293.5,45327.13,46982.5,47787.13,48064.38,49568.25,50046.05,50209.13,50415,50381.25,51636.75,51734.85,53254.63,53801,55182.5,56849.98,57557.18,60041.43,64482,76140.88,81326,88563.63,93600.75,99450.25,102749.75,106899.25,110457.75,113158.75,113182.38,113573.7,115495,115903.75,117415.15,118412.7,118386.08,118998.5,119792.5,118993.83,118874.5,117299.88,112213.5,107647.5,104941.13,104987.5,107371.25,109308.48,109489.63,106859.63,109299.63,107637.25,102936,102047.5,101290,101172.43,101895.3,100518.63,100282.25,100833.63,101104.75,101054.75,100723.38,101819.75,103737,105173.25,107228.25,106423.5,106887.25,108572.25,109412.45,109520.98,112561.95,112022.5,115039.25,117260.88,118094.75,119791,120861,122937,126448.25,132694.25,137009.13,143542.5,147684.63,149802,149828.38,149545.88,152646.88,155968.5,158461,158961.5,161221.25,164013.88,162921.25,165609.13,167324.75,172211.8,176536.63,177974.25,180046.88,175646.88,174424.25
E12000002,North West,E08000012,Liverpool,39192.16,39167.42,39779.51,40119.47,41323.12,41374.35,41478.44,42098,41928.75,42138.2,43225.7,43038.47,43762.01,43648.48,43959.67,44132.46,45201.35,45851.82,46289.59,47194.8,47845.12,49502.87,50828.66,52094.06,54243.57,55170.93,56715.02,58634.2,62167.42,63111.26,66816.96,71617.7,77286.72,82507.04,89766.59,96941.07,102996.52,107198.01,110619.46,112970.7,115151.6,116717.61,117967.02,119188.81,122795.79,124490.16,125589.89,127578.69,127941.78,127194.42,127092.25,125398.61,123088.36,120193.3,117184.67,113290.03,113048.26,114219.19,113803.83,112490.86,111992.58,111117.2,109672.31,109476.36,107956.97,107794.67,107836.61,108323.93,107388.07,108096.56,107973.69,108871.61,108202.41,109743.44,112547.62,114519.7,115908.99,116960.02,117247.66,116793.65,119859.63,120158.79,120541.81,122987.38,122454.23,124829.29,126045.98,129245.7,129623.23,131512.95,133001.79,132562.19,133699.25,134092.21,134447.54,135418.96,137290.61,138220.36,140351.99,143849.98,147749.98,153443.14,157373.86,161603.34,166396.3,169110.08,171531.08,174973.28,178078.16,180023.28,180911.56,179756.59,177455.33,177523.2
E12000002,North West,E08000013,St. Helens,43981.81,43784.1,43460.27,44193.75,43583.04,43961.35,44147.92,43829.06,44420.31,44500.83,44662.5,45553.33,46882.29,47370.73,48287.29,48157.27,48846.67,49064.38,49448.1,50349.06,51748.65,53253.75,54132.27,55796.88,56955.73,58549.58,61070.83,63688.33,67980.73,70092.5,73186.46,76225.92,82575,88119.48,97002.98,104438.54,108044.21,111261.04,115113.04,115077.63,117161.35,118730.06,120429.69,123261.44,124413.54,125596.88,126685.5,127659.02,127683.67,128203.96,129371.98,129048.9,127294.33,123318.73,118665.63,114936.67,114021.21,117169.48,120213.96,121238.75,119620.79,114943.75,111918.54,110798.96,109304.17,110315.63,110903.96,111482.9,111116.67,110846.67,113296.67,112677.08,115826.46,116322.6,116745.42,117727.92,117521.04,115891.25,117825.63,117811.15,118704.48,118845.52,118965.52,121680.94,125514.17,127204.79,129266.15,130359.31,129896.15,129796.98,129817.29,130747.38,132631.88,132815.42,134662.29,137532.92,139075.42,141206.67,141019.27,144765.52,149636.54,154054.33,156082.9,160033.13,159650.83,161802.08,165909.38,167772.92,177351.88,182468.65,180968.33,180601.98,176874.9,174569.69
E12000002,North West,E08000014,Sefton,51172.37,51342.76,51210.46,51297.63,51351.71,51678.36,52505.07,53101.18,53454.21,54031.51,54774.34,55226.09,55852.68,56738.03,56992.63,57790.78,58816.97,59101.51,59861.05,60838.03,61907.04,63355.26,65022.96,67465.45,70343.21,72465.05,74924.28,78785.39,84300.59,88264.87,93515.07,99751.05,105739.95,110853.68,117638.82,124838.75,130483.82,135033.66,138726.82,141643.75,142748.04,141920.99,145203.75,146405.24,148840.78,151428.33,153155.32,154130.13,155400,155764.34,155888.09,153724.86,150996.97,147970.39,141326.84,140241.32,142432.03,144523.24,147599.89,146983.61,145675.33,143011.32,141810.46,139609.08,138383.95,138581.3,137241.92,137507.82,136793.07,137824.04,138179.46,138524.83,139010.33,139285.53,141715.66,143946.58,143451.91,145703.22,146832.43,147767.8,151234.93,150997.88,151985.91,153131.38,153043.99,155767,157709.57,161266.92,164682.87,164356.3,166915.47,165657.76,167718.16,168809.21,169715.59,173655.66,176461.79,176091.51,176962.63,176676.78,180855,187038.49,191992.7,193584.8,195703.75,198309.01,199515.07,207282.76,212558.49,213555.42,214288.03,213023.62,209351.58,209976.32
E12000002,North West,E08000015,Wirral,45373.31,45288.42,45323.19,45393.44,45747.62,46342.2,46915.71,47724.88,48481.49,49060.12,49362.5,49762.92,50114.94,50279.94,51058.81,52889.35,54098.33,55278.51,56409.4,57816.49,59085.14,60167.08,62089.17,63475.6,65131.87,67346.85,69789.64,73622.14,77673.81,80739.29,85916.2,91035.71,97014.05,101608.15,109140.86,117421.31,122738.69,126637.86,131367.26,131980.79,132371.67,133890.48,136510.71,138468.39,140960.06,142289.58,144040.48,145575,146378.79,147183.48,147593.3,146547.17,144465.07,143421.25,137355.36,132666.31,132959.88,133418.87,134033.27,135284.88,136677.26,135765.65,136388.15,135559.4,134774.11,133557.74,132807.32,132064.29,132383.21,131552.98,131808.93,132266.4,132837.44,134349.82,136588.04,138612.98,140419.51,140935.52,142673.14,146155.06,145739.48,146956.25,149154.55,150311.04,151013.69,153550.35,155945.12,157080.77,161193.51,161492.8,162817.62,164184.52,164462.44,166059.4,166282.74,168502.86,168687.74,169838.49,168928.93,172138.63,177147.02,185775,193875.52,195837.44,200160.12,200030.18,202842.5,210689.64,212006.67,213774.88,215581.43,214289.29,212398.81,209373.69
E12000003,Yorkshire and The Humber,E06000010,Kingston upon Hull,34010.31,33557.27,33582.03,33751.09,34251.88,34418.67,34668.48,34743.41,34647.5,34123.86,34211.86,34646.55,34372.44,34826.11,35188.97,35084.86,36069.09,36229.7,36497.52,36237.88,36474.39,36686.06,36839.62,37016.44,37638.56,37907.5,39382.05,41574.09,44234.02,46035.18,48422.21,51805.33,54311.06,56783.24,60302.8,63457.42,67236.06,69308.86,72413.98,74771.06,77847.65,79313.47,82486.74,84880,88076.65,90102.8,92173.55,93724.61,95557.44,95742.11,96040.86,95347.59,93653.94,92147.65,88514.48,85419.92,86012.98,87099.32,88504.7,89325.53,87873.91,87388.48,87843.12,87389.74,86677.45,86765.05,85213.48,84037.8,84055.98,84579.09,85723.33,85021.14,86229.47,87487.58,88870.15,92377.05,93524.27,94314.53,94907.88,95543.33,96019.24,95855.76,97217.05,98330,101173.33,102511.86,104180.08,104980.15,103731.67,104909.77,104766.44,106059.7,107306.21,108272.12,109978.36,111157.2,111100.45,112575.53,112122.58,113695.3,115123.94,116158.79,118916.44,119840.61,122879.05,124305.83,126253.03,128673.33,130690.83,131287.73,130326.47,129184.74,127700.32,125859.15
E12000003,Yorkshire and The Humber,E06000011,East Riding Yorkshire,51316.51,51824.42,52216.57,51976.64,52191.16,52424.17,52311.16,52663.78,53409.53,53701.51,53853.49,53788.84,53369.83,53731.09,54718.31,55539.3,56796.22,57153.37,58522.8,59479.49,60793.2,61629.47,62949.88,64263.31,66614.24,68539.53,72660.5,78446.92,83695.6,87963.02,93713.66,98796.87,105325.09,109341.51,116283.43,124368.05,130676.74,134168.99,136749.07,138300.02,139943.93,139747.87,141833.31,143813.55,146724.13,148717.5,151285.76,154558.34,155866.17,156718.57,156610.97,156321.85,153042.38,148905.44,144751.69,140358.55,142306.22,143538.2,145570.21,149225.38,147224.98,146560.64,145351.63,142605.98,142524.27,142403.95,143510.37,142030.66,141218.92,141161.49,142336.83,143045.35,145531.74,146838.95,147651.74,150001.74,150836.43,152448,153967.37,156867.31,158569.19,159655.79,161494.77,163869.22,165980.12,167459.07,169624.17,171088.65,173387.07,176028.86,175588.24,177205.99,178471.37,178986.45,180482.27,183791.67,185190.95,187831.09,188125.85,190430.34,197534.65,205392.5,208404.5,209584.41,207969.53,206373.33,206475.12,211567.62,217781.63,219834.38,222012.73,223278.16,219248.08,218260
E12000003,Yorkshire and The Humber,E06000012,North East Lincolnshire,38462.5,38569.32,38339.77,38557.95,39029.55,39562.5,40054.55,40457.95,40618.18,40540.91,40571.59,41242.95,41306.82,41914.66,42765.68,42798.3,43155.45,42974.95,42936.82,43131.66,43843.75,44310.23,44502.16,45973.64,47100.45,47807.11,49713.41,51798.75,53843.18,56048.55,60044.11,64119.27,69038.64,72994.32,79226.02,84003.41,88097.73,91860.5,93397.73,93606.82,95655.68,96555.68,100230.68,102634.09,104665.8,105821.59,107150,109727.39,111054.55,112924.98,113871.59,112406.82,110677.16,107305.95,105701.14,103821.82,105468.05,105841.16,106047.5,107351.7,106362.55,105638.64,104614.84,102800.91,102702.16,101938.18,100559.09,100765.64,99561.36,99321.59,98063.52,98110.11,99912.39,100302.91,102905.11,105613.52,105196.59,106310.23,108168.18,108644.2,109130.89,109915.91,109198.86,110717.5,111244.27,112444.3,113826.14,114254.55,115213.73,115959.09,116061.36,116770.45,117602.27,119284.09,120362.45,122532.84,123586.36,123461.36,123864.77,124127.25,127264.55,131826.02,134530.68,135601.59,136062.27,137294.77,138798.75,142852.27,148958.98,148203.41,150236.11,149046.48,144168.18,145405.68
E12000003,Yorkshire and The Humber,E06000013,North Lincolnshire,41070.54,41153.15,41077.17,41050.17,41588.04,41652.17,41889.13,43022.61,43976.74,44013.8,44864.78,44981.43,45141.52,44945.22,45102.17,45306.96,45682.61,46283.15,47510.87,48385.87,48823.91,49497.83,50754.57,51778.26,53097.83,53926.41,55555.43,58095.43,61990.76,65314.78,70468.91,77046.63,82221.52,86845.33,92356.41,100394.35,105336.2,109555.54,113662.07,112278.59,113240.65,113940.76,114798.52,117340.65,119708.43,121092.93,122987.93,125318.26,126071.7,128088.91,128358.57,127082.28,126023.59,123243.37,119061.85,118387.83,118671.41,120116.46,121840.78,121989.02,120971.85,119419.78,117419.02,114921.7,112692.35,113551.09,113502.91,113779.02,113660.76,113559.78,112982.57,114214.04,117321.74,118362.07,118634.78,119307.57,119332.61,119702.15,122466.3,122834.74,123973.7,124773.91,124928.26,127690.22,128902.17,131641.3,132607.61,133722.83,134355.39,135015.22,137742.39,139353.26,142146.7,143040.22,143085,145691.2,145493.26,145628.26,146014.13,148571.52,154172.83,159364.13,163777.17,165908.7,165572.83,168068.48,167130.22,169756.41,175226.24,177932.17,179987.61,178824.89,176973.7,176135.76
E12000003,Yorkshire and The Humber,E06000014,York,57396.88,57171.98,57053.13,56965.1,57465.63,57526.88,58846.56,59302.92,59749.69,60984.27,61580.02,63357.52,63755.73,63485,64521.04,64775.94,66298.02,67834.48,70297.81,73726.88,77364.38,80008.02,83163.44,87449.79,91862.19,94786.04,100641.56,109406.04,116510.21,121903.96,128518.63,135456.25,137971.88,140511.04,147413.23,153476.5,160381.04,163731.88,167513.44,167533.29,166767.83,167250.73,168886.77,173176.98,177199.9,179975.73,182662.71,186007.29,189340.73,190904.17,192202.29,189744.44,184847.85,180498.35,175681.98,173166.25,173946.88,177682.9,180622.92,183226.04,187133.13,183831.27,182945.83,183553.13,181995.83,183341.46,186059.38,186096.88,188425.83,188891.56,189956.15,188193.85,190462.19,192100.83,196605.73,200291.63,203951.98,206592.6,210314.6,218725.1,225400.73,225218.75,227711.67,227828.73,231913.85,237030.79,236326.19,239460.25,239747.92,240541.19,243943.75,246635.58,247646.75,250372.81,248915.29,250891.33,254623.83,254518.54,255958.13,257660.21,265674.17,277261.56,285755.21,285322.92,288649.58,288453.17,288394.79,303161.75,307353.13,310217.96,311044.38,313228.13,316014.58,319832.19
E12000003,Yorkshire and The Humber,E06000065,North Yorkshire,62192.41,62582.94,62711.92,63418.54,63639.12,64115.13,65000.28,66208.49,67010.68,67671.12,68100.45,68345.75,69386.74,69720.32,70701.43,72280.68,74264.81,75415.27,77776.17,80198.83,82479.83,84806.69,87656.2,91114.26,94439.98,96786.29,101682.83,108715.06,115589.74,122372.71,128779.21,136085.95,142641.59,147143.11,155018.7,164760.62,172524.73,178505.77,181977.69,183803.99,183781.43,184622.69,186539.65,189378.18,193886.34,196193.01,197592.56,202877.79,203626.95,205757.66,206913.75,203340.65,199757.1,192448.36,183510,182478.57,184735.32,189285.05,193603.46,198411.33,199261.75,198337.22,197037.56,194658.37,193454.44,191046.64,192439.49,192588.88,192685.99,194668.18,193596.04,193541.15,194032.99,194631.55,195834.39,198072.14,199213.09,202410.1,204453.44,208201.23,212068.76,212651.46,216571.53,218606.68,220667.77,224333.13,224231.23,226997.65,228010.06,229341.69,232215.47,234654.75,232455.8,232318.66,234671.04,234507.32,240217.12,242745.16,243384.86,246671.93,253444.15,261004.38,268448.41,267399.93,268689.25,266604.68,264024.97,280471.57,284333.9,290220.8,292742.71,292778.55,291172.14,288298.07
E12000003,Yorkshire and The Humber,E08000016,Barnsley,39017.17,39544.92,39788.83,39868.08,39545.25,39319.75,40121.22,40644.02,41113.17,41683.83,41743,41863.2,42180.58,42454.83,44404.5,45013.75,44476.12,44737.67,45177.83,45986.5,46111.33,46100.67,46291.42,47382.57,48563.73,49983.3,50955,52095.28,54592.52,57107.42,60727.67,65868.08,71156.42,76348.08,82859.08,88174.58,93386.13,96349.9,98860.25,103367.83,105386.92,107386.83,108760.58,109908,110810.33,111177.25,113639.75,116035.65,118148.28,119681.63,120110.33,118885.45,115961.5,113403.92,108425.77,106973.2,108607.33,109501.48,110531.5,109130.77,108313.88,108154.2,105474.27,105253.8,105085.42,103148.3,104425.42,106168.17,106865.75,106264.75,106873.83,108355.47,107201.38,109099.13,112569.67,112713.67,115820.55,115827,113692,115324,115861.48,115285,117753.83,119117.92,119354.12,121495.1,123977.42,127440.68,131170.33,133763.08,133829.25,136264.25,135579.83,136734.67,137476.25,135681.42,139690.42,142156.55,142514.08,143958.17,145291.58,151281.67,154690.57,157356.62,159335.68,158968.17,163983.33,170062.17,177436.77,177264.83,175281.5,173073.17,169254.87,168848.72
E12000003,Yorkshire and The Humber,E08000017,Doncaster,39219.72,39417.5,38740.83,38826.79,38771.22,39039.42,39366.38,39934.36,40551.73,40646.73,41571.35,42022.24,41996.03,42455.96,42408.08,42797.1,43764.37,44051.72,44493.08,44547.5,44952.49,44829.94,45645.38,46414.74,48192.76,49374.36,51821.6,54235.64,57881.09,61358.53,67338.27,73486.68,78705,82252.56,88369.94,95126.15,100351.6,104632.24,108941.73,109681.99,110377.27,110504.23,112145.45,114443.73,115029.67,115528.67,117146.85,117904.81,119111.59,120162.79,119470.01,118655.08,117224.92,114485.63,111809.36,109322.88,110803.65,111191.6,113819.55,114561.54,113956.28,112567.37,110164.74,109310.17,108088.35,107921.65,107791.06,108107.17,108158.21,107167.12,107985.71,108135.12,108363.97,112458.01,114735.77,116015.26,116976.79,117191.33,118643.36,119024.78,121416.38,122653.72,123597.76,124412.88,125881.22,125122.95,126727.05,127787.33,126353.64,127570.45,128517.47,130271.92,131940.87,132839,133391.64,134585.9,135181.72,136822.68,136938.01,139635.05,142549.83,148245.06,151302.12,154443.65,157842.05,159473.91,160795.13,165460.76,169512.17,169263.5,168770.08,166697.31,161821.67,163235.77
E12000003,Yorkshire and The Humber,E08000018,Rotherham,40765.31,40731.09,40070.47,40775.55,40458.05,40855,40974.84,40234.84,40572.27,40685.2,41306.02,42059.53,42588.73,43005.39,44387.42,45392.97,45738.28,46913.81,46974.69,47416.78,48870.08,49094.45,49958.44,50841.14,51918.83,52811.25,54752.19,57232.34,59102.66,61556.02,64230.55,67382.81,72950.63,76229.14,82281.8,87168.52,91620.16,96028,98722.27,101202.73,103555.94,105537.13,107801.88,110277.27,111909.66,113803.83,115758.75,117912.97,119942.03,120082.48,119641.33,119366.95,117652.16,116985.86,113232.03,111798.44,111226.16,110099.22,111000.7,112531.8,112831.72,113159.67,112325.47,110460.78,110271.88,110167.81,112061.56,112379.61,110638.52,111897.27,112384.69,113591.09,115135,115398.84,116571.75,118125.23,119351.41,120040.16,120416.09,120969.83,121386.33,121360.52,124081.53,124730.47,125551.38,128109.38,126405.94,127605.16,127385.86,128687.19,131455.23,130702.34,133835.16,133101.56,132788.86,135281.02,135728.58,138123.91,137894.22,139675.58,144171.56,148749.69,154309.61,157452.89,157797.03,159427.89,161309.34,165435.78,170750.47,172202.34,170784.22,168851.28,167167.89,165843.67
E12000003,Yorkshire and The Humber,E08000019,Sheffield,43823.56,43785.09,43999.2,43707.86,43974.96,44534.17,44713.48,45103.39,45070.45,45408.89,45773.21,45781.37,46337.89,46630.95,47838.16,48930.96,50287.94,51112.01,51793.43,53169.53,54633.85,55409.86,57105.79,59593.14,61440.46,63189.71,66183.22,69710.53,73751.69,77726.91,80970.2,85668.14,91393.61,94635.36,100348.52,107191.64,111857.98,114128.61,115935.5,117231.59,119302.43,121610.53,124219.75,127484.84,130482.24,132522.67,136293.79,138644.67,140166.37,141215.38,141276.44,139613.01,134713.97,131950.17,124970,123618.36,124684.52,126872.21,128026.11,129659.84,130081.11,129234.54,128639.73,127055.41,124882.11,126127.5,125520.28,127347.21,126773.43,126727.61,126946.57,126284.82,128673.21,129712.07,132556.27,136031.86,136109,138329.77,140288.89,142004.41,144370.84,145660.29,147401.97,149655.48,150869.87,152310.9,154050.77,155667.71,157680.19,161507.14,163679.65,165564.62,167842.11,168531.18,167622.99,169185.8,169453,171438.29,173281.41,174584.11,178644.43,184558.98,188967.14,191370.34,195195.25,196499.43,201404,207792.55,213738.91,217477.99,219279.8,219094.91,217515.03,215266.14
E12000003,Yorkshire and The Humber,E08000032,Bradford,43274.63,43300.71,43086.56,42805.07,43310.57,43553.87,43855.98,43952.82,44069.37,44783.45,45036.24,45687.14,46162.47,45514.74,45315.62,46077.16,46346.48,46639.17,47669.6,48115.36,49299.38,50193.81,50574.72,52118.7,53642.57,54989.33,57307.25,59480.16,61829.92,63938.48,66981.51,70532.02,74953.29,78750.71,84204.6,90343.46,96216.98,100691.59,104155.08,107671.97,109353.5,111416.9,113502.96,116653.57,121359.26,123917.25,127297.65,129628.09,131443.48,133005.32,132616.44,130678.07,127502.68,124793.34,120638.61,116387.3,115912.22,115791.45,117536.68,118485.71,118295.6,117942.3,116709.33,115617.58,114563.43,113641.58,113577.56,112949.71,111447.42,112476.59,113069.81,112800.75,113451.71,113820.03,112459.48,113890.18,116453.77,116527.74,119748.41,121021.19,122103.29,122511.34,124139.91,126340.35,127322.06,128035.24,127726.87,129705.94,131127.74,131759.44,132849.53,132874.52,134243.48,134820.78,136462.29,137137.94,137706.99,139050.99,139168.98,141397.63,143719.52,147491.94,150774.38,152536.08,154208,154950.31,156990.99,162121.83,167028.46,169551.23,169391.98,167008.21,165609.57,164858.79
E12000003,Yorkshire and The Humber,E08000033,Calderdale,41236.2,41174.57,40555.37,40577.69,41248.15,41843.52,42080.56,42763.78,43640.74,44192.41,44711.07,44782.41,44712.87,44724.07,44732.31,45319.2,44998.96,45001.48,45486.11,46587.48,47928.52,48848.22,49843.61,50679.63,52033.33,52409.07,53648.15,55610.19,57812.96,61063.89,64828.06,69825.83,76809.07,80826.76,87381.48,93856.39,98248.7,102170.09,104761.57,106975.65,110289.44,111882.02,115388.59,117784.63,121799.81,124064.61,126096.02,128247.04,128324.72,127861.04,127118.39,125246.02,122851.76,120330.83,115804.04,113347.04,114706.02,117361.94,119718.52,121208.57,121490.85,121212.91,118636.07,116942.59,113983.33,112026.85,110300.93,111640.37,115671.3,114619.44,116071.3,114537.04,113738,115950,116635.09,119857.31,120313.33,120146.94,122325,123180.56,125862.04,126249.07,127516.67,128663.8,129730.37,129435.93,130008.33,129310.19,129731.44,131744.44,132466.26,138076.83,141785.17,141701.85,140655.69,141486.11,143033.24,143696.96,145517.5,144706.3,148259.26,153405.19,158610.74,161854.26,160784.07,163957.06,161694.35,162628.7,169758.06,170073.89,174907.13,174637.59,173334.52,171114.81
E12000003,Yorkshire and The Humber,E08000034,Kirklees,43977.2,43707.2,44084.09,44407.58,45586.02,46072.16,46577.03,47081.4,46865.76,46984.86,47273.18,47884.11,48468.01,48761.44,49672.79,49729.24,50494.15,51032.42,51415.42,52800.08,53165.85,53377.29,53715.58,54292.19,55229.25,56030.09,57753.31,60571.95,63781.27,66469.32,70444.45,77066.44,83141.95,88542.08,94309.24,100535.64,105561.27,109420.09,113976.69,116178.08,118431.37,120428.84,123019.14,125785.3,128357.64,129323.14,130754.35,133036.47,134917.3,135964.25,136246.44,134282.54,131776.27,128065.68,124118.24,121883.65,122795.19,125295.42,127602.25,129034.54,129034.24,128278.64,127298.47,124586.99,123072.65,121821.57,122291.18,122034.22,123497.19,123719.7,124979.6,123715.76,124090.53,124401.56,125803.32,127837.07,128858.13,130419.33,130438.97,131805.38,133410.38,135052.31,135667.19,135953.09,135852.8,136195.17,137598.98,138451.95,141444.36,143912.42,144337.2,145973.18,147712.2,148461.05,150535.49,152575.32,153568.71,154712.19,155397.61,156724.11,162680.09,167953.18,173422.8,175303.02,174361.28,175165.97,173635.13,181896.06,187971.65,190465.55,190759.66,188973.01,186856.93,185999.96
E12000003,Yorkshire and The Humber,E08000035,Leeds,49436.54,49240.37,49032.33,48858.01,49682.21,49887.1,50141.53,50912.14,51441.33,52036.24,53022.73,53448.25,54174.19,54306.58,55508.79,56819.43,58484.81,59394.18,61140.65,63683.98,65650.91,66908.68,68199,69532.64,71400.54,73708.01,77184,81599.39,86252.17,90619.4,96310.01,103024.73,109766.79,113667.65,118703.13,123507.1,129285.07,133279.75,135409.09,136437.23,137491.71,137998.59,140743.46,143825.26,146452.85,148471.29,151401.39,154643.73,156493.21,157413.19,156784.88,154722.43,150008.91,146714.49,140126,137177.97,137604.56,139518.47,143283.24,145735.81,146034.24,144886.86,143119.23,142504.66,140106.2,140660.38,140560.35,141003.2,142342.19,141563.23,141816.93,141908.88,142406.74,143849.74,145456.61,147301.25,150175.2,152463.49,154493.29,157854.36,159704.59,160622.16,163610.48,166069.6,168416.91,171815.65,172217.21,174158.08,177087.9,179379.26,180046.9,182648.63,183908.42,185542.8,186760.11,188331.61,190753.2,193930.6,195050.18,198647.22,205466.1,211391,216116.86,217259.7,217464.94,218103.78,221431.35,228930.35,235567.19,238365.04,238011.81,241304.74,237320.14,235997.99
E12000003,Yorkshire and The Humber,E08000036,Wakefield,45562.17,45428.44,45984.11,46039.43,46235.28,46181.06,47263.83,48122.11,48652.5,49482.28,49401.83,49941.22,50144.28,49891.64,49722.67,49355.78,49969,50000.44,50971.22,52572.61,53642.47,53910.67,54332.22,55482.33,56764.53,58681.72,60900.06,63653.03,68267.11,71370.42,76979.12,83386.83,88026.22,90928.61,97328.33,102824.22,108503.17,112091.06,115172.28,116048.59,116702.06,117779.64,119765.22,122420.17,123528.11,125248.61,127282.98,129607.33,131477.74,132615.13,132679.67,131045.61,127405,126015.11,120759.42,118534.17,121595.58,121027.5,121220.67,123146.33,122359.22,121870.36,120418.6,119371.71,117064.82,115722.67,117745.17,117758.21,119060.78,120860.33,117588.06,119034.17,120706.87,121392.56,122757.43,126002.17,128141.26,129245.11,129119.9,130920.09,134869.78,136144.72,139872.71,140587.32,141893.17,144034.88,146958,149124.72,150757.56,151711.78,152812.5,153932,155830.11,155685.44,155928.67,156243,157587.26,158679.94,156485.72,158403.28,162230.22,169032.3,175287,178807.72,179907.83,181328.46,182278.42,188791.4,193645.09,196820.2,196406.72,193788.44,189674.01,188846.56
E12000004,East Midlands,E06000015,Derby,41504.44,41387.26,41315.32,41243.23,41498.71,41587.9,41906.37,42635.16,42462.1,43241.85,44246.53,45232.26,45405.24,45932.82,46605.18,47469.27,49090.32,49989.82,51463.71,52475,53053.63,53807.26,56082.9,58299.68,61132.02,62902.34,65793.55,70249.92,74979.52,80473.06,86963.61,91822.42,97221.61,101413.55,106982.42,111791.77,115433.31,119497.02,121823.39,123117.66,124042.74,125685.87,127099.11,129102.26,131583.06,132780.5,135099.9,138767.58,140939.48,140896.47,140852.42,137135.48,131859.6,127950,122737.9,120178.39,121838.71,121889.55,123556.21,125667.74,125835.58,125474.76,123440.06,122518.55,121432.26,121825,123077.42,123705.65,124055.65,125916.13,126582.26,126891.94,128413.9,129025,130315.97,134419.35,135217.58,137856.94,139762.61,140512.74,143671.79,144519.63,146638.42,148720.73,149316.61,150885.16,151666.13,152485.48,154452.42,154366,155028.23,157358.31,160491.05,162224.76,164487.1,165278.23,166513.32,166537.82,165788.63,167055.81,171992.82,179553.87,184471.77,186520.1,187101.61,189114.27,190466.94,194347.56,201551.61,204245.48,206012.26,206919.35,202785.48,204553.63
E12000004,East Midlands,E06000016,Leicester,41504.61,40060.88,39881.58,39568.29,39571.58,39920.81,40256.22,40477.63,41013.22,41466.32,41991.97,42212.12,42823.51,43545.92,44575.66,46728.49,47647.18,48186.84,49061.97,50321.05,51309.21,53057.89,54522.89,56812.47,58240.79,59451.97,62555.26,67801.05,74076.97,78615.28,83878.43,90615,95682.76,99449.34,105059.8,110756.45,115818.39,119202.63,120334.42,120842.11,120969.08,121760.84,122818.63,123515.18,124730.13,125195.32,127271.71,129199.04,130156.45,131838.09,132936.78,132173.03,130153.88,126783.61,121594.39,119004.16,119310.61,119633.47,120040.43,120901.84,121282.24,121610.16,122563.16,122413.3,122306.47,122608.55,122920.2,122636.05,122659.21,123020.92,123238.82,123652.42,123770.13,124625.61,125814.47,127889.03,130305.16,132260.32,135228.89,139198.55,141205.92,143906.79,146945.92,148730.79,151790.72,154751.84,155547.89,159070.92,162084.08,165889.21,169223.79,172319.67,176552.63,177894.74,179157.83,181847.37,182899.28,186229.49,186394.61,188842.76,195286.84,202134.74,208477.57,211988.03,215786.12,218434.87,221538.16,228151.01,232469.29,236997.17,238192.04,238306.51,238611.84,236702.63
E12000004,East Midlands,E06000017,Rutland,68680,71020,71320,72800,71850,71999.5,72349,72350,74030,74990,79689,83710,88251,90595.5,91390.5,91084,90964,94890,99550,103899,108980,110650,113890,120190,122140,129200,135500,133795,142590,142705.4,147440,160400,165984.5,170785,175325,183290,188890,192850,195580,199989.4,199142,203794.5,210190,213335.5,210795,214445,218844.5,217340,223000,227000,221990,224600,242150,227150,212750,211400,209790,212195,219979.5,229599.5,230010,228100,230300,222600,213199.5,209099,212749,214799.3,228035,228287.1,222000,225740,225575,225790,232990,237200,231694.5,237810,241600,251149,256498,247924.5,250699,257500,263399.5,265399,270545,262500,263394,266649.5,271844.5,274695,274240,291850,295295.5,288939,299100,313885,313870,327390,326690,336699.5,350699,346699,327299,313750,307225,337850,361500,359700,358750,362900,356195,369000
E12000004,East Midlands,E06000018,Nottingham,40521.22,39950,39703.31,39699.32,40331.08,41031.45,41408.62,41777.66,42648.72,42793.77,43059.72,43692.59,43470.27,43457.08,43942.68,44830.15,46355.28,47185.65,48014.43,48909.73,49413.08,50690.05,52591.89,54664.12,56471.49,58915.09,61846.55,67691.76,73141.69,76966.89,82033.58,87613.92,91224.26,94654.22,98177.91,101189.53,104742.73,106002.09,108431.57,110270.11,112491.46,112613.65,112279.32,113190.89,113716.46,113613.82,114769.88,115032.36,114778.62,114274.86,114571.78,112921.14,109939.19,107020.95,102153.99,102126.55,103788.36,103293.65,105206.64,104259.58,102974.36,102915.58,100972.3,100779.73,99614.19,99497.97,101255.69,101644.8,101966.35,101187.84,100366.89,99983.93,101354.05,103091.28,105733.8,110196.35,113121.42,113983.65,114536.22,115624.86,118697.43,118432.16,122547.09,124704.18,128365.04,131710.47,132684.38,134680.68,136461.22,136678.38,137980.95,138854.59,141876.89,144153.91,144742.23,147410.81,147389.19,148729.05,149514.19,153339.05,159649.93,164280.27,167781.35,171533.04,172365.86,175320.95,179558.32,183081.76,187391.76,191003.24,194213.45,196043.92,196524.24,195393.16
E12000004,East Midlands,E06000061,North Northamptonshire,43949.45,43834.86,44156.75,43958.05,44966.63,45988.5,46976,48275.69,49176.89,50075.06,52216.75,53851.69,54466.06,55423.63,56477.69,57528.13,59278.94,60912.96,62791,66031.28,67678.31,69311.2,72252.94,73834.21,76721.93,78973.36,83341.26,87695.75,92426.69,96156.88,101026.13,107890.76,114383.06,118455.7,123246.18,127377.2,130147.81,132874.41,134675.69,134998.5,136402.48,136557.84,138831.18,141532.59,143661.8,144943.49,148923.61,150841.56,152914.56,154009.39,152539.24,150090.24,147094.69,143441.79,138887.56,136714.94,135969.19,136092.06,138524.88,140398.24,141830.44,142386.94,142661.43,141040.39,140027.75,138963.53,138658.44,140298.39,141838.09,143225,141634.81,142875.24,145803.19,147150.99,150894.25,153019.88,155208.95,157791.56,161268.99,165299.94,169081.69,171449.54,174852.06,179480.75,181052.75,184575.13,190770.75,195928.06,200814.94,204369.25,206942.06,208996.13,211661.5,212771.5,212900.6,213999.38,213220.88,213463.13,215067.2,216922.25,223643.5,230836.94,235887.06,238844.13,240372.24,242956.09,246403.44,256939.75,262046.25,264173.04,266048.13,261550.25,256503.08,254547.5
E12000004,East Midlands,E06000062,West Northamptonshire,53997.88,53869.29,53937.69,55094.76,55661.18,56906.32,58265.8,60138.63,62377.89,63928.02,66276.58,68360.38,69388.49,69415,70609.67,72885.55,75529.57,78498.68,82255.8,85450.44,88761.98,90709.39,94556.51,97588.27,99931.78,102368.14,107082.59,112362.24,117779.29,121813.6,127714.29,132944.6,138236.09,142547.52,144636.85,148458.16,150605.08,152573.4,155144.72,155869.42,156635.75,157224.81,159737.78,161367.65,165041.18,167490.62,169573.16,173837.26,175935.24,176291.18,176619.86,177036.73,170830.25,166702.31,158282.87,155722.55,157044.68,160134.35,163895.09,167550.44,168326.64,166455.51,165022.88,163578.35,164819.43,165599.06,166738.44,167409.43,168522.12,169374.95,171311.93,171011.08,172436.96,175614.21,179561.08,184795.15,189230.76,192275.05,194821.84,197427.36,201222.97,204241.04,208606.37,212734.67,218143.57,223172.83,226111.03,230344.35,233574.01,236606.6,241573.63,244868.02,246926.87,246668.68,245090.71,243389.86,243793.25,244041.75,242961.13,245031.46,251418.87,258516.56,265924.95,270468.25,271280.38,274468.68,275204.48,286318.3,292397.74,293328.4,294025.79,290205,286468.3,284767.88
E12000004,East Midlands,E07000032,Amber Valley,43946.88,43374.69,44071.56,44846.06,44796.56,45725.47,45935.78,46544.53,47164.09,48370,48820.63,50928.75,51293.59,51333.38,53169.53,53601.56,55585.63,56796.88,56935.78,58270.31,59063.22,59352.81,61178.13,63840.88,65335.94,67459.06,70243.75,75259.53,80571.88,84262.19,90889.03,97120.31,104043.44,108845,115994.53,121315.63,127170.31,131287.5,130226.25,127654.69,127587.5,126667.19,131952.84,136968.75,140266.72,144410.13,147139.38,147248.44,150214.06,149678.13,148434.38,144560.78,139776.56,136729.69,130155.84,132462.19,134167.19,135697.97,137182.5,138064.06,138653.13,137169.84,136641.72,133294.69,131296.56,131100,131429.53,136451.56,139325,139980.03,139889.75,142198.44,139726.94,138234.38,140545.31,142248.44,146738.75,151961.75,150803.13,153835.94,155045.25,155465.63,156115.63,158632.81,159903.13,160850,161484.22,163856.09,166749.69,170905.94,172534.38,175151.56,180293.59,181738.75,182451.41,186415.63,187810.63,188459.38,190730.94,194537.34,199479.69,210840.63,216947.72,217058.13,220417.03,215243.44,212918.44,219328.13,225592.19,231885.94,232745.31,233545,228715.31,225090.16
E12000004,East Midlands,E07000033,Bolsover,34525,34154.5,34314,34682.5,35219.5,35767.25,36191.5,36080.75,36179.5,36407.25,36741.5,37365.25,37805,38375,38689.5,38512,39557,39974.5,40939.75,40835,40940.5,42535,43655.75,44565.1,45060,44187.5,44004.5,45759.5,48197.25,51288.5,55890,61056.9,65567.5,69877.5,73252.5,78582,82102.5,85817.5,90126.95,94392.5,97220,97460,97317.5,99157.5,101312.5,104285,105479.75,107112.5,108104.5,108774.25,110240,110072.5,108800,105564.5,100549.45,99324.75,101474.5,103137,103237.5,102849.5,100869.75,99275,98682.25,95505,95364,95547,94969.75,97254.85,98256.25,97494.75,95349.75,94422.5,95575,98400,102999,105722.25,109719.25,110522,110747,109899.5,110695,111400,112392,113974.5,115360,117707.25,116557.5,117790,119465,121396.5,122199.5,124400,126197.25,128047.5,132274.5,132819.75,136126.75,136669.5,136029,138131.7,145032,150992,155339.25,159671.75,161664,162244.75,168446.5,170824,176446.75,179044.75,176800,177050,169800,164850
E12000004,East Midlands,E07000034,Chesterfield,39248.08,39980.77,41282.69,40441.92,42145.77,41920.77,41642.12,43813.46,44567.31,44515.38,44451.92,43322.81,44045.77,44747.69,46019.04,46167.31,46762.15,47790.38,48370.96,50449.81,52338.08,52988.46,56360.5,58103.85,57550,59840.38,59911.15,61386.12,65253.08,66681.92,73528.46,78981.92,84851.54,89124.62,94955.38,100472.31,103494.04,107136.38,111011.35,114705.38,117371.15,119453.65,121626.92,124609.62,126039.81,129053.85,130480.77,131170.96,131667.12,131221.12,129673.08,129075,125665.19,121603.42,113923.04,114284.04,115627,115325,116908.73,119476.92,122408.46,123083.65,120286.54,115475,114307.65,113401.92,113940,116765.38,115436.54,116093.65,117384.42,118842.5,121671.15,126128.85,128461.54,131607.69,133684.62,132265.38,133071.15,132184.62,134280.77,135086.58,137075,141575,140038.46,143130.77,145442.31,147269.23,150205.77,150639.42,151426.92,154345.92,154538.46,156164.08,155942.31,157165.38,158134.62,161517.12,162896.15,164372.23,173463.65,176465.38,182884.23,186693.46,187019.04,189268.85,188751.35,191113.81,194290.77,196716.92,195245.77,196845.77,191595.77,190230.19
E12000004,East Midlands,E07000035,Derbyshire Dales,65777.78,65600,65083.33,67068.89,68708.06,68830.56,70741.67,72688.33,72822.22,75300,75122.22,76018.89,80933.33,81166.67,82522.22,83616.67,84458.33,83422.22,85010.56,90521.94,94575,95808.39,101218.89,100238.89,102883.33,106694.44,110086.11,119330.56,124472.22,131921.67,138805.56,146872.22,155761.67,155958.33,169691.67,181627.78,191250,199463.89,201850,206380.56,207025,209830.56,211111.11,207638.89,215500,217577.78,220222.17,229694.44,227065.94,227330.56,223863.17,207661.11,203633.33,197338.89,195444.44,201277.78,202611.11,207247.22,212105.56,218444.44,215552.78,216861.11,214222.22,208330.56,208663.89,208305.56,215997.22,222722.22,212833.33,214050,211888.89,216675,227955.56,226769.44,226444.44,226825,227080.56,231802.78,232161.11,234663.33,239160.83,237930.28,238888.89,246277.5,249250,253805.28,254610.83,253830.56,249744.44,250997.22,254155.56,258180.56,276360,274805.56,273638.33,270558.22,264994.17,263388.89,266221.94,271750,287388.89,304883.33,311166.39,309510.83,312388.89,310611.11,309822.22,331777.22,340590.28,344385.56,346888.33,340805,326111.11,322833.33
E12000004,East Midlands,E07000036,Erewash,43878.5,43976.33,43978.33,44444.83,44481.67,45105,46959.67,46506.67,46881.67,47816.67,47228,47773.3,48690,49085,49539.47,50548.33,50646.67,51105,52446.67,53621.67,53960,54425,56271.67,58870.83,61269.67,63111.67,66226.67,70590,74905,79639.83,86548.33,91208.33,96618.17,101730.13,105938.33,111838.33,115578.33,118356.67,122959.67,124305,124120,124656.67,124271.67,125491.63,128029.83,129949.77,132635,134563.33,133810,133095,132015,130098.3,127181.67,126193.33,119703.33,117976.33,121663.17,121363.33,122851.33,122674.83,123751.17,123456.5,121693.17,120310,120375,121098.17,122430,122866.33,123413.33,123148.33,122781.67,123078.33,124733.33,126309.07,130328.27,132743.17,133604.67,135709.67,138824.87,140278.33,142998.33,142965,141803.17,143090,143506.67,148050,150426.67,154381.67,156400,155948.33,158678.33,159899.67,165916.5,168346.67,168633,171424.2,171263.33,174961.5,177399.33,179574.33,184198.33,187481.33,192643.5,193546.67,196176.33,198183.33,201730,210283.33,216353.67,221901.67,218948.33,216866.67,216946.67,214016.67
E12000004,East Midlands,E07000037,High Peak,53097.82,52961.36,52790.45,54484.09,54923.86,55870.45,55067.68,55815.68,56692.68,56308.91,57801.77,58400,58431.73,58763.14,58580,60056.5,60970,61870.45,63240.91,64200,65943.18,67317.5,69881.82,72138.64,74309.09,77653.86,81410.23,86395,91322.73,94381.82,98520.45,105472.73,110970.45,119086.36,124425,131136.36,137427.27,140222.73,144040.09,142725,142470.45,140475,142134.09,143997.68,148968.18,153450,155543.18,159347.64,158445.23,160270,162308.86,158045.45,156995.23,155540.91,149351.09,148606.82,148977.27,148068.18,145134.09,146500,146557.09,144122.73,144563.64,143181.82,147726.82,150631.82,149750,148481.82,143379.55,141359.09,143611.36,145631.59,150224.32,149883.86,154260.91,154881.82,156040.91,157954.55,158545.45,155295.45,159997.73,161202.27,160744.09,165178.86,169406.82,173311.36,175679.09,178679.09,182126.82,181992.68,184910.91,185613.64,189031.82,190527.27,191720.45,191847.5,190093.18,193886.36,192954.55,201952.05,206563.41,216217.95,221722.73,220563.18,220588.64,219522.09,223976.82,232999.77,238517.27,240545,241068.09,245180.82,246715.68,245038.41
E12000004,East Midlands,E07000038,North East Derbyshire,49345.77,48805.77,48367.69,48263.46,48801.92,48694.23,50459.5,51385.96,51763.46,52644.23,52807.31,53773.08,54798.04,56150,57292.31,57375,57755.77,58093.27,58855.77,62105.77,62973.08,64050,65074.31,65569.08,67822.69,69232.31,71741.54,75415,80649.81,83088.08,90648.92,97550,103399.81,104907.69,109122.81,117223.08,122084.62,127732.69,132244.23,135001.92,135509.62,138669.23,141549.62,141935.92,146051.15,148337.85,150063.27,152913.08,152830.08,153986.54,149307.69,146903.85,145045.77,145738.46,143557.69,141749.62,142745.58,142982.69,142119.23,141315.38,148728.85,150242.31,150151.92,149980.58,145049.62,141995.96,143690.38,141621.15,141818.46,143053.85,138461.35,141230.77,142105.77,144782.69,145655.38,149730.77,152150,154232.69,158692.31,161976.92,163673.08,162280.77,165557.69,165576.92,166556.92,170803.27,175278.27,179519.23,182572.92,185300.96,186340,189513.27,191036.54,192240,194363.27,196997.69,202384.23,201111.42,202357.69,208028.08,213603.85,222653.65,227654.31,225055.77,225403.85,226995.77,230615.38,242928.27,250884.42,256672.88,254852.88,251267.46,240226.54,235475
E12000004,East Midlands,E07000039,South Derbyshire,49455.83,49069.58,49347.71,50478.75,50490.63,51168.13,52151.67,53489.17,54612.08,55439.58,55097.08,56206.04,58932.29,59662.5,61518.54,64639.58,65835.42,67075.25,69697.92,70607.92,74109.33,74641.46,75362.29,75515.42,76103.96,79172.88,82068.75,87822.92,96266.67,100558.13,107826.67,114125,120727.08,123624.58,124870.83,130575,136745.83,141329.17,144712.92,144116.67,145087.08,143926.67,148533.33,152037.5,150700,153260,151533.33,154389.58,161307.38,158956.25,160181.25,158678.75,151016.63,149541.67,145385.42,142910.42,142893.75,146875.75,148306.25,150466.25,149979.17,145474.79,144562.29,145078.33,145616.25,147624.79,152454.17,154729.08,154682.92,157845.58,156262.92,153413.75,158686.92,158974.58,160148.54,164614.58,165016.25,166639.58,169868.5,172175.75,175871.67,177889.38,177618.13,182242.92,187345.63,192637.71,200058.13,201886.88,204011.88,203811.67,203324.38,206203.33,212691.04,212757.71,215016.25,219974.17,217643.13,219355.67,217482.08,222601.25,229036.67,229580.83,232831.25,233922.5,232312.08,237912.29,240622.08,250826.88,255061.67,257592,259353.75,259387.5,248018.33,242695.63
E12000004,East Midlands,E07000129,Blaby,53293.75,53991.46,54356.25,54814.38,55451.67,55493.33,57227.08,57812.5,58670.83,60006.25,60339.58,61952.08,62029.04,62552.08,63241.67,64837.5,67302.25,68110.42,70085.42,72612.5,74368.75,76064.17,79306.25,81425,83547.92,85045.83,88785,93943.33,99670.83,105991.67,113577.08,121097.92,129102.08,132137.5,136218.75,142489.58,146756.25,148606.25,151983.33,154187.5,154162.5,155141.67,156037.5,157485.42,160695,162514.58,163933.33,166304.17,168366.67,169681.04,169662.5,165466.25,159555.42,155068.58,150558.33,147372.5,150204.17,150866.04,151687.5,153217,158937.08,159595.83,163745.21,163134.79,161266.46,158291.25,155228.54,156689.58,157015.83,158693.75,159218.75,160604.17,163183.25,165912.5,169241.25,172374.38,177216.04,179799.58,182953.96,185829.63,186937.83,193655.63,196558.13,201143.33,204164.58,205843.54,205745.63,207987.5,212910.21,213114.17,215916.25,221312.5,225183.33,227474.58,225687.5,222853.96,223080.83,224645.63,226062.29,230250,234206.25,242104.38,252837.08,254250,258083.33,261491.67,262000,272029.42,277641.67,278766.67,282000,279770.83,277168.58,277156.46
E12000004,East Midlands,E07000130,Charnwood,54504.05,54140.57,54130.68,55346.36,55317.05,55242.05,56072.73,56865.91,57919.32,59112.5,60925,61886.39,62446.34,62528.41,63830.68,64893.18,66636.36,68294.95,69352.27,71081.59,73736.25,75099.77,78239.77,80592.05,81470.45,85175,88940.91,94910.23,103165.8,108242.05,117385.11,125692.05,131386.36,135300.91,140192.05,145951.45,149594.43,151861.02,153001.7,153503.36,153062.36,157373.3,156456.59,159075.45,162470.45,163756.7,167736.36,170278.41,171853.41,172915.82,173852.16,168961.25,161784.09,156996.5,151871.02,151849.02,153036.48,153776.02,158426.14,161509.32,163893.27,167861.45,163613.64,161890.8,162695.59,159825.14,159745.34,159903.16,159904.09,160982.39,162713.52,163500.8,163412.43,165761.25,169521.36,174233.98,176827.36,179108.86,180688.64,183384.82,186447.64,192052.05,193698.86,196394.39,196960.23,201176.93,202795.11,205323.75,209893.86,208545,212756.36,214520,220061.25,223311.25,224255.23,227764.55,227787.27,232324.66,232325.91,232986.36,236942.95,247725.91,251672.61,252054.32,252429.68,251634.09,255642.82,269100.41,279836.82,285358.98,286656.45,283556.09,280852.27,275892.05
E12000004,East Midlands,E07000131,Harborough,65062.5,65279.5,65322.5,67520,68927.5,67985,68171.5,70952.5,72547.5,76027.5,78022,79965,83615,84482.5,86932.5,91382.5,91642.5,93695,97542.5,99496.3,104502.5,104668,107965,109206.6,114365,116347.5,120785,131841.5,139965,147595,155362,163215,170692.5,170550,176500,180716.75,186572.5,195762.5,196777.25,193499.75,190097.5,189470,194682.5,198350,203007.5,202740,203270,206864.7,211355,216120,214370,207072.5,199850,190125,187484.9,183252.5,192850,198474.75,204034.95,209174.5,212757.5,208468.1,203280,197240,194967.5,194585,193895,194997.5,198124.5,201007.25,198469.5,200045,202700,207220,220747.25,222217.5,228980,232217.5,233824.45,236261.1,236364.5,236144.25,238034.5,242036.5,249246.75,254641.5,265919.75,271294.75,272022.5,274074.75,274505.35,276740,280949.95,288207.5,294144.5,296097,295769.25,293170,286295,298644,310532.5,317211.75,326392,324985,322629.75,322394.25,320244.25,331787,342460,343134.25,343369.75,348020,347220,346772.5
E12000004,East Midlands,E07000132,Hinckley and Bosworth,50591.07,51039.29,51813.39,51954.36,53555.36,54408.93,55070.36,55921.43,56442.14,56458.93,57282.14,58544.46,58568.75,59796.43,60362.5,63262.5,66135.36,66783.93,68362.5,70442.86,72183.93,74562.5,77498.21,79510.54,84942.86,85958.75,89259.61,97358.93,102160.71,107874.46,115237.32,119880.18,125287.32,129399.64,134330.36,139658.93,144856.96,147385.71,150635.86,151110.79,151346.43,150880.36,152876.86,154883.93,157549.64,159775,162144.64,165303.57,168365.89,168715.07,169403.57,165303.5,159206.61,158155.36,151476.61,152000,156616.07,158478.57,162475,163503.57,159915.71,156439.11,153821.07,154614.29,153946.07,151640.54,152510.36,152785.54,152124.96,153408.93,154596.43,156367.93,159775,162476.79,163587.57,165771.07,165992.32,169254.68,174299.46,175803.04,180153.04,179474.46,180547.68,183636.61,187356.61,192855.36,197151.43,201185.71,204728.57,204996.43,211323.21,211867.86,212928.21,212803.57,214096.43,213710.54,213535.36,215692.43,211892.86,217990.71,225676.79,236446.43,243326.96,243053.57,248250,250839.29,254526.61,266355.36,273625,269257.14,271375,268642.86,263750,260821.43
E12000004,East Midlands,E07000133,Melton,56275,56912.08,56683.33,59208.33,59791.25,60166.67,61737.5,62570.83,64433.33,66817.17,68054.42,70166.67,69337.75,69241.67,71749.17,72666.67,75987.5,76958.33,77991.67,81707.92,82158.33,82357.5,86691.67,90800,92404.17,95185,101158.33,110316.67,120158.33,119033.33,127728.33,134500,133995.83,142374.58,144165.83,152450,157995.83,160579.17,168329.17,165875,168697.92,165980.83,174408.33,177995.83,183137.5,187158.33,192700,191570.83,187029.17,185179.33,177241.67,173578.33,181665.83,175999.17,171020.83,172203.33,168416.67,173433.33,179291.67,180625,184233.33,184283.33,173625,178408.33,174320.83,177825,178750,176912.5,180555.5,176408.33,174422.17,171750,175175,173375,178583.33,189541.67,187779.17,193833.33,196291.67,193195.83,197975,201667.58,201416.25,201083.33,199953.33,204332.5,206490.83,210875,217250,216991.67,217320.42,217916.25,225666.67,229416.67,232208.33,233791.67,236366.67,233308.33,235741.67,237250,251333.33,264625,273329.17,274741.67,267495.83,262916.67,261916.67,274291.67,279641.67,290662.5,302400,294108.33,304083.33,295154.17
E12000004,East Midlands,E07000134,North West Leicestershire,52072.69,52363.46,53334.62,53336.54,54330.77,55138.46,56033.23,57785.65,57982.46,57802.5,58930.77,61177.88,61188.08,62512.5,65584.38,64946.15,66690.19,67605.77,68494.23,68838.46,70246.15,71638.46,75369.23,80134.62,84725,87291.92,87911.54,94140.38,99909.23,104293.85,112120.96,118798.08,125194.23,128725,136603.85,140480.58,143326.69,149317.31,150782.62,149526.92,149746.15,148282.69,148915.38,152773.08,153725,155938.08,159219.23,161115.38,163265.96,164576.92,162700,162226.73,157926.92,156745.77,149240,142684.62,144151.54,146668.85,148134.23,151557.69,157984.62,157247.88,155805.77,156188.46,154436.23,154326.15,156019.23,154111.77,152838.31,151938.46,157505.58,160882.31,163149.81,167519.23,165647.69,167169.04,174368.46,174787.69,178345.77,179418.85,180461.54,183626.65,189226.15,193207.69,193395.77,193440.96,194052.12,198032.5,205267.5,208979.23,214999.04,219034.23,218282.31,218000,214978.46,213938.46,220616.15,223493.85,227365.38,228572.69,238092.31,250027.69,254494.04,254763.08,255942.96,255748.04,258479.12,269932.65,279089.81,281828.27,280933.85,277611.54,275782.5,271538.08
E12000004,East Midlands,E07000135,Oadby and Wigston,58753.57,60421.43,60985.71,59839.29,60357.14,61242.86,60392.86,62635,64232.14,65339.29,64321.43,64171.43,65000,65457.14,66525,69203.57,69710.71,71160.71,74400,76992.14,81500,81675,80664.29,83128.57,83385.36,84860.71,91635.71,98342.5,104492.86,112770.71,118408.5,126952.86,131810.71,135378.57,142742.86,149671.43,153345.57,156832.21,159425,156346.43,158071.07,156214.29,155650,159321.43,159142.86,164071.43,162525,164246.43,170060.71,169928.57,169635.71,165996.43,159071.43,154135.71,146707.14,145553.57,144857.14,152178.57,157178.57,167496.43,172357.14,166210.71,165969.29,164524.21,163442.86,163264.29,164142.86,156771.43,162535.71,162467.86,162928.57,164178.57,161357.14,165921.43,173667.86,179071.43,181925,181907.14,186196.43,193999.29,194817.86,196174.64,194318,197921.43,204064.29,207357.14,209964.29,217492.86,216785.71,216214.29,215342.86,215571.43,225642.86,227410.71,233571.43,246175,260278.57,272749.64,270035,266035.36,261356.43,272642.14,279349.64,285321.43,283856.79,281285.71,278821.07,287356.07,295142.5,298535,302570.71,298071.43,294570,288892.14
E12000004,East Midlands,E07000136,Boston,41621.88,40493.75,41322.38,42188,43321.88,43743.75,44771.63,44900,44362.5,45096.88,45143.75,45106.25,45524.38,45302.5,45837.5,46778.13,47290.31,47921.88,49565.63,50521.88,53112.5,54553.13,55712.5,59746.56,62250.31,64296.88,67418.75,71581.25,76368.13,79908.13,86234.06,92712.5,99243.88,105577.81,109737.5,112606.44,117581.25,119871.88,121900,122587.5,122284.38,123025,123836.88,124907.19,125928.13,127057.81,128356.25,133062.5,134659.38,136118.75,136030.94,133871.88,129653.13,124359.38,118375,118303.13,115928.13,116806.25,119246.88,118718.75,120837.5,124109.38,121177.81,122215.63,120668.75,121112.19,120100,121687.5,121743.13,121153.13,120812.5,120406.25,122593.75,125312.5,127531.25,129278.13,131778.13,132640.63,135959.38,138593.75,140394.38,139465.31,141375,141655.81,140993.75,143875,144733.75,149365.63,152277.5,151850,153656.25,152749.69,156527.81,157717.81,159743.44,161056.25,165155.94,165080.94,163904.69,162530.63,166368.75,173268.13,177769.88,181375.88,182524.06,182125,184575,190496.88,195800,195740.63,197000,197562.5,199918.13,201877.5
E12000004,East Midlands,E07000137,East Lindsey,43473.61,43665.28,44004.17,45296.17,45736.11,45773.61,46717.78,47300,48315.28,49651.39,50306.81,51153.67,51766.67,51619.31,51780.42,52470.83,54148.61,55261.11,56675,57910.14,59498.61,59674.03,60704.03,63940,66698.61,70108.19,73366.67,78448.61,83120.83,86491.53,92588.61,97923.61,105490.28,110867.36,117600,126387.5,130308.22,133323.06,135234.17,135663.75,135634.72,135337.22,137618.06,138593.06,140645.83,142581.94,144905.42,147668.06,149495.69,148508.33,147413.47,145117.92,142351.42,139804.17,134180.56,131404.17,133777.36,135896.94,137652.64,139023.61,140463.89,140364.58,137416.67,136000,132118.06,132490.28,132983.28,133677.64,133316.39,135055.56,135233.28,134751.39,137455.56,136329.17,137833.31,139868.03,140622.22,141827.78,144373.61,148122.22,149911.11,150341.39,150762.22,149477.78,151326.11,155776.39,158431.94,161472.22,162291.25,164386.11,165250,167141.67,168880.42,171384.58,172819.44,173619.03,176204.14,176805.25,177280.42,179788.75,183828.61,190763.33,197954.17,203211.14,205840.28,207577.78,208790.28,215481.94,222662.22,225550,220390,220294.31,216702.78,213798.61
E12000004,East Midlands,E07000138,Lincoln,36884.09,37170.23,37644.77,37592.95,37675,37588.64,38125.23,38856.82,39270.45,39677.27,40131.82,40111.36,40054.55,40252.27,40972.73,41190.91,42180.18,43047.73,43545.45,44511.36,45488.64,45604.32,46856.82,48098.73,50038.41,51997.73,55903.41,60911.36,66495.45,71268.18,76940.91,82525,86152.27,90576.82,96147.73,102259.09,106875,109211.14,109622.73,109732.73,114140.45,113786.36,115083.91,116561.91,116807.23,117914.73,119250.36,119610.91,121836.09,123356.55,123329.55,122902.27,119338.86,114926.55,113422.64,112763.41,113817.73,114131.82,114665.91,113306.82,111318.18,112555.82,114095.32,115448.73,115059.09,115286.36,114000,113265.86,114328.5,114474.73,113770.59,115752.41,115611.36,117445.45,120061.32,121792.95,123454.55,123658.64,124981.82,125840.91,127704.55,130335.91,131838.64,133425,135495.45,138563.64,137881.82,139088.64,141572.73,142584.09,144361.36,144997.73,146977.27,149495.45,150772.73,150214,151295.45,151068.18,151918.18,153615.91,156731.82,160011.36,166225,168477.27,167340.91,170181.82,172295.45,174863.64,179363.41,179000,178613.64,178954.55,175636.36,174227.27
E12000004,East Midlands,E07000139,North Kesteven,49353.65,49276.54,49449.23,49556.92,51053.85,51825.92,52451.35,52448.65,52553.46,53263.46,53528.85,54209.5,54792.31,55609.62,56179.81,56748.08,58147.88,59341.85,61601.92,63655.77,65922.69,67388.27,70115.38,72078.85,74355.77,77015.38,81530.77,87388.46,94869.31,101280.58,109815.77,116973.08,120651.92,124472.88,128546.15,132824.81,137413.27,141612.5,143713.08,144873.08,143916.35,144928.46,144919.04,147955.19,150311.15,151621.15,153844.15,155561.46,159026.15,160444.42,161688.08,159584.04,154430.58,151345.58,144842.12,145025,146245.19,148267.88,149976.92,151960.58,152125,148571.92,147746.15,145169.15,147572.69,149286.54,148803.46,148467.31,146874.81,146844.23,146142.31,147442.31,148098.08,150843.85,152219.23,155615.38,158315.19,160142.88,162230.77,167132.5,169677.62,172765.12,174049.58,175963.08,177601.15,180172.85,183238.08,185349.62,188568.85,188589.62,189380.19,191357.69,194381.92,197730.77,202191.54,204326.54,204387.88,203022.88,202382.31,208351.54,219289.69,228307.5,232953.85,234573.08,231480.77,233436.54,234623.08,241299.81,248073.08,250961.54,254435.42,251500,247615.38,246592.31
E12000004,East Midlands,E07000140,South Holland,45840.91,45743.18,45500,45749.55,46620.23,46887.95,47522.73,48931.14,50234.23,50785.91,52011.36,52497.5,53920.45,53622.36,54517.73,55861.36,56909.09,58225,61908.64,65422.73,69813.64,71865.68,73374.77,76080,78301.82,80495,83306.59,87899.27,94156.36,98379.82,103581.14,107688.41,113967.73,117714.77,122569.09,129142.95,130524.09,133650.68,136494.05,137551.14,139063.41,138936.27,137883.36,141224.77,143265.45,145195,149765.68,152258.41,155299.55,154879.55,154177.05,152472.5,146374.55,142386.36,136196.14,133681.59,135181.14,135497.27,136586.36,138426.82,141083.64,139755,137436.59,135631.59,133063.64,133150,134165.91,137690.91,138454.55,138225,137652.27,137131.59,137463.41,138936.36,142311.14,145972.27,149060.68,149872.73,152356.59,153265.91,156406.14,158704.09,161216.95,162908.41,167340.45,170470,172428.86,175840.45,179515.91,183019.32,184702.73,187000,186217.73,186815.23,187997.27,187755.32,189159.09,190021.82,190702.05,193660.91,197199.32,207485.45,214476.82,219353.86,222545.45,223499.77,225064.32,233227.05,240586.36,242906.36,242031.36,237722.45,233939.27,232636.14
E12000004,East Midlands,E07000141,South Kesteven,51330,51473.91,50802.66,51287.19,51569.03,52335.53,53832.81,54299.84,56628.13,56520.31,57895,58576.56,59337.5,60560.94,61357.66,63945.31,64952.97,65481.25,66514.06,68346.88,71723.44,74610.94,77629.38,79740.31,81596.72,83259.22,86957.34,93796.88,100629.53,108220.31,116235.78,122381.25,125743.75,130105.94,135751.56,141915.31,148920,151457.5,154108.91,154809.22,152742.34,153218.44,153426.25,155801.09,159152.66,161334.06,164790.63,166109.38,168401.56,170726.25,169741.78,171530.94,163839.69,157318.41,151324.81,148841.56,148695,152703.13,156824.69,160404.38,163995.94,162798.28,158793.91,155992.78,153499.53,153868.44,151980.44,152605.91,153006.72,151921.72,152902.5,156062.19,158468.13,160784.69,163976.41,169260.63,173263.44,174882.5,175452.5,176402.5,179823.13,183104.06,187031.22,192408.38,193599.53,196070,198426.97,199962.34,203309.06,206555.94,207932.34,210557.81,215113.28,213341.56,214138.75,215022.81,219191.72,221857.19,221718.13,223202.66,230890,238109.38,243935.31,244218.44,245937.5,247177.97,247500,259218.59,265140.31,264936.56,263015.63,262357.81,260449.84,261268.28
E12000004,East Midlands,E07000142,West Lindsey,45920.23,45888.64,46540.68,46988.64,48439.77,48673.86,49978.41,50090.91,51140.91,51804.55,51543.18,52236.36,52775,53718.18,53506.82,53881.82,54575,55142.5,55715.91,57023.86,57356.77,59009.14,59365.45,60354.32,62820.45,65975,70590.91,76738.64,86520.45,90015.68,99540.45,106267.95,113761.14,117420.73,127159.09,135563.64,139076.36,143262.95,140609.09,138701.59,133910.41,134371.23,136268.18,136310.68,141872.73,144950,149055.91,152948.64,154361.36,156955.14,156193.18,156421.82,152567.27,149470.23,141576.82,135020.45,136474.77,137330.91,140375,144447.73,147676.82,146522.73,143772.73,142037.95,142031.59,141000,138722.73,135654.5,132658.86,133970.45,138346.55,139215.91,146720.23,145093.18,149081.14,151575,150100,149213.64,149404.09,149457.82,154195.95,157564.64,159113.64,162075,164040.91,165627.27,167609.09,170309.09,173918.18,174488.64,178181.82,182144.18,179909.09,180300,180242.73,179750,183676.82,187567.73,185090.68,189672.5,202258.64,208295.23,215908.41,217022.27,216860.91,215715.91,213204.09,219972.05,226408.64,226404.32,224645.45,222909.09,216314.32,216290.91
E12000004,East Midlands,E07000170,Ashfield,36932.19,36656.09,36867.03,37373.16,37383,37970.94,37990.94,38668.75,39190.63,39848.44,41109.38,41693.75,42157.81,42482.66,43713.75,45051.25,46356.25,46971.88,46713.75,47225.63,48204.34,48376.34,49617.03,50039.06,51173.44,52743.59,54285.63,57042.19,60341.56,64031.25,69007.5,75242.19,79806.09,82659.22,88446.88,95022.97,98331.88,100377.78,101929.31,101509.38,103106.03,104354.53,105182.5,105558.91,108801.56,110722.97,113484.38,114826.25,114938.75,114215.59,114874.22,112484.06,108167.22,105513.22,102280.78,99903.84,101384.22,103009.22,105293.44,106324.63,106701.56,107356.09,107996.56,108265.16,109427.66,107407.66,107545.31,108350.81,107565.47,108333.34,106609.25,106659.06,107249.84,110295.16,114088.44,115841.41,117755.78,117466.81,118543.72,118871.56,119550,121374.69,122483.75,124967.06,129105.47,132694.38,134057.5,133795,132935.38,133698.19,135812.5,136980.94,139873.13,140840.63,140890.31,143456.25,141715.63,143984.38,144856.09,144593.59,151687.19,155859.34,163312.5,169268.44,170654.69,174530.94,178305.88,181127.69,185999.69,185546.56,184412.5,183099.69,182342.03,182468.75
E12000004,East Midlands,E07000171,Bassetlaw,44110.64,43858.93,43839.29,44785.71,45973.21,46814.29,46719.64,47008.57,47080.18,47727.68,48317.5,47830.18,47732.14,47923.21,49680.36,51419.64,52951.61,53364.11,54313.75,55187.32,56167,56513.21,56500,59135.71,59898.21,62040.71,64810.71,67703.57,74142.86,77453.57,82878.57,91201.43,96208.61,98292.86,104287.32,108660.71,113382.14,117567.86,120725,122614.21,123619.61,124364.29,124598.21,125837.14,129890.96,129555.39,134011.39,135179.11,134935.71,133666.07,133523.25,132127.71,127996.43,128783.57,127700,127210.71,127923.14,127785.32,128942.82,127317.68,128369.43,128166.07,127283.39,129507.14,124198.04,119022.18,118257.29,117262.71,119741.07,123975,124851.79,126351.79,124691.07,125385.18,125931.75,128260.54,131128.21,130249.29,133372.14,133481.79,136383.21,137563.93,140151.61,142981.93,146776.43,149043.89,150797.14,152335.36,152464.04,152960.36,157494.21,158121.21,162817.43,163124.75,162441.75,163035.36,164970.93,166057.68,169967.07,174141.07,179731.61,186282.14,193140.64,197281.79,197633.54,199820.89,196981.25,200998.04,204101.25,200477.5,199793.07,199033.21,192944.11,195471.43
E12000004,East Midlands,E07000172,Broxtowe,47867.86,47955.36,48091.79,48815.71,48980,48676.43,49098.04,49544.29,50592.68,51624.82,53010.36,52990.54,53190.89,54258.93,55041.07,56434.36,58317.5,59158.93,60515.54,61183.57,62569.64,64814.29,66733.57,70326.43,73214.29,75935.18,79241,84550.14,89687.5,94501.61,101826.61,107708.93,115081.96,119523.21,123878.57,128262.5,131442.86,132862.32,135112.5,136719.46,135191.07,135478.39,137919.46,139085.71,140964.29,142125,142142.86,142978.57,142907.14,143785.71,143883.04,142228.21,136705.36,135485.71,131523.21,131228.57,132344.64,133564.86,133301.79,135461.96,136000,137265.71,137706.79,136917.68,134032.14,134156.96,134996.43,135944.64,135683.64,135517.5,137080.07,136606.96,135767.86,136996.43,138980.18,141285.71,144028.57,147535.54,149312.5,152441.07,153869.64,154228.57,158433.93,160837.32,162351.79,164713.86,166007.14,167483.93,171117.86,174157.14,176921.43,180332.14,181769.64,183553.21,183769.46,187682.14,190503.57,195482.14,199278.57,199007.14,210708.39,215471.79,221028.21,222712.5,225983.93,228094.46,232037.14,243482.14,249440.89,253050,256821.07,255668.21,250062.14,250642.86
E12000004,East Midlands,E07000173,Gedling,50375.5,50553.33,49581.67,49671.33,50631.5,50986.5,52563,53654.83,53628.33,54124.67,54356.33,54715,55448.33,56509.67,57881.67,58796.17,59099.83,60496.67,61853.33,64370,66328.33,67636.67,69521.33,71256.5,73950.73,77139.33,82346.67,88838.33,96098.17,100659.83,107531,113301.5,117746.67,119424.67,122320,128171.5,132038.87,134808.33,136536.67,138231.67,137245,138559.67,141810,141726.67,142986.67,142775,143841.67,146009.83,148145,147937.6,146528.33,142699.67,136364.9,133366.33,128768,128398.33,133205.67,135709.33,138949.67,141232.67,141949.17,141024.83,137639.8,138656.67,136933,138261.5,137714.27,134535,133826.5,133172.93,133649.83,135081.67,137948.33,141745,143329.33,145516.67,148696.5,149616.63,154198.17,155846,157195,157163,159416.3,163383.2,164751.5,168013.17,170248,175368,179110,181308.33,180395,181248.3,183199.97,183263.33,184850,186183.33,188536,192066.17,193466.67,195539,202833,210699.67,217850,221583,224666.33,225999.67,229170,238366.17,244236,245547.5,245449.33,241979.83,244083.33,239796.5
E12000004,East Midlands,E07000174,Mansfield,36107.31,36272.62,36613.08,37311.15,37661.54,37545.96,38005.38,37984.62,38097.12,38746.15,39078.85,39775,39269.04,39215.19,39885.58,40613.46,41625,42486.54,42696.15,42700,42540.38,42876.92,43303.85,46376.92,47555.19,49036.35,51497.69,53100,57174.23,59587.88,63761.54,70263.46,74409.54,78482.69,81642.12,86036.35,90986.54,94953.85,99066.54,101707.31,103909.23,102476.92,103970.58,104642.31,103648.08,105409.62,105656.73,105431.54,107123.08,109217.31,110286.54,111028.46,109409.23,110456.15,106072.31,105234.77,106915.38,105403.92,106621.15,106573,103769.23,105468.85,103630.38,99749.62,98138.15,93906.92,93226.54,95594.23,96945.77,99159.62,102163.46,102205.77,105137.69,105346.15,108124.42,110402.58,111892.58,114057.69,114874.81,116728.65,118171.15,118621.15,118865.38,120673.08,120461.54,122086.15,122173.08,122538.46,124951.92,125150,127569.04,128078.65,130115.38,132251.35,133355.38,138065,137276.92,138307.31,137306.73,140499.42,144826.35,149999.62,155580.77,159226.92,159461.15,161345.38,164521.85,168076.35,170055.19,171581.54,171855.77,166057.69,167787.88,172211.54
E12000004,East Midlands,E07000175,Newark and Sherwood,52603.85,53413.08,54784.42,54636.35,55650,55655.77,55534.42,56586.54,56591,57431.73,57851.73,60155.85,62209.62,64183.23,65457.69,66663.46,68929,68030.46,70592.31,72880.77,73232.5,75413.46,77390,79011.54,83730.77,85245.58,90740.19,97241.92,106953.85,113049.81,119101.08,126763.42,129455.38,131532.12,136239.42,138870.38,143089.62,148455.38,149424.31,151853.65,150895.77,152069.04,151592.31,153613.27,156349.62,159843.65,160757.69,164372.88,168819.23,168730.15,167480.77,163989.42,159088.08,153942.31,149673.08,145745.77,149173,153677.65,156074.92,155515.19,154380,149771.15,149692.12,152498.08,154005.19,155646.15,152442.31,152205.77,154728.65,155249.81,157613.08,160701.62,163345.77,164132.12,164625,165876.35,166436.35,165228.46,166153.46,172091.92,177615.38,178736.35,181497.88,181901.73,184009.62,187534.23,189843.46,188563.08,191784.23,194019.23,198077.88,201400,206734.42,204711.35,205903.65,207905.38,208384.04,217706.54,214418.46,223133.85,224806.73,232095.19,236037.31,238922.31,239537.69,237185.96,233279.62,240943.46,250191.54,253480.38,256393.85,255788.27,255215.38,252538.46
E12000004,East Midlands,E07000176,Rushcliffe,68478,69756,69961.33,69606.5,70779.83,70500,71173.17,72863.33,74478.17,76077.5,77061.93,77328.33,78166.67,78275.33,81667,85540,87160.07,89714.67,91868.33,97060.03,105055.7,108240.7,111940,114941,114936.67,116906.67,120641.67,128939.5,138708.33,144546.67,155556.67,167555,169033.33,172656.43,175273,177781.67,183083.33,186813.33,190530,191373.17,192575.67,189188,189866.67,198413.6,198419.83,201105,206945.77,206294.67,209563.33,209551.67,202885.83,199783.33,194363.33,191730,187576.67,188170,192326.5,193929.67,199228.33,207631.67,212131.67,211823.33,208752.3,206478.73,208472.73,205945.03,206596.33,206479.33,205091.4,206728.33,206163,208600,209183.33,210648.33,211088.17,214893.33,220634.17,225148.17,228996.5,236513.33,247106.7,251495.03,255283.33,264126.37,267894.33,275679.33,275832.67,277469.17,273060.83,271112.43,278144.17,280551.4,286461.33,288422.83,288487.83,290028,287914.83,287582.67,290696.67,293138,306833.17,315027.67,320391.33,318778.13,316608,313329.33,314933.17,340851,352147.33,355518.33,355926,352754.67,343772,340034.17
E12000005,West Midlands,E06000019,Herefordshire,63074.78,62971.74,62106.74,62141.09,63284.57,63653.26,64946.52,66601.09,68162.72,69679.35,70969.57,74346.3,74844.57,76061.74,77482.61,80322.61,82929,84726.85,88430.43,90925.33,94743.48,97117.28,99496.41,101424.89,104179.35,106699.61,111819.46,120683.15,127358.7,134880.22,138640.22,147214.02,153873.7,158255.43,165925.43,172925,177907.5,181116.3,183528.15,182198.26,184674.02,186409.78,189996.52,194649.89,198641.3,201887.93,205831.09,207862.83,210516.3,213892.39,213463.91,212990.11,206531.52,198869.57,188245.87,189084.78,193445.65,198553.26,201918.48,202809.78,203863.04,201678.26,201290.87,199631.41,197465.22,195405,196108.7,193840.22,196068.48,197760.87,196118.48,197664.13,198971.78,200747.93,202077.17,204340.22,207141.3,210934.78,213183.7,218009.46,219754.13,218436.96,220253.15,223140.98,224557.7,230944.35,231773.59,232287.72,233770.65,235780.43,238259.57,242194.35,244214.13,245703.04,244782.07,244309.78,247457.28,249585.43,253903.04,255276.74,273489.13,280019.46,285956.41,285014.13,282386.85,285662.83,285079.13,301682.39,310612.83,315028.15,320931.2,315031.52,308172.83,301641.3
E12000005,West Midlands,E06000020,Telford and Wrekin,46515,47208.02,47911.98,48602.92,49089.06,49165.52,49887.29,50478.19,50195.52,50735.21,50756.04,52333.13,54510.94,56285.19,57706.88,58780.06,59472.71,60142.29,61159.17,62536.58,62892.4,64346.77,65617.4,68330,70928.75,72323.33,74305.71,78610.1,83212.29,87210.42,93677.71,99998.75,105553.08,110148.75,114632.15,118084.13,123880.63,126068.96,129752.08,129288.33,129105.83,130495.73,132067.5,135247.71,137796.88,139753.83,143466.31,144753.85,145412.17,147132.88,147098.52,145870.42,143789.54,141435.4,135975,138462.4,139357.58,139702.88,140539.27,140528.85,140145.42,138478.85,136846.54,137557.19,137228.92,137356.94,137398.75,135128.54,135253.56,136929.17,136358.33,136745.52,137723.23,138351.67,139144.38,142765.19,145616.25,146527.92,148248.75,146341.35,147911.77,147151.56,148566.04,151879.06,153840.1,157214.9,159136.35,159536.25,156454.94,156451.25,156318.13,158059.9,160848.96,163886.15,167652.08,168400.21,170018.75,170434.17,171702.92,176171.88,179762.29,184591.25,190776.88,195744.79,198450,201171.77,201655.1,206068.81,210729.79,212357.75,213743.77,211776.04,210550,210007.29
E12000005,West Midlands,E06000021,Stoke-on-Trent,35009.02,34523.33,33752.88,33432.65,33533.33,33534.85,34054.55,34597.88,34962.88,34923.48,35733.33,36108.56,36299.24,36694.7,36525.45,37002.27,37230.12,37588.36,38580.98,39044.62,39206.52,39710.94,39825.82,40443.56,42350.76,42888.64,44853.03,45580.3,47782.05,50726.89,54080.23,57257.5,60840.15,63775.68,69263.64,75405.3,80345.98,83362.12,86022.58,88686.86,89912.24,90193.18,91841.39,92984.58,93349.77,94267.42,95979.79,97293.94,98914.5,100416.59,100766.52,101445.36,98891.65,97275,93702.42,91713.11,90679.62,90219.62,92026.36,92729.32,92677.12,92382.42,90502.88,90502.27,89377.27,89545.38,89361.36,88672.73,89072.02,88696.3,89752.95,92172.65,92309.09,94267.65,95493.94,95777.27,96468.18,95550.68,97230.3,99375.76,101978.79,102511.36,105985.61,106507.42,107131.67,108978.33,109043.11,111352.88,112615.76,115489.24,115840.15,118214.92,121469.55,122108.79,123719.24,122083.94,121849.67,123049.24,122715.76,125334.62,127942.27,130471.06,134455.08,137952.88,139459.89,140481.29,141244.88,144700.68,147444.55,146156.82,146701.36,146575,143796.14,144265
E12000005,West Midlands,E06000051,Shropshire,58299.29,57424.1,58311.54,59978.78,60367.05,60775.51,61622.12,62912.63,64383.72,66150,67588.27,69460,69788.91,70637.05,71521.73,73115.9,75729.74,76567.24,79261.79,82369.81,85581.92,87254.42,89492.87,92880.51,95132.37,96906.86,101916.54,108684.36,115635.26,122879.42,131613.53,136993.01,143777.95,147757.31,152889.08,161179.03,165945.45,169384.99,172786.91,172663.46,174022.95,176337.82,180199.53,185991.79,189801.58,191179.23,192008.21,194310.58,197495.97,200322.88,199260.71,196163.13,190536.56,186292.06,182918.37,184553.09,183257.9,185718.96,188703.08,190470.31,191188.91,192308.85,190322.95,186580,188079.86,184806.9,184517.41,184461.9,186047.21,187172.18,187884.55,186226.79,186831.35,188402.31,190103.97,191956.92,191613.4,193093.91,191842.31,195558.53,199908.97,199462.12,202189.63,205945.13,211581.73,214470.96,216891.97,219188.08,218067.76,221477.95,221629.21,223180.44,224526.09,222751.22,225392.63,225990.94,229234.47,233819.09,233847.94,239690.18,247520.38,258271.86,267506.67,267682.31,269402.56,265610.06,263251.56,276965.06,287857.44,291538.44,296066.41,289423.97,282463.91,281635.13
E12000005,West Midlands,E07000192,Cannock Chase,44965.38,45121.46,45630.38,45848.27,46944.23,47513.08,48365.38,49220.77,49358.85,49918.65,50855.88,51148.08,52775,53050,54213.27,56094.04,56906.35,56930.15,57824.42,57576.73,57778.65,59578.46,61093.65,63390,65301.54,67520.77,72906.73,75975.96,80409.04,82066.54,84968.46,90292.31,94815,99395.58,104680,110124.04,112363.08,115237.88,118609.81,120588.46,122626.81,125876.92,128428.65,129645.77,131099.62,130938.46,132493.46,133952.62,137011.08,140006,138663.08,134555.69,129459.23,126562.88,124760.85,122863.08,126384.62,125951.92,125048.08,125923.08,125442.31,128038.46,129292.12,128346.15,124269.23,125519.23,124201.92,126442.31,129134.23,126880.38,129576.15,132197.88,131865.38,133473.08,136513.46,137132.23,137421.15,139057.69,137750,138103.85,142288.46,144423.08,148861.54,151191.92,153495.58,156359.62,158276.92,162765,165517.12,166994.04,164684.23,164365.38,165284.62,167028.85,171238.27,172726.92,174184.42,176418.65,177051.54,182801.92,186611.15,193485.96,200111.15,201032.31,199209.04,201158.46,204250.77,212644.27,218507.69,219351.92,223807.69,220246.15,220442.31,218971.15
E12000005,West Midlands,E07000193,East Staffordshire,45490,45411.67,44173.33,46070,46520,47646.5,48371.67,49516.33,50511.4,50741.6,52144.33,54143,53457.57,54866.67,55056.67,56146.67,57958.33,58948.83,60330,60842.6,62965.67,64108.33,67449.33,70546.17,71077.6,73119.67,77216.67,81909.63,88238.33,92841.67,97391.33,101421.5,105815.7,110572.27,116373.33,122504.83,127233.33,132308.33,135991.5,136729.67,134798,133793,138223,142374.67,146913.2,153858.33,152608.33,153470,154391.6,152819.87,151543.33,150356.8,148921.33,146788.53,142224.83,138710.33,140166.67,142790.67,148216.33,152927.67,147875,147259.67,145341.17,139395,140895,140890,138270,139863.33,144923.33,148055,148166.67,149636.27,150381.6,147351.67,149976.67,151386.87,151730,156383.33,163413.33,170448.33,172862.67,170371,172829.67,172974.67,176757.67,183968,187530.83,190626.33,195361.17,195632,194777.67,195812.67,193961,196366.33,197516.33,194943,198682.67,202035.83,203728.17,212964.17,221049.67,221244.5,224032.83,221782.83,221948,219216.67,220197.33,228761.33,233163,236589.5,238296.33,234149.83,230190,230830
E12000005,West Midlands,E07000194,Lichfield,65300,65658.33,65302.08,66314.54,66425,68116.25,68658.13,69641.25,71125,71183.33,71762.5,73014.58,76427.08,77691.46,79512.5,80766.67,84739.58,90097.92,91250,94366.67,97018.75,96787.5,98210.42,99966.46,101137.5,104141.5,108735.92,116718.33,123778.96,129685.42,137243.33,145856.17,155753.75,160456.25,162262.5,168505.83,169825,171739.58,180822.71,181802.08,182662.5,183452.08,185214.58,186612.29,191851.88,192422.71,195793.58,196822.5,194131.04,192985.42,193102.79,195442.5,196847.92,193918.75,188104.17,180066.67,180164.58,186322.92,192641.67,194287.25,198567.29,191993.75,192929.17,188704.17,186370,189349.17,186810.38,189431.21,190453.67,190264.58,187860,187412.5,190162.29,190916.67,195007.5,201339.38,205756.25,210215.63,217350,222187.08,219681.25,217245.83,213572.92,217569.58,225697.92,230297.92,231887.29,232977.08,236739.58,236306.25,242599.17,244389.17,248372.71,247687.5,248250,251245.83,253956.25,253266.46,257245,259416.25,276343.75,286183.33,292947.92,288391.67,290958.33,289054.17,284103.96,302568.33,304541.25,305749.79,316582.92,311958.13,303933.33,305250
E12000005,West Midlands,E07000195,Newcastle-under-Lyme,43995.31,44295.31,43666.88,43773.28,44577.81,45578.13,46976.41,48301.56,49308.59,49862.03,49381.25,49929.69,50581.25,51042.19,52299.69,52199.06,52991.88,53790.78,55139.53,56281.25,56271.56,55929.69,56242.19,57996.88,59042.19,59319.84,63507.69,66245.16,69441.88,73510.78,78074.84,82356.25,89414.06,94473.5,100463.75,108082.81,111776.72,115020.31,116429.53,118459.38,122942.97,124906.25,125282.81,128705.47,129306.25,130493.59,131956.25,131306.25,134379.69,134978.13,137084.38,137707.81,136387.34,133652.78,124096.56,121321.81,123240.47,123750,127054.53,127671.88,125221.88,126239.06,127640,125916.25,126061.88,126013.91,124503.34,126840.31,129349.69,126801.03,129393.41,129419.84,129784.22,131528.13,131772.97,133742.19,135795.31,134709.38,132405,136592.19,138820.31,139111.25,141998.13,143093.75,142696.88,140807.81,140420.31,141464.06,144734.38,147120.31,150240.47,152993.75,154854.38,154835.78,156785.63,159392.97,157220.16,160357.81,161802.34,161109.06,167315.31,168690.63,172353.13,175218.06,174607.59,174749.94,176625,180943.59,186548.13,187140.63,191069.84,190585.78,188443.59,188395.31
E12000005,West Midlands,E07000196,South Staffordshire,60307.69,62073.08,61826.92,62765.38,63750,64188.08,66763.46,67354.81,67095.58,67678.85,67926.15,69428.65,70269.65,71900.42,74374.81,76869.42,78748.08,79728.85,80877.12,85398.08,87221.23,88703.65,92507.69,92153.27,92840,95013.27,100188.27,112688.27,121063.46,122436.54,127239.81,131795.96,137182.12,138995.96,143882.31,150680.77,154821.15,158705.77,163035.19,162593.85,163807.69,169111.54,171530.77,174280.77,179228.85,180015.38,184822.69,185319.23,187926.54,190819.23,187807.69,189823.15,182845.77,178892.12,177557.69,175284.62,174690.38,175321.08,176830.77,178934.42,182401.5,180145.77,178188.08,176515.35,170653.85,170157.81,170517.31,177378.46,180922.31,181730.77,179343.85,174846.15,174667,174211.15,179167.31,182205.77,183842.31,190076.92,190651.92,192973.38,197186.54,197900,201323.08,200403.85,200675,201669.04,204305.77,209417.31,209380.38,216117.31,214292.31,216142.23,218851.85,220553.65,223188.46,228807.69,232615.38,236032.5,241453.85,243746.15,249466.62,262215.38,269247,267480,267418.46,263769.04,269310.96,277882.5,286111.15,283845.96,281063.08,280728.81,276730.77,277434.42
E12000005,West Midlands,E07000197,Stafford,54534.06,54276.56,54737.5,55484.06,56285.94,56809.38,57774.69,58793.59,59623.44,60503.28,60959.38,60907.81,62685.94,63348.44,64609.38,67345.13,66989.06,68574.13,70154.69,71181.56,75125,76000,80303.13,81001.56,82850,86882.66,90657.5,95710.78,101632.19,106846.88,113904.69,120324.22,125953.13,129071.09,133293.59,141629.34,148988.59,151846.41,154995,156389.38,158433.91,157283.75,158168.59,158855.94,160871.72,162233.44,165896.56,167911.88,169740.16,173138.75,174615.5,172575.38,169435.94,166871.88,158667.19,156589.06,156277.78,161352.97,161446.88,163838.75,168020,161685.63,159499.84,162653.13,159510.94,161573.44,160729.69,161253.13,161218.75,162216.88,164623.44,163826.25,165102.97,164337.03,165935.63,169123.13,169820,172632.66,173494.69,175092.03,180520.63,183312.5,187696.56,189199.53,192546.88,195917.03,194930.47,196307.5,197185.31,198699.53,202924.53,205871.56,208121.56,209874.38,210271.59,210305.94,213841.38,212122.94,212637.34,212652.84,218499.63,225087.03,232718.31,234107.75,234078.91,235995.16,233063.91,240215.63,245966.72,246743.75,250310.78,248640.63,250152.97,249516.41
E12000005,West Midlands,E07000198,Staffordshire Moorlands,49042.31,49277.88,48821.54,49384.62,50351.92,50265.38,50655.77,51944.23,51671.15,51730.77,52301.92,52126.92,52782.69,53755.77,54858.65,58136.54,59415.38,61025,62742.31,61946.35,62798.08,63296.15,64105.77,67011.54,70726.92,70915,74667.31,79150,81469.23,86098.08,91447.88,98111.15,104836.54,107011.35,113386.54,118857.31,125661.15,129013.46,131350,135875,137819.23,139996.15,143500,144025,144725,146626.73,146484.62,148030.77,150205.77,150451.92,150190.38,148834.62,149792.19,148750,140017.31,138665.38,136565.38,137753.85,140365.38,142121.15,142807.69,140363.77,137477,140545.85,136532.38,139748.77,140759.08,138603.85,139555.77,136015.38,134726.92,138632.69,139534.62,141978.85,144028.5,144074.31,146098.08,147800,151168.65,153884.23,154988.46,153182.69,154090.38,155340.38,158219.04,160745.96,160813.08,162176.54,165530.77,163034.42,167444.92,170146.15,168493.62,172705.77,173707.69,178359.62,179380.77,179596.15,181667.31,183955.77,193640.38,203480.77,211230.77,210015.38,210033,209269.62,205381.54,213948.65,221382.31,221197.69,222921.15,222259.23,215382.5,216076.92
E12000005,West Midlands,E07000199,Tamworth,48897,49675,50012,50120,50785,51254.75,51822.25,52937.5,53956.25,55165,55262.5,56305,57047.5,58097.5,59685,59470,61342.5,60855,60291.95,62502.5,64172.25,65875,69090,71822.5,73515,74939.5,78539.75,81837,85345,88155,93560,96987.25,104577.5,110420,115675,120375,122322.5,124774.5,127320,127347.5,129342.5,131517.5,135174.75,137759,139842,140623.5,142262.5,144322.5,141252.5,143040,141179.75,138275,137180,134397.5,130200,126250,133097.5,133487.5,136120,134799.75,132322.25,133471.75,136174.5,136267.5,132324.75,132692.5,129896,130807.5,133175,132845,134994.75,134649.75,136400,137728.75,139690,139590,144470,143372.5,143217.5,146520,148150,153125,156761.25,163829.1,165342.5,168897.5,170445,168775,172525,177535,185897.25,189724.5,189599.5,191222.45,193949.5,194595,200522,201169,201794,204724,207446.5,217896.5,222096.5,222174.75,223722.25,219821.75,222153.25,232162,240823.95,247149.25,247511.75,249696.5,242950,237449.5
E12000005,West Midlands,E07000218,North Warwickshire,51628.57,53167.5,54124.29,54956.79,55346.43,56057.14,56239.29,56542.86,56771.07,58428.57,58534.29,60189.21,61810.36,61778.57,62382.14,63417.86,64857.14,64860.71,67567.14,69739.07,69992.14,71782.14,72492.07,73425,75735.71,75999.29,82432.14,87814.29,95356.43,99235,101525,105210.71,109492.86,114417.86,120803.57,129032.14,134700,138200,139175,140642.86,145921.43,147271.43,148382.14,150067.86,147850,149596.43,150171.43,155249.29,157271.43,158319,158777.86,157271.43,153207.14,150035.71,148857.14,148633.14,152782.14,151000,149210.71,149271.43,146781.79,145771.07,147628.57,142635.71,141410.71,144460.71,144428.57,147924.64,148464.29,148107.14,147600,146214.29,152295.14,152000,154119,157892.86,159500,163750,166321.07,171067.86,172495.71,171678.57,176346.43,175346.43,180278.57,184746.07,190842.86,192875,196606.79,203628.57,200428.57,210713.57,211813.57,211782.14,214582.14,210674.29,209917.86,205463.57,202285.71,217956.79,228957.14,251420.71,258213.93,258461.93,256585.71,253416.07,250428.57,257571.43,261078.57,260785.71,259357.14,243964.29,245460.71,246246.07
E12000005,West Midlands,E07000219,Nuneaton and Bedworth,45428.88,44436.62,44683.68,45147.06,45682.21,46360.29,47383.18,48271.91,49063.24,49449.26,49916.18,50419.12,51066.18,52011.62,53399.85,54442.5,54545.44,55466.18,57730.44,59597.62,62179.12,63858.76,66262.94,67893.53,69289.26,70711.03,73379.41,77754.41,81533.82,85374.82,91705,96792.35,102187.71,103752.94,109477.65,112982.26,116888.24,121650,124402.79,125411.32,126049.71,126674.71,127585,129941.53,131985.24,133070.59,135413.65,137253.82,139008.53,139463.24,139042.35,137199.97,132301.24,130226.47,125604.47,123313.38,125123.53,126217.35,128338.24,130110.29,130510.29,130845.59,130213.09,129485.29,127997.06,127516.18,127646.91,127700,127395.44,128482.06,129132.5,131791.18,132373.24,134305.59,136261.76,138175,141083.82,140892.65,142305.88,143791.18,146098.53,147005.88,149833.82,152830.74,153703.82,156905.44,158454.41,162729.12,165555.59,169923.09,173079.12,175485,177477.65,178430.15,177528.68,178050.59,178652.35,181381.62,182381.62,186155.59,188455.59,194814.12,198768.88,202835.26,205643.79,208896.91,215699.56,218470.59,223267.35,224952.21,223873.24,225467.21,222927.06,219697.06
E12000005,West Midlands,E07000220,Rugby,54763.46,53996.15,53601.92,54084.62,55736.54,56763.46,58811.54,60768.85,63538.46,64134.42,68092.31,67556.54,68419.23,70032.69,70221.15,70184.62,74128.85,73649.81,76847.88,84001.92,86526.35,89957.5,91307.69,94236.54,98639.81,100980.77,108401.19,114084.42,117659.23,120245.77,123207.69,127384.23,132214.62,138026.35,143572.69,149185.96,153107.69,155068.85,159041.54,159690.19,160038.27,160615.38,162607.69,164968.85,167465.19,167875.73,166122.96,166150,168482.31,168109.62,172494.23,174127.62,168892.31,168484.62,158720.77,153076.54,155192.31,155591.92,159082.31,164792.12,170513.46,169957.69,169519.23,164057.5,161269.23,163419.23,164574.23,168711.54,168438.08,167259.62,168741.23,170784.42,174957.31,177288.08,183538.08,185499.23,192057.31,192267.12,195345.77,198670.38,199280.38,202084.62,205676.54,210572.19,214497.31,218538.08,216307.69,220351.73,222722.77,227157.12,230889.81,236627.69,238997.12,238881.92,240918.85,237510.58,238018.85,236649.62,235018.85,242170.38,251749.62,261195.96,266843.85,267422.31,267412.31,271563.85,269016.15,280601.54,287855.19,288113.08,295457.69,294172.31,290653.27,293363.08
E12000005,West Midlands,E07000221,Stratford-on-Avon,78843.33,79873.33,81713.33,82037.33,82743.33,84790,87409.83,89332.33,92730.67,95844.67,98756.5,101914.67,105118.33,106375,111211.67,115299.83,117823.33,119949.17,122225.83,124730.6,131570,134379.67,136465,142881.67,144279.17,147990,152939.83,157174.83,167926.33,176375.4,183090,189606.1,189468.77,191409.67,195394.63,206553.33,211286.33,212878.17,215964.67,215712.33,219733.3,220648,225513.33,232223.33,236085.5,237834.17,243367.53,247160.53,250360,249579.73,248516.33,244339,243439.67,235716.67,221159.4,228802.83,219029.67,227061.67,230296.67,235399.67,244211.67,242593.33,242646.67,244656.67,238245.67,236448.17,243491.67,242263.3,249577.33,250646.23,249798.27,246346.33,250854.67,247763.1,250679.33,256249.5,262963.33,272176.33,274214.8,278729.5,286266.33,285898.33,292113,296551.83,294055.33,299376.33,304483,307082.83,317183.17,321066,320533.17,323663,323593,327033.17,325616.67,326350,328516.77,333814.5,335079.5,341824.07,349449.33,366464.5,371829.67,367465,365841.7,355200,358463.33,374200,380468.33,391639.33,389791.5,384818,379663.17,381441.63
E12000005,West Midlands,E07000222,Warwick,67089.83,68430.33,68472.97,69358.73,70451.67,71139.83,71930.9,73178.17,75746.67,77769.83,83038.33,88311.67,91608.97,92163.17,93138.53,96261.33,99372.67,103009.57,107498.17,110220.37,113205,113748.33,117374.83,118493,122588,126588.33,132573.17,141288.33,146797.73,155676.33,162656.67,168273.33,172711.33,175280,179588.33,185903.33,191510,193798.33,194928.33,196605,195551,193133,195930,197141.63,204539.67,207781.33,210760,215991.67,213843.33,215471.33,217268.33,211448.33,207415,204581.67,197698.33,197195,198735,203196.67,205406.67,211646.5,218465,218098.33,216800.03,214425,214065,215500,218240,219065,221595.33,218590,216921.67,223003.33,227004.5,231224.97,233893.33,240457.4,246956.6,251506.5,261148.17,264808.17,270998.33,274746.33,278599.67,287816.33,294831.67,300953,302549.5,308899.5,311929.67,310210,316048.33,324133.17,328391,328860.83,325027.17,325458.5,319625,325315,323675,320633.33,330563.33,341186.67,347984.33,347883,345054.93,346016.47,345349.67,358103.33,361915,365595.17,374412.5,373254.23,378461.33,371040.33
E12000005,West Midlands,E07000234,Bromsgrove,72781.79,73182.14,75785.71,76630.36,78178.57,77722.32,76815.71,77614.29,78248.21,79175,80948.21,83789.25,85100,84831.36,88378.57,92142.82,96850,100528.57,105846.43,112700,115878.57,116490.5,118483.93,118190.18,122040.71,125338.21,128978.39,136885.54,143099.64,148683.21,153435.36,156938.93,164751.79,172007.14,178991.07,189474.82,193528.57,196658.57,195446.25,199110.71,198639.29,199576.79,200563.93,200887.14,205603,206417.5,210081.96,216671.07,215224.93,218494.29,219992.86,217050,211855.36,211415.96,199241.79,194173.21,194460.71,197197.89,200801.79,204285.71,210391.07,209175,211696.43,206842.68,209396.07,207748.57,205758.75,210142.82,210483.93,206842.86,211642.86,212666.07,209068.89,213292.86,218246.39,224247.86,229705.36,233228.21,237255.07,243870.71,247958.04,247639.29,250812.32,253338.93,260194.64,264892.86,269973.21,272653.57,275810.54,278316.07,281046.43,285861.64,288353.75,289746.79,293696.07,293991.61,292052.86,294177.86,291292.14,291676.07,302964.29,312962.5,323464.29,323684.11,325428.21,326243.21,328089.29,340205.18,344373.21,347624.82,347666.86,343735.54,343526.79,342262.14
E12000005,West Midlands,E07000235,Malvern Hills,69061.36,70115.91,68420.23,69102.27,68747.5,70915.45,73885,76225,78131.82,78886.36,81461.36,82806.82,84350,89043.18,90359.09,92968.18,95247.73,97254.91,103402.05,105825,108834.09,107190.91,111068.18,117622.73,121065.91,125795.45,130427.5,142681.82,158700,159977.27,169431.82,174070.45,178838.64,181768.18,189861.36,197073.64,203049.68,209761.82,212000,209181.82,204640.91,202429.55,203222.73,211086.36,221131.82,228495,233449.55,235583.64,237063.64,236520.45,231879.45,231290.91,226859.82,221603.91,216340.91,211363.64,203347.73,211354.45,210715.86,214995.45,223431.36,222743.18,220679.55,219370.41,219897.73,217379.09,214336.36,213838.64,208317.73,215000,214020.45,215409.09,216637.5,212250.05,220344.09,223587.05,231167.73,234795.86,230594.55,234772.5,239545.36,240011.09,243509.09,245522.73,253659.09,256790.91,263704.55,270590.86,263681.82,270176.64,265634.59,264229.59,274908.64,281454.09,288280.77,288617.73,286636.14,285634.09,280136.36,280670.23,294065.91,309796.36,327885.91,327806.82,320300.05,318863.64,306020.77,313975,332367.5,333247.73,345488.41,341727.27,345636.36,343113.64
E12000005,West Midlands,E07000236,Redditch,51992.27,51873.08,52282.31,52673.08,52955.77,53805.77,56215,57532.23,58361.54,58770.96,58921.15,58205.77,60056.73,60951.38,61847.5,64287.27,67057.69,68286.35,70830.38,72755.77,73449.81,75338.46,79217.31,81661.15,84878.65,87615.38,88169.23,93257.31,98463.46,103038.46,110765.19,115703.27,118707.31,122586.15,127153.27,131125,136341.92,138357.31,136419.23,137825,138298.19,139315.62,141428.46,143811.54,144632.69,146426.92,149975,151844.23,154090.38,154132.69,153809.62,150686.54,145321.15,144575,142659.62,138596.15,140524.62,143172.69,143999.62,146845.73,148093.46,146169.23,145434.62,142701.92,140403.85,142711.54,143384.62,144192.31,149517.31,149592.31,148844.23,148650,149015.38,150965.38,157094.23,161309.23,166278.46,167691.54,167275,170656.54,170623.31,172355.77,176544.77,178951.92,180305.77,183230.77,187173.08,189346.15,190942.31,191630.77,197076.92,197046.15,202332.5,203598.65,206572.69,210711.15,210861.54,213805.77,212634.62,216205.77,219418.46,230095.77,234921.15,235173.08,232688.46,229592.31,227826.92,237260.27,244057.69,245067.31,244986.35,242961.54,241680.77,244388.46
E12000005,West Midlands,E07000237,Worcester,49208.93,49078.5,49228.57,49281.79,49857.14,50906.25,51885.54,53055.36,54199.82,54840.71,55701.61,56622.64,58383.93,59849.46,61296.86,63585.18,65849.46,67406.61,69825.18,72358.21,74260.07,75652.86,78921.07,80501.79,83032.14,85935.71,89351.79,95869.29,102210.71,105960.36,110883.93,117550,122137.5,124451.79,129512.14,136496.43,141657.14,146483.93,149278.21,147357.14,146505.36,145907.14,148285.36,152753.57,157799.82,160637.5,163575,165455.36,168671.57,169469.64,168674.82,166798.21,162480.36,156982.14,150964.29,149194.64,149955.36,151620.54,153696.43,153214.29,154198.21,154371.43,152857.14,155392.86,155464.29,157371.43,158178.57,158053.57,156815.18,158237.5,158811.61,160403.57,161523.57,160803.57,162867.86,166516.07,168946.07,170821.07,171897.86,173353.21,177595.89,177201.29,180683.68,182189.14,182494.64,185552.14,185897.86,188187.43,190535.29,193533.93,194258.93,195728.57,198500,198946.43,203267.68,202291.07,203272.18,205550.75,207062.5,210179.46,213821.43,224071.25,226521.07,226428.57,226803.21,227589.29,229135.71,239589.29,247205.36,250673.57,249358.04,248785.71,245356.07,244267.86
E12000005,West Midlands,E07000238,Wychavon,68106.58,69130.26,71009.21,73307.89,73023.03,74144.74,76966.97,79409.47,82003.95,83080.13,83869.74,85312.89,86107.87,88751.18,91610.53,95282.76,98564.47,101457.89,106332.76,108994.74,112373.68,114743.42,120301.32,123831.63,126428.95,127889.47,129939.21,134006.32,142559.21,149181.32,159372.11,168553.68,174449.61,176066.84,180841.45,189269.74,196027.5,199756.58,204061.18,204559.08,204588.16,204206.58,204837.76,208163.16,210767.05,213794.71,218507.89,221271.34,224692.11,227394.61,224497.37,223984.21,217139.47,210405.26,202630.26,195671.05,196965.39,200852.63,205677.63,210415.79,218270.92,215890.79,213426.76,211010.53,213683.95,208420.79,207498.42,206450.92,203943.03,204693.03,206032.89,208554.87,214787.63,218785,222207.74,225186.71,229489.34,231670.79,235809.03,243865.39,249166.84,250683.95,253776.32,255143.82,256378.68,258316.97,260855,266533.95,269573.68,270351.32,271199.61,271197.24,274139.74,274205.13,274985.39,272849.74,273257.58,277983.79,278236.84,283481.32,294778.68,302605.13,309907.37,308929.5,316157.89,320931.58,318628.95,331758.82,336064.47,339973.82,339736.84,334578.95,331875.66,339684.21
E12000005,West Midlands,E07000239,Wyre Forest,51280.36,51976.61,53055,52674.64,53556.79,54620.89,55265.18,55660.71,57370.54,57753.21,58914.11,59628.57,60015.71,61094.64,61864.29,64051.79,65401.79,66639.29,68135.71,69500,70710.71,73023.43,75803.57,80658.57,84253.57,86176.79,90203.57,93601.61,98817.86,101955.36,108226.79,116194.64,123533.93,125949.82,130761.79,136292.68,139505.36,144962.5,146330,144687.5,146330.18,144653.57,148190.71,150406.96,151500,155100,156950,160210.96,160107.14,161046.43,160675,159710.71,157837.5,154292.86,147419.64,147614.29,146621.43,147526.79,149005.75,150837.5,148917.86,149142.86,149639.29,146500,146967.86,146191.07,147003.57,148171.43,150758.93,150532.14,149085.71,152078.57,152803.39,154125,157000,157246.43,161164.29,160385.36,161517.5,162403.21,161237.32,164342.5,166271.07,166571.07,173328.11,174855,175585.36,177633.57,181372.86,183364,185414.46,187157.14,188339.29,188785.71,187862.21,187216.68,184956.86,189232.14,191660.71,195625,209168.75,214540.64,221625,223117.86,223235.36,225235.54,228328.57,235392.86,241825,243312.32,240823.21,242255.61,240710.71,237049.64
E12000005,West Midlands,E08000025,Birmingham,46232.2,46290.37,46567.07,46683.84,47040.93,47684.07,48406.81,49462.78,50081.39,50297.4,50674.07,51896.02,52969.06,53108.42,53635.1,55078.65,56101.51,57595.71,59234.11,61586.27,63904.26,65650.8,67638.77,70645.74,72546.89,74279.73,76866.91,81298.58,87071.17,92374.05,98004.67,102822.72,107878.11,111324.27,115075.34,120406.84,124957.2,128184.87,131010.27,132477.88,133025.04,133807.58,134850.9,136381.47,138496.55,140045.1,141854.28,143646.95,143904.46,144689.32,144538.9,142974.81,140296.2,136256.22,129731.27,127434.28,127412.32,128503.2,130258.44,131919.18,133569.96,133735.08,133303.51,131912.58,130312.71,131304.97,131150.8,130907.7,130771.5,130504.61,130509.98,132392.88,134263.97,134722.09,137623.39,139052.75,140956.72,142549.81,143567.72,145721.36,148247.92,150370.76,153340.45,156501.25,158434.08,162146.35,164990.69,167514.11,170401.07,172112.13,173937.58,177611.1,179787.58,182914.62,184552.22,185736.06,187698.77,188286.47,189884.87,191981.76,198831.76,207190.69,212994.49,214919.22,215519.02,216702.35,216529.25,222622.14,229087.84,232834.26,234670.42,235532.54,232689.47,231949.36
E12000005,West Midlands,E08000026,Coventry,43262.65,42789.94,42857.14,43002.8,43421.85,43995.12,45243.45,45465.36,45873.81,45938.69,46434.29,47385.12,49378.57,48954.76,49874.4,51587.86,52708.82,54082.4,55361.07,57054.9,59078.57,60794.46,63021.31,64702.92,66833.93,69517.86,71489.82,76472.02,81095.24,85489.88,90804.46,94117.85,97990.48,102932.74,106596.17,111877.38,115428.89,117534.76,119798.39,121141.13,122506.9,123097.2,126408.19,128142.86,132642.68,135357.67,133967.36,137198.46,136985.93,137322.96,136781.51,133885.56,129687.71,129214.29,125951.79,117829.76,118124.5,119840.42,122545.69,125978.21,127760.38,126759.7,125823.51,123568.99,123152.89,122887.14,122987.65,122824.05,123315.36,124108.74,125635.24,128249.94,128948.74,130796.62,133643.77,135911.42,139096.07,141090.71,143825.89,149408.64,153310.51,153530.6,155996.79,161344.4,163001.61,169788.45,170011,173912.08,177329.46,179812.31,182252.02,182702.32,186410.36,187465.18,188091.37,189480.25,191867.62,193034.64,192899.07,193363.57,193915.21,198166.86,202895,206594.55,208620.31,211415.36,214455.77,223255.3,230395.18,233238.54,231345.27,231496.17,223726.19,221100
E12000005,West Midlands,E08000027,Dudley,49759.88,49946.24,50316.92,51233.66,52313.4,52727.67,53405.64,54302.91,54911.37,55407.44,56274.31,56131.34,56652.08,57074.77,57995.29,59022.62,60448.08,61737.67,62772.67,64797.67,66125.92,67005.23,68191.22,69788.14,72372.62,74250.52,77194.77,82223.78,86783.33,90623.55,95174.19,100566.22,106063.2,109134.24,113158.72,117887.15,121208.72,124594.01,126464.36,127057.91,128014.36,130397.62,131478.49,133425.99,135960.35,136202.91,137903.49,139902.47,142560.93,143475,143260.2,142647.02,138838.95,136728.98,133566.86,131307.67,133273.37,134100.47,134464.81,135342.85,136555.81,135824.01,134975.52,133954.42,133333.08,133058.08,131543.52,132444.19,133135.47,132329.01,134312.56,135126.05,135705.12,137013.9,138834.3,139931.22,142652.44,143879.74,145920.7,148432.44,151078.2,151186.05,153852.27,155522.62,155930.12,160127.33,162636.05,161965,165669.65,165336.63,167495.64,171353.98,173142.28,174795.26,175555.14,179517.93,180502.33,181765.87,183390.29,185533.14,191702.27,198888.49,202262.09,203748.26,206549.88,207610.99,209948.84,216950.58,224742.16,229400,229234.3,228301.74,225534.19,226037.03
E12000005,West Midlands,E08000028,Sandwell,41842.18,41623.14,41624.63,42219.56,43182.91,43557.9,44067.95,43890.95,43980.9,44319.1,44453.85,45080.77,45798.72,45821.67,46272.05,46725.31,46856.21,47190.9,47784.49,48308.21,49211.99,49724.94,51446.79,53174.15,54617.18,56441.54,58194.79,61025.32,66126.92,70305.45,74833.65,80034.64,84973.46,88957.99,92833.32,98364.23,102143.88,104778.97,106641.46,107898.27,108912.27,109907.38,112221.35,113775.71,115727.4,118018.58,119309.29,120699.32,122012.03,122082.83,121676.38,120299.04,116984.67,114982.46,110022.67,108345.72,108821.73,109185.83,113049.31,112673.72,112445.78,112240.08,110186.81,110080.68,108108.21,106527.31,107316.67,106626.79,106588.97,108442.05,107040.83,107358.14,107551.22,108780.58,111149.86,113092.36,117091.64,117259.92,119612.18,121463.33,123600.03,124830.77,125829.36,127163.21,128695.51,130374.04,131466.79,133516.78,138564.42,140283.08,143065.96,146373.14,148264.87,150439.94,151563.33,152080.64,152481.28,153403.18,155118.59,155712.05,160935.9,164890.38,169141.6,173243.53,175854.17,180092.95,181729.49,188478.21,193717.31,195892.31,199376.37,200060.35,200580.13,200428.85
E12000005,West Midlands,E08000029,Solihull,70336.17,69071.55,70354.31,70934.48,71854.5,73082.76,74585.34,75727.59,77123.1,78926.64,81193.02,85062.91,87953.45,88876.69,89124.14,90002.59,91551.55,94114.55,98964.66,102616.38,105644.57,107512.76,110638.9,113853.36,116516.55,118714.57,123874.14,131146.55,139402.66,145901.72,152547.24,159494.66,164523.62,166216.38,171415.52,176749.91,182173.28,186118.79,187898.79,188268.78,186491.34,188076.55,190441.88,194329.22,198145.69,199287.93,203254.14,205376.55,206856.64,208023.19,206278.67,203611.21,196254.64,194201.29,186253.17,184392.07,188262.93,192637.93,197006.03,203472.31,206730,204499.14,202543.79,200031.72,196219.52,196215.29,195164.07,195108.62,201387.93,203130.98,204551.91,205936.4,207514.98,208604.83,211199.57,217042.28,223668.97,225757.21,232143.07,237344.83,238848.97,242348.1,242062.76,245308.45,252331.03,256419.66,260657.76,264357.76,269358.02,273587.84,279209.48,283067.07,285967.24,287429.05,287069.66,289862.07,290566.21,287505.17,286704.31,291036.29,300647.41,313054.4,321774.14,315965.45,315765.52,312922.41,317651.52,326684.48,327531.67,333394.83,336762.93,334877.59,339525.62,334043.1
E12000005,West Midlands,E08000030,Walsall,46769.23,47060.45,46875.26,47365.27,48634.62,49226.28,49872.69,50826.28,51290.51,52262.05,52654.44,52479.68,52596.15,52680.9,53028.91,54004.15,55212.63,56585.9,57494.87,58714.73,59228.4,59904.36,61398.59,62027.24,64431.35,66307.63,69153.21,74247.05,78765.01,82117.64,85974.77,92363.4,97209.55,100788.4,104535.9,109131.6,113299.63,115671.15,117829.26,120024.68,122515.26,123247.79,125290.13,126285.53,128028.01,128663.46,129247.87,130720.45,132969.74,134141.99,134333.19,133505.54,131499.56,130259.23,126221.67,121941.99,122614.03,122265.96,123719.22,124244.23,123425,122566.03,120435.19,119465.06,119230.37,118899.27,118919.49,118922.37,120908.21,120711.54,121312.12,121920.45,124478.22,129070.87,130428.65,133461.51,133642.56,133626.65,135350.71,135204.82,136719.04,137384.1,138741.99,142189.94,144528.21,147277.44,150876.08,152468.46,153366.03,156742.63,158710.64,159800.9,162692.76,162954.29,164046.06,163492.56,163966.6,162454.19,164964.92,166835.56,172407.94,180062.42,186439.87,190323.08,191460.04,193296.09,193219.87,200777.44,207117.31,209610.26,212023.08,210159.62,210821.15,210415.38
E12000005,West Midlands,E08000031,Wolverhampton,42387.12,42345.11,42780.91,42210.38,42330.91,42563.56,42907.2,44070.73,45109.44,45439.17,45458.77,45246.42,45335.3,45708.98,46614.32,47443.18,48410.38,49872.42,50819.55,51861.74,52588.94,53375,54714.24,56284.09,58812.73,60428.17,62097.42,65830.76,70701.42,74321.36,79174.62,82643.94,86617.2,89775.53,93913.85,98646.14,102164.85,105875.68,108646.21,112004.83,114142.42,114531.21,116731.06,117872.58,119909.85,122297.79,122219.29,124528.03,126697.29,127530.98,128642.42,128004.77,125182.88,120286.29,117398.38,112388.11,113811.79,113480.21,114001.15,114454.39,111060.53,111198.33,111514.09,113029.39,111355.3,111792.42,110926.23,111876.36,112593.09,113098.82,113448.33,114766.92,116123.44,117142.44,119807.83,121168.27,123163.18,123291.36,124408.64,124363.48,126750,126444.55,128242.05,131578.33,132106.06,133353.03,134343.18,135750,140023.48,142729.33,144421.06,145753.48,148595.68,148402.73,149434.7,151399.85,154515,155477.12,157566.59,160155.15,164269.55,172314.24,176545.23,179916.52,182786.21,184053.03,188278.7,190952.27,193771.06,197514.21,201128.77,200355.98,202418.11,200905.27
E12000006,East of England,E06000031,Peterborough,44637.3,44370.14,44070.25,44462.14,45211.48,46296.02,47095.91,47712.27,48617.27,49408.41,49953.02,51484.66,53087.95,53607.02,54057.7,56014.41,57565.11,57740.23,59335.7,60611.48,63160.34,63662.73,65943.57,68170.11,70371.93,74150.3,78520.23,84275.34,90744.43,93927.95,97548.64,101283.41,106522.27,110227.05,114329.09,120757.95,123593.75,125311.16,126873.52,127169.89,127579.32,130056.14,134949.55,137470,140481.59,141767.07,143855.09,147789.32,150229.09,151538.18,151338.52,149073.3,143687.48,141564.2,136522.5,133420.23,135363.41,135779.2,134477.89,137913.18,136704.43,136808.75,135086.14,135168.07,134747.39,133159.66,133517.95,134898.8,137118.73,136999.43,137687.16,138379.86,138869.8,142453.75,144317.95,145895.11,149791.82,150129.43,152326.02,155441.59,155670.23,159874.73,164089.2,167515.68,172304.02,173363.52,172829.09,176498.86,179965.23,182826.93,186948.07,187940.57,188831.7,189135.91,193738.18,196196.36,200454.32,202165.8,205022.27,203065.45,208227.05,214224.77,218758.98,220829.55,220735.23,221811.93,221603.18,229264.55,237870.45,241281.82,241065.57,242542.89,237406.82,236943.18
E12000006,East of England,E06000032,Luton,44269.32,43864.55,43331.25,43281.59,43996.02,44094.55,45220.57,46960,48516.82,49488.41,50562.43,51757.5,52777.27,53678.86,55173.41,56791.48,58843.41,60244.77,63759.2,67379.09,71298.98,73072.27,76004.43,78363.07,80431.59,82987.27,85984.11,92003.59,98691.7,105511.16,113554.09,119326.59,123078.64,125407.5,128590.34,133112.84,135908.98,138318.07,140872.5,140658.86,140977.27,142566.82,143873.52,145906.27,147795,150560,153147.5,157076.93,160460,161675.77,162355.68,160954.32,157132.84,152555.34,144695.45,139572.73,141761.14,142874.89,145681.82,147806.82,147884.09,149806.82,146886.36,146738.64,146193.18,147605.11,146812.5,146792.05,147451.14,146363.64,147724.86,148589.77,152113.64,154022.5,156613.52,161420.23,164293.98,167658.75,172588.59,180953.18,189563.41,197964.43,205650.32,210942.95,220014.55,223000,230397.73,232896.48,236613.41,237497.73,238844.32,242380.45,243920.45,242863.64,241276.02,238364.77,239432.27,240525.45,241193.18,243482.18,248397.73,252522.73,258590.91,261193.18,262704.43,265340.91,268284.09,281506.82,290847.73,297477.16,299590.91,298977.16,292768.18,288477.16
E12000006,East of England,E06000033,Southend-on-Sea,50124.56,49674.41,48812.79,49653.82,51280,52585.15,54412.35,56825.41,58607.21,59350,60245.29,61398.09,62820.29,64039.41,65572.5,67527.65,69518.82,71379.12,73202.79,75232.79,77396.76,79498.53,83083.82,87425.88,92002.65,96638.24,101224.38,109450.74,116526.18,120549.41,126953.09,133543.53,139787.65,144147.06,149749.56,156190.88,161300.59,165438.68,167852.35,166454.41,167244.12,167836.76,169808.53,171499.71,176189.21,180790.24,183926.18,189190.88,192702.5,192451.03,193117.21,191793.82,185980.59,180093.82,173483.53,174492.35,175911.62,180924.85,186212.65,187864.56,190067.5,187939.71,187580.59,188264.56,189029.26,190911.76,193371.03,193723.38,195882.06,196410.88,193205.88,198206.91,197029.12,199484.85,202867.65,207888.24,212229.41,216779.41,221750,227764.26,233941.18,240685.15,246952.5,254524.12,261220,268469.56,271874.71,280043.97,286573.53,290580.94,293881.97,295154.41,298117.5,299922.94,299044.12,304209.71,301483.53,305829.41,310232.35,305336.76,311720.44,322851.06,330982.35,332044.12,333617.65,334176.03,337882.21,347691.18,354588.24,358735.29,357308.79,356404.41,356202.38,352801.32
E12000006,East of England,E06000034,Thurrock,51945.21,51275.26,53211.63,52627.5,53296,53892,55614.05,56853.13,58264.38,59743,61075.5,62378.88,63585.75,64517.5,65329.05,67127.13,69850.2,72256.38,75165.38,76999.25,79160.5,81311.75,83101.38,87623.5,91274.25,94926.25,101895,108454,115611.75,121956.75,129043.65,137973.75,141470.75,145210.88,148173.88,152097.38,156443.25,160486.25,164005.25,167185.88,168736,168574,167890.63,168089.13,170073.28,172198.25,174547.13,179065.35,183191,185358.25,186135.63,186440.25,181112,176331.43,167912.5,160485,163699.5,164367,168174.73,171462.35,174512.25,174937.25,176012.13,175749.75,172499.88,171061.13,170324.75,170487.13,171149.65,171947.13,174084.88,178149.25,180629.75,182399.25,184487.38,189229.75,195386.88,201254.75,208562.5,216964.5,227936.95,235836.88,244088.88,252785.25,261812,269112.13,273362.13,275562.25,279587.5,280949.75,283750,287598.63,290238.13,290479.88,290242.5,290849.38,289687.25,290449.5,289487,295324.63,304375,314137.5,321775,321224.75,324649.75,326624.75,336912.25,349087.38,353574.75,355858.88,354742.5,358636.88,349924.88,349475
E12000006,East of England,E06000055,Bedford,56327.14,55985.36,55402.38,55910.48,55878.1,57295.12,59827.02,62321.07,63975.36,65242.5,66647.38,68700.95,69817.74,70720,72740.1,75282.14,77475.71,80197.02,83550.12,88035.67,93224.74,95235.36,97368.81,100112.74,102309.52,104602.38,112439.14,119450.95,125728.1,130718.57,134278.31,139185.71,145308.21,146503.5,149458.57,155099.64,161313.45,164134.33,168318.45,168276.64,167022.5,168690.6,169211.43,172139.88,174853.81,179163.93,182552.38,187543.21,191107.14,190002.38,191771.31,191512.93,186572.62,179058.1,170354.76,167796.24,171698.69,173880.71,176699.52,177544.9,181043.67,181534.05,182848.33,184402.02,182374.64,180052.98,182301.67,179832.98,182878.4,185118.64,185285.24,187700.83,190589.88,192543.33,196020.74,199761.55,204389.52,209556.31,216461.19,221307.5,225220.14,225566,227095.38,230735.36,239478.57,247070.95,252782.62,257499.17,262654.17,265772.74,271621.79,277284.88,277919.88,280667.26,280473.69,276723.45,276178.1,277782.86,273427.86,276761.67,281290.24,291122.38,296661.55,303642.38,305962.98,302783.71,306142.38,314672.26,328259.29,331329.52,331892.74,333464.19,323801.93,323664.29
E12000006,East of England,E06000056,Central Bedfordshire,60952.73,61189.77,61200.15,61894.55,62094.32,62801.14,64618.64,65976.44,67963.27,69710.83,71982.24,73869.92,75828.11,77506.82,78380.82,80876.97,84257.35,86197.95,90740.53,96189.47,99192.8,102973.86,106411.06,109619.47,113305.61,115872.88,120703.18,129080.83,137241.74,141895.53,148874.09,155441.35,159872.89,162466.73,165586.82,170054.98,173286.82,175830,175976.14,176758.52,177960,180713.41,184888.79,186138.79,190147.42,192296.82,193643.94,197239.92,202074.14,204566.71,204072.5,202832.95,196484.85,192846.82,184994.88,180509.09,180972.42,183280.15,189212.73,193152.12,199158.18,199600.7,196381.76,196435.33,194158.98,194809.59,196699.77,199682.58,199582.35,201833.33,202097.38,203424.09,208523.26,211843.33,216555.15,218713.26,225838.71,230105.53,235483.56,244205.76,249131.14,256134.39,264177.73,273571.06,279657.12,287212.8,294223.33,300181.59,307532.88,314590.83,313951.21,315343.5,315291.29,315751.14,315502.8,314941.97,315247.65,315093.94,315269.47,320801.52,327687.88,335665,340672.67,341083.11,342229.39,346820.88,350990.08,363033.26,377369.39,378414.17,378639.02,376181.52,368666.52,364576.56
E12000006,East of England,E07000008,Cambridge,77044,77212.5,79437.32,80532.14,80723.21,83571.25,83841.5,88333.93,91964.46,94676.79,97496.43,101642.86,103867.86,106230.36,106825,108928.57,112267.86,115844.64,120454.46,132237.5,137085.71,144193.64,148689.96,156273.39,163121.43,166708.57,172880.36,181097.86,185639.29,192500.04,197801.61,200623.21,207049.82,203533.93,210001,216357.14,218187.82,222255.18,224853.21,227012.93,231283.93,238089.29,239954.04,247610.71,248581.96,250304.46,259008.93,268038.57,273281.25,272138.36,276609.86,266694.61,259703.57,262875,244089.29,244123.21,252553.57,268856.79,270098.21,278564.29,283150.29,274625.39,278178.21,273324.64,280937.32,274964.29,275389.07,286999.82,287035.36,295748.04,302581.75,303480.18,312817.5,326528.93,334658.93,349099.86,358193.5,364034.11,373221.5,395630.86,427641.96,446683.75,451696.43,444651.07,433570.82,430945.18,430214.29,436662.5,441678.57,443643.04,456488.93,468161.61,478725.86,478833.93,476557.14,465507.14,460952,455082.14,458311.11,470055.36,465635.71,491592.86,492353.39,491142.86,492750.32,478590.79,473175,484510.93,504308.25,508232.11,515388.96,519091.32,517264.32,530842.64
E12000006,East of England,E07000009,East Cambridgeshire,62730,63909.5,64657.5,63864.25,63945,63745,63927,65437.5,67719.5,68722,71885,74128.25,76877.25,78866.5,81425.5,84210,87045,89723.5,93802.5,98788.75,103644.5,106049.75,109669.6,111665,114332.3,118389.25,124847.25,131967,137219.75,144270,152032.5,156774.25,160092.5,163892.5,165094.25,171869,172499.5,174510,177647.5,180427.4,184985,187194.25,188901,188696.5,187649,191546.9,195750,200297.25,205375,208017,210099.5,209525,210669.25,207169.5,197360,184124.5,183997.5,189495,194965,199962,204618.9,201105,200755,198747.5,200294.5,196939.75,196672.5,197699.5,201355,204929.25,203207.25,214017.25,207774.5,213575,218522.5,223321.75,231945,235294.5,244244.75,252020,259444.75,266460,272899.5,276387.25,282617.25,284495,289182.5,290822.5,293925,297969.25,304024.75,306525,303874.5,307844.75,304595,314093.6,319549,312537.5,311972.5,310350,320370,330324.5,338449.5,338097,334149.5,335987.5,336347.5,346047.5,358245,361167.5,362947.5,363049.75,359117.75,359525
E12000006,East of England,E07000010,Fenland,41349.55,41082.73,41074.55,41029.05,40813.64,41590.91,43113.64,44597.73,46854.32,47886.14,48754.55,49751.59,50495.45,50788.18,50966.68,51845.23,52272.5,53560.91,55975,58295,59876.82,60577.05,62690.45,65508.18,68163.41,71465.45,77011.14,83510.23,89180.68,93540,97560.91,103383.86,109068.18,113840.23,117817.95,121568.18,125015.91,126931.82,129608.64,132429.09,131111,130426.82,131108.64,133385,135385.68,136608.18,138281.18,140079.09,141779.09,144373.41,144407.95,144454.55,140318.18,135726.82,131795,126540.68,128363.18,127953.64,130386.36,133522.27,131295.45,131872.73,133285.91,134159.09,131454.32,132567.95,131742.95,130852.05,130211.36,129000,128204.32,130681.82,132931.82,135522.73,138090.91,140522.73,142704.55,144130.91,145859.09,148362.95,150522.27,152953.86,155261.36,160454.09,164567.5,170026.82,173360,177156.36,180067.5,182949.77,188613.18,189840.45,191690.45,193590,193203.86,193453.86,193567.95,194021.82,194930.91,197093.18,203431.82,209431.36,214567.95,216181.36,216795.45,217999.55,219679.55,230818.18,235068.18,237681.82,237345,233227.27,231954.32,229113.64
E12000006,East of England,E07000011,Huntingdonshire,59428.93,59816.59,59948.52,60319.32,60843.07,61036.7,62068.75,63072.57,63432.61,64967.27,67370.23,68487.16,71386.14,71781.36,73934.45,76172.05,76837.39,77899.43,80665.45,83695.23,89124.77,93123.41,94948.75,97898.41,100127.95,101736.25,107021.59,114611.14,120677.61,125856.82,131714.43,137292.5,142778.07,146703.07,150016.68,155583.75,158920.45,161544.86,165566.93,166988.3,169060.68,167090.34,170321.43,174260.11,179458.52,183232.5,185888.41,188668.07,189310.91,194481.59,193885,193122.73,189856.82,182273.75,177453.3,172343.18,173624.77,176130.34,180896.7,185351.93,189201.82,184764.66,181136.14,175768.18,174200.64,174407.73,176408.07,180531.59,181157.5,186589.66,187473.41,186434.55,188952.05,191399.43,193933.64,198988.41,204271.14,206737.39,208577.95,217669.89,221737.61,223813.41,231977.27,236602.05,242338.52,252224.77,255909.66,262635.11,266760.57,268269.68,270138.3,268295.98,271320.91,271799.77,276681.48,278270.34,279897.5,280691.14,276305.45,280506.25,288984.09,298938.41,303897.5,301332.95,301931.25,300986.36,304699.32,317953.07,328608.64,328431.59,330407.27,329556.7,321624.89,318942.61
E12000006,East of England,E07000012,South Cambridgeshire,77559.58,76700,76718.06,79880.56,80045.83,81008.19,83431.94,85825,88273.86,91483.33,93534.17,95713.61,98345.69,100746.94,102666.39,107608.95,107669.34,110706.45,114734.08,119349.74,128754.87,131862.5,136000.79,141511.58,145985.21,149049.79,154543.42,161688.82,167153.89,172261.58,177129.87,186252.63,184922.24,188539.21,193018.29,194106.05,200880.05,204112.76,204642.11,206533.42,209157.63,212007.37,214365.79,220928.42,224146.97,227350.92,234317.89,239765.82,245479.05,252825.53,254799.32,256992.89,243326.18,230144.55,219865.53,220087.89,221539.47,227813.03,231609.08,238299.47,239404.97,239482.63,241386.84,244846.21,248593.16,248959.87,255438.42,253156.84,252960.39,258602.61,258565.39,258640.39,259890.26,264590.66,268707.24,277131.05,283420.13,292828.68,300396.84,318119.61,333904.87,335740.08,344755,351239.76,353973.68,358274.13,363452.97,370861.32,374770.53,377300.66,373460.26,372937.24,367249.87,373710.26,374561.58,378285.13,384550,384683.82,389460.39,393986.45,398049.74,407719.74,411247.37,408453.68,413982.76,411708.95,416931.58,435599.37,445272.37,448460.87,456719.74,457243.42,458850.29,451840.87
E12000006,East of England,E07000066,Basildon,56169.55,56016.48,56639.98,57538.39,58538.64,59683.52,59757.16,61292.39,63473.64,64194.32,66779.09,68062.39,69657.27,70441.59,72297.39,73835.68,75385.34,77916.93,81099.89,84088.3,87900.11,90635.45,94361.93,96846.82,99433.98,102526.48,106224.2,113304.77,121703.02,128360,137309.11,143419.55,147703.52,152260.45,156178.98,160191.48,162317.5,163365.11,164602.32,166799.55,169476.59,171454.09,173894.61,175248.98,177510.8,178380.11,182738.07,187393.98,191634.66,195192.07,198073.41,197426.59,195681.36,190976.93,181601.82,176374.77,177233.41,179613.64,184011.36,187931.25,187202.36,189900.23,190102.27,187754.86,190802.27,190079.55,191401.14,192499.77,195439.2,194554.09,194624.66,195590.66,197974.55,205067.5,207815.57,212034.7,218499.32,220885,229486.93,235304.77,242147.27,248954.2,254992.95,271363.07,283710.59,288957.5,295425.91,297624.89,302238.3,303522.39,307670.45,307215.68,307744.32,309420.45,309409.09,315028.18,315782.73,315386.14,314873.64,314817.95,328647.73,337522.5,344136.25,345386.36,347113.64,350279.55,358306.59,371169.09,380290.68,381047.5,375102.27,370136.36,359772.73,356659.09
E12000006,East of England,E07000067,Braintree,59037.08,57645.69,58070.83,58302.5,60011.11,61593.53,63221.94,65888.89,66783.06,68089.86,69606.67,71570.56,74266.25,74975.42,75784.03,78545.28,81613.61,83161.94,86985.56,91326.81,94659.17,96695.83,99809.03,105135.83,107290.14,111074.44,116985.28,125831.81,135817.08,143137.08,148381.81,154163.33,158963.47,160576.39,164509.17,170360.42,176736.53,179967.78,182261.94,184224.03,181899.61,182623.33,184567.25,186871.67,191108.06,195478.89,197165,201126.11,204546.94,204823.94,207759.31,207485.83,205615.42,198427.64,181305.42,175594.44,178525,183064.31,187485.69,193750.5,197076.19,199277.5,197817.78,195736.11,195824.89,192117.78,195260.83,195291.67,197860.83,199388.89,199577.78,204927.86,204298.06,209583.03,212789.86,216274.86,221874.58,226068.89,229080.28,235374.44,244020.28,250691.11,258915.97,264217.78,268985.28,273919.31,278305,283095.56,286972.22,291735.97,289305.56,291472.22,294458.06,294694.17,298510.69,299317.92,299874.86,302066.11,300499.58,304845.14,315088.75,324514.72,331812.22,330347.08,334333.19,334041.11,337041.25,351639.72,360013.06,370055.28,373509.31,369152.5,362588.61,351849.86
E12000006,East of England,E07000068,Brentwood,86554.33,85757.5,85703.67,88000,89604.72,90243.89,91094.17,95541.39,96716.67,98255,101049.72,102561.11,107111.11,109802.22,114430.56,119138.89,121858.33,125019.17,130802.5,135079.44,141011.11,144110.83,149550,158552.78,160916.39,167611.11,171307.78,179110.56,189499.72,197441.11,208346.33,219888,224471.67,228916.39,230332.78,236469.17,239526.67,241738.33,244416.39,250910.56,255561,253361.11,255902.78,261938.89,266438.89,271250,278861.11,287360.56,290166.11,298383.06,301471.94,294996.39,290416.67,281638.89,272861.11,273855.56,273333.33,283277.78,288027.22,293060.56,304419.44,301468.17,305827.78,297666.67,293591.67,292499.44,293416.67,298555.28,302666.67,305213.67,300783.33,304611.11,302944.44,308194.17,317193.89,330233.33,344666.11,352860.83,356888.33,362833.33,372888.89,385638.89,403722.22,420763.78,434249.89,439943.89,443444.44,449035,453194.17,456971.67,451749.44,451832.78,452971.11,451902.22,449861.11,447777.78,456000,458777.78,458805.56,468500,489013.89,505458.06,508499.72,508388.89,506388.89,504222.22,505305.56,505722.22,511138.89,510555,500888.89,515486.11,511926.11,508538.89
E12000006,East of England,E07000069,Castle Point,57134.17,56803.13,56124.38,56501.67,58584.42,59062.08,60849.79,63728.54,66290.42,67368.13,68682.5,69040.83,69395.42,70370.42,71919.38,73729.17,76809.58,79793.75,81708.13,86665.42,91036.46,94390.83,98091.04,101845.83,105968.33,109139.58,113561.67,119851.04,129600.63,138458.13,148457.29,153912.04,159991.04,162679.29,165968.33,170270.42,173165.83,175332.92,175957.71,177395.63,178270.83,178953.54,180270.21,183770.63,184958.13,188749.38,193312.29,196608.75,203518.54,205746.88,204872.71,205518.33,198437.5,190707.71,180016.67,174100,179707.71,182957.92,186037.08,190499.58,193770.21,192416.25,191770.83,187633.71,186827.08,187791.46,190391.67,190853.96,191166.67,190502.08,191729.17,196387.29,197349.38,200326.88,206166.04,211729.17,218397.29,223728.75,229852.92,240977.92,245166.46,249884.58,255874.58,262500,270541.04,282937.5,285341.67,292416.67,294250,294979.17,294708.33,294020.42,294666.46,294833.13,297041.67,299124.58,299062.5,302500,303958.33,305166.67,319958.33,324562.5,329133.33,331789.17,330249.79,338375,338958.33,356099.5,366958.33,368510.42,371791.67,368375,361937.5,355770.83
E12000006,East of England,E07000070,Chelmsford,63621.25,62298.86,62929.2,63612.39,64912.95,66977.09,69346.25,71453.07,74301.7,75326.82,78468.86,80047.5,81397.82,83738.18,86500.68,89441.36,93046.36,95345,99196.59,103282.39,106100.57,110485.16,114638.3,120505.34,124992.05,129347.5,137661.7,145706.36,154789.43,163430.91,171054.89,178213.41,181340.8,182602.05,184381.82,190954.09,193310.8,196347.84,199305,201016.93,202102.05,204776.14,208271.36,210753.52,214976.7,217791.93,222964.48,228213.3,231152.05,231825.11,232884.86,230076,223740.34,219728.66,210738.5,211443.25,216494.32,221892.02,227519.55,228559.73,231897.57,233606.36,231948.64,230317.84,232147.61,227500,227443.07,232420.34,231965.57,235612.16,233249.55,235906.82,237849.55,241908.98,251343.23,254596.36,262610.8,269451.02,273145.91,286157.5,292669.43,298000.68,311347.16,321829.32,331676.48,340802.61,342897.34,346544.09,353494.55,360772.61,361270.34,364033.98,359789.55,362288.3,366589.43,373227.16,363908.86,367420.23,368056.36,363488.64,384545.11,392662.61,397624.66,395910.11,397454.32,395979.55,398502.05,410774.82,421601.93,424011.02,424227.27,419431.82,408602.27,403833.34
E12000006,East of England,E07000071,Colchester,56318.33,56188.86,57374.45,57430.38,58321.43,59088.86,59725.95,61357.67,63410.6,65609.29,68497.14,72368.57,71093.81,73265.24,73029.4,74928.33,78196.07,79418.21,82725.55,87132.74,94372.62,95618.45,98839.17,102373.1,105606.9,109556.55,114576.31,121858.81,127851.79,134685.24,139889.76,146111.55,150184.17,154257.02,160002.98,167854.05,173400.95,176972.02,180277.74,178427.02,181324.76,180687.62,180189.29,183709.29,188111.55,189295.95,193511.31,198845.5,198355.6,201889.76,201241.02,197187.74,189373.67,178064,170925.83,172737.38,174400.24,180121.43,183844.88,186922.88,191666.19,191900.95,192986.67,190140.02,191228.81,190805.36,191918.81,194272.86,195594.76,195700.83,193023.81,196403.38,199365.71,201564.88,203968.21,208249.48,212748.38,216547.62,222791.43,228581.9,233028.21,235416.31,242021.31,251604.52,258987.5,266914.88,272473.69,279130.83,281249.88,283547.5,283547.38,281154.4,283987.38,283294.29,281878.1,282975.95,277809.05,280059.29,280678.21,280707.62,292288.52,305106.79,312754.76,316733.33,317119.05,316390.48,319333.33,328416.05,337211.67,346623.57,345993.81,343752.14,338190.24,331714.29
E12000006,East of England,E07000072,Epping Forest,91012.94,88569.71,87728.79,89219.82,91260.15,94561.03,98089.41,101156.91,103820.62,108585,111293.97,114948.38,116134.85,117602.79,121602.94,125341.62,131380.88,136797.06,140290.15,148902.5,152087.65,157922.79,164060,168099.41,170586.47,173764.71,182702.5,191055.59,201271.03,213262.65,221112.65,230774.06,239610,243661.62,243529.41,248130.88,246555.44,249117.59,252687.79,250564.26,252569.18,257323.68,258320.44,267338.09,271852.5,277605,288205.59,292386.62,295940.88,302425.74,302776.47,301749.85,305970.29,297897.06,289691.18,278734.12,277764.71,282852.79,291806.91,301683.68,314082.35,318016.18,318337.65,311851.47,311451.32,309629.41,310946.21,309705.59,316161.76,322386.62,321958.59,334880.88,334067.65,341277.79,346529.26,354277.65,365823.21,376527.94,388647.06,395105.85,398043.79,410664.41,422045.41,432043.97,444411.76,454305.74,465764.71,471013.09,477220.29,474599.85,472013.24,473720.59,471838.24,471238.24,477320.44,478117.65,488291.18,494173.53,499820.59,504761.76,506426.47,527835.29,528985.29,528426.47,538235.15,542852.94,553293.97,556382.35,553338.24,551867.65,541720.59,541147.06,536829.26,543032.35
E12000006,East of England,E07000073,Harlow,54959.09,55347.73,54610.91,54509.09,55754.55,55295.45,57020.45,57909.09,59434.77,60405.91,60667.5,62397.5,62903.18,63601.82,65244.77,67681.36,70108.64,72251.59,75317.95,79613.64,82951.59,84904.32,87446.36,90202.05,92042.27,95261.36,99998.86,105817.5,114108.86,120772.27,125409.09,129527.27,131240.45,134250,138431.82,142022.05,146497.5,150331.14,150837.95,150840.68,154000,154379.09,156402.27,157954.32,159658.64,161795,163907.73,169749.55,172227.27,175636.14,176250,172693.18,167090.91,162659.09,155976.82,157906.36,157795.23,159783.64,164113.41,166840.91,169545.45,171204.55,173438.64,169363.18,173318.18,169761.27,167125,169136.36,169767.5,169404.09,172170,173793.05,177226.82,178045.23,184135.91,189813.18,196886.14,202495,210203.82,216272.73,224681.82,231133.18,240540.91,249931.82,258224.55,268113.41,272590.91,274205.91,278488.27,278454.55,277181.14,280090,277953.64,278703.64,282090.91,283727.05,283453.86,285451.82,283568.18,286204.55,298090.91,303500,301977.27,300659.09,303545.45,305754.55,311456.82,323386.36,327977.27,331568.18,333243.64,331070.91,325181.82,322136.36
E12000006,East of England,E07000074,Maldon,63518.75,63446.25,63706.25,65268.75,66762.5,67281.25,68218.13,69623.13,72074.38,73967.5,76874.38,81402.19,81125,82493.13,84843.44,86246.56,90612.19,92981.31,95821.94,100084.38,106276.88,110393.75,113331.25,116247.06,120384.38,122708.75,128775,141630.94,150624.69,156343.75,162149.69,164717.81,172625,176328.13,183727.19,190889.69,197500,198871.25,202518.13,202593.13,201937.19,202468.75,203624.69,207930.63,210337.5,211043.75,213658.38,216617.81,223531.25,226874.38,233062.5,238652.81,231834.38,223156.25,215212.5,200937.5,200155.94,204625,206609.06,208906.25,211125,213312.5,211625,214431.25,222187.5,218153.13,215700,214296.88,216318.44,219093.75,219937.5,222843.13,224780.63,231374.38,233212.5,237280,244202.81,248684.06,258592.75,265434.38,271593.75,277250,280368.13,293186.88,300468.44,312624.38,323309.38,329618.75,329406.25,335562.5,339340.63,339000,343250,338875,338062.5,330250,326275,328062.5,328368.75,333436.88,353623.06,367125,370468.75,376034.44,379483.75,372905.63,379140.63,389000,396000,402187.5,403687.19,402780.31,384687.75,377648.44
E12000006,East of England,E07000075,Rochford,62231.82,61297.73,61767.73,62788.18,63328.45,65233.77,67167.27,68651.77,70682.95,71947.05,74596.82,76335.68,77317.73,77483.86,78063.41,79770.32,81817.73,84505.45,89358.86,94313.18,100497.27,103461.36,106976.82,113092.73,117204.09,121809.09,127110.91,136248.64,144589.09,151430.91,161199.09,167999.32,171086.36,173040.68,176560.68,180827.27,187495.23,195267.95,196835.91,194552.27,194727.27,195136.14,195704.32,199227.05,202079.32,203881.59,209635.05,214445.45,220466.91,224471.82,225817.73,225294.77,217757.05,211363.41,194561.14,188854.55,196477.27,199772.73,203522.73,208477.27,213022.05,212381.36,212315.91,210065,205522.73,204715.68,203999.77,207363.64,206818.18,212215.91,213704.55,212938.41,215840.91,219352.05,226276.36,231585.68,244465.05,251018.41,260567.73,264262.73,271477.27,282454.32,287954.32,295567.95,302272.73,308772.73,310954.32,318272.73,328795.45,328545.45,331999.77,333000,332000,331795.45,333954.55,334045.23,333750,336181.14,336249.32,336636.36,352136.36,363090.45,368635.91,369554.09,369680.45,370453.86,379090,392908.64,402658.86,401534.09,397250,388318,383908.91,381256.82
E12000006,East of England,E07000076,Tendring,46972.22,47244.17,47383.19,47208.19,47248.61,47576.39,47836.11,49107.78,50055.56,50203.39,51835.36,53610.97,55913.47,56614.17,57633.19,59583.06,62295.42,64609.17,67282.64,70075.83,72802.92,73694.17,76124.31,80005.14,83902.78,87950.97,92207.5,99328.47,107072.5,113013.19,120450.69,125577.36,129853.19,133957.5,138221.81,143527.78,147596.81,149484.72,151951.25,153251.81,153657.56,153240.28,154710.97,156958.06,159112.5,160302.78,164603.89,167106.53,169497.92,172888.89,173402.5,171585.58,168399.86,159777.5,150402.36,145594.44,144347.08,146375,150402.64,152898.33,157486.11,157652.78,156485.97,156041.25,154166.67,153277.5,153749.86,153131.94,154895.39,153458.33,152237.97,153963.89,156416.53,156683.33,158374.44,160763.47,163222.22,167717.78,170715.14,172326.39,177694.31,182874.31,186937.36,191999.72,198332.92,206540.83,211705.28,220818.89,224249.58,224569.31,225304.86,227957.64,228138.75,229538.61,231333.33,230242.78,228749,227291.11,228027.36,230568.89,239749.58,249680.56,257420.83,258596.94,259985.69,261958.03,267540.14,279858.33,286859.44,289055.56,289486.11,284458.33,276916.39,273222.08
E12000006,East of England,E07000077,Uttlesford,90694.17,89888.89,88916.67,89316.67,88291.67,90041.67,94007.11,99494.44,104999.94,111458.33,115330.56,120160.83,122968.89,125260.56,122827.78,127544.44,132452,136339.06,141688.33,149383.61,154222.22,157444.44,163368.89,168694.17,173605,178855.28,183188.33,188886.11,201763.33,207088.28,214608.33,219269.17,222827.78,222941.67,226400,235288.89,241316.67,246221.67,259110.56,255833.33,250582.78,250304.44,255330,258943.89,262566.11,265487.78,266213.61,280296.94,285721.11,282799.72,286722.22,285875,282408.33,284219.44,275238.89,267072.22,271277.78,274021.94,279769.44,288358.33,300833.33,304055.56,304485.56,303555.28,288191.11,292776.94,298611.11,305136.11,309111.11,310255.28,310244.44,307361.11,316966.11,318944.17,324471.94,336749.72,338139.44,345999.72,345022.22,352166.11,359827.22,364571.67,374777.22,387916.67,406077.78,414360.28,414693.61,413110.56,409055,413277.78,422360.56,429385.56,431886.11,432777.78,437888.61,435526.67,432082.78,439638.33,431166.67,430388.89,454750,477819.44,470527.78,470110.56,469791.67,468277.78,487833.33,505944.44,512327.78,514219.44,506800,509943.89,485882.78,474111.11
E12000006,East of England,E07000095,Broxbourne,79598.54,77630.77,77150,75990.38,78421.15,80826.54,84614.81,88345.58,91500,94938.46,97571.54,99838.08,102764.23,102978.27,104578.46,103324.81,103530.38,106666.54,111215.35,118860.77,123900,126711.15,131497.88,134211.35,136288.27,140384.62,145326.15,155024.23,166054.42,171301.92,179576.15,184941.69,191268.65,194557.31,199519.04,203247.69,204458.88,204768.85,204778.85,204018.85,207556.92,210206.15,210000,209980.38,213788.27,219631.73,222458.85,229884.42,235917.12,238572.12,241486.15,239016.12,234667.31,229659.62,222103.85,221544.08,221453.85,225519.23,230826.92,234454.08,239038.04,238338.42,240384.62,237442.31,235265,235894.62,240387.69,241840.77,247471.15,248486.35,245942.31,251528.65,253728.46,259240,263900.54,266865,273704.38,279339.23,289480.38,301557.69,314788.08,323169.04,331589.42,344437.88,348420.58,354134.62,359269.04,359538.08,358961.35,364980.77,368056.92,376307.31,389749.23,383942.31,383576.92,378326.92,375365,376673.08,378250,392980.77,398211.54,409740.19,415480.77,416730.58,419288.46,421326.73,430007.31,443691.73,460980.19,469769.23,469538.46,467730.19,443846.15,432201.73
E12000006,East of England,E07000096,Dacorum,77371,78489.16,80547.39,81108.98,82225,83179.55,84827.27,87426.14,91829.32,95586.11,99161.14,101745.45,104328.41,105936.36,105302.27,109477.5,111798.86,115661.36,121890.91,129381.82,136482.95,140493.18,143398.86,145476.14,147307.95,148930.57,152591.82,159395.23,167046.59,175247.73,183903.41,190218.18,196205.68,198328.41,200174.98,203689.61,208419.32,212548.27,216485.23,219767.5,218767.05,219829.32,221522.73,226250,229532.84,234214.43,241887.5,249377.16,257311.36,264813,264923.64,265540.91,257257.95,248577.05,239954.32,234987.5,238122.73,248227.05,253971.59,260587.5,265880,263882.95,258431.82,258234.91,257897.11,264034.09,267472.68,271416.82,277038.64,276737.5,273253.77,272136.36,279790.91,289075,307748.75,318214.5,321981.48,329337.64,336785,346700.91,366090.91,369123.64,378225.8,389948.75,391883.98,407877.27,403634.2,411974.89,423094.32,422886.36,426895.45,422734.09,419198.86,420187.39,418329.43,415409.09,421211.02,427181.59,425726.93,425863.64,442218.18,458851.14,463602.27,464986.36,464587.5,464897.05,469463.64,474590.36,482147.73,487806.82,487281.82,486409.09,481284.09,477852.27
E12000006,East of England,E07000098,Hertsmere,89782.31,90278.65,89823.08,92757.31,95348.08,98446.15,101250,101655.69,102609.62,106437.31,109517.31,116350,117671.54,119303.85,123201.92,129630.77,132728.85,135613.46,135884.42,140757.5,144642.31,150276.92,158776.73,166265.38,170536.54,177223.08,182494.23,192519.23,201591.92,207284.62,215996.15,222551.73,229707.5,231976.54,234596.15,241476.15,242609.62,242322.88,241030.38,245282.69,245430.77,250263.46,262396.15,271750,285575,290644.23,290475,299590.38,302273.65,304730.69,309694.23,305401.88,290836.54,285443.15,274071.15,270442.12,284603.27,290028.46,302699.62,305953.85,309976.92,314838.08,307740,320557.31,316307.5,308184.62,313826.88,317288.46,315728.85,328036.54,339203.85,321113.15,333042.81,340757.69,345536.35,371707.69,389361.54,398742.23,406769.23,408205.77,421686.54,428961.35,448422.77,464553.85,479000,494036.54,499403.85,497692.31,492240.38,489524.42,492692.31,486515.38,481942.31,478538.46,480842.31,482192.12,494341.92,490922.69,499230.38,513348.08,525653.85,566400,569865.38,579325,588570.12,581594.23,590246.15,596769.23,599757.92,604980.23,609560,594673.27,571428.85,572653.85
E12000006,East of England,E07000099,North Hertfordshire,72151.72,71132.97,69704.41,72783.59,74949.38,73819.72,73244.84,75671.25,77916.56,81544.22,83578.13,86093.75,87787.5,89314.84,90688.75,94290,95605.94,97527.19,103342.03,109781.25,115088.91,118389.06,122193.28,124853.13,126788.59,129754.72,133045.09,139637.22,146446.97,157013.75,165993.75,172347.97,180837.34,182694.84,182112.81,189477.97,193379.97,193988.91,199333.75,202376.09,199795.31,201714.38,206065.66,210215.63,214854.06,219605.97,220994.97,225575,230545.94,228119.84,228126.41,232089.69,226668.56,226879.69,216406.25,209968.75,209826.56,217218.75,222914.06,227265.63,234078.13,230826.56,231265.16,232027.97,230368.03,228207.66,232034.06,238078.13,241809.38,242031.25,233862.34,226841.88,230620.31,236640.56,247484.38,259337.03,267338.91,271652.69,280054.53,294007.5,302140.63,307499.69,318374.69,328606.25,339726.56,351360,360084.06,357914.69,358138,359527.66,353684.06,353120.31,357481.25,353403.91,355921.72,362471.72,361451.56,370390.63,377982.81,381765.63,396953.13,406976.56,401640.63,400812.5,397390.56,398496.88,405993.75,412828.13,421625,424680.94,426953.16,427800,426381.25,420762.13
E12000006,East of England,E07000102,Three Rivers,99801.38,98741.25,98956.04,102322.71,102802.08,105535.42,110412.5,113320.63,120970.83,124751.67,129216.67,133423.29,137037.33,141099.58,146255.83,148547.92,147847.92,152722.5,161022.5,170443.75,176847.92,179266.67,182225,182014.08,186771.67,196447.5,204697.92,213820.83,225662.5,232316.67,240158.29,246493.75,251956.25,258495.83,260566.67,269025,278183.33,283618.67,291095.83,288537.5,293581.25,289622.92,285675,294487.5,296183.08,303645.83,311428.75,323433.33,330754.17,337616.67,339600,330208.33,323454.17,307516.67,289046.63,293566.54,314333.33,320052.08,332847.92,330991.67,339622.46,340472.5,336097.92,329891.67,328084.75,328352.08,331102.04,345107.92,360412.5,370104.17,379493.75,380604.17,384831.25,388895.83,397316.67,405301.79,418618.75,428683.42,439602.08,454804.17,465567.08,479120.83,473483.75,484075,502631.13,513870.83,517708.33,529354.17,545875,544958.33,545125,555633.33,554500,559125,531520.83,519254.17,515604.17,514810.42,523041.67,529404.17,544229.17,567015.63,582895.83,590062.5,606395.83,612214.17,614645.83,646895.83,650187.54,653812.54,647000,630254.17,624400,612645.83
E12000006,East of England,E07000103,Watford,67516.46,67557.92,68764.17,70597.42,70849.58,71322.5,71418.54,73822.88,77823.17,81330.42,85952.08,85729.17,87112.5,87414.58,87902.08,97882.17,103150,107052.08,112618.75,116602.08,116316.67,122479.17,127064.58,132418.13,136462.5,139168.75,144116.67,151637.5,157656.25,161665.58,171722.92,176162.5,181741.67,187831.25,186495.83,188781.25,194604.17,196954.17,203372.92,200187.5,201822.92,200725,198835.42,205043.08,206927.08,209706.25,220197.92,227558.54,236533.33,240956.25,245537.5,235003.08,240462.5,232264.38,217768.75,218441.67,217893.75,218768.75,221031.21,224035.42,229791.67,227229.17,238185.42,239947.92,238847.92,245635.42,251166.67,252687.5,254156.25,252812.5,256050,256170.83,258177.08,259827.08,256406.04,269906.25,271475,287062.5,299368.75,309283.13,325289.58,343052.5,355645.63,375103.96,381896.67,390312.08,392520.63,393643.75,399214.58,399370.83,405510.42,402135.42,399416.67,396791.67,391229.17,393520.83,399770.83,393239.79,396066.67,406904.17,409041.67,424166.67,429956.25,429229.17,426950,419954.17,414184.17,433806.67,433652.08,440312.5,442416.67,443560.33,437522.5,435016.67
E12000006,East of England,E07000143,Breckland,49048.09,49355.88,49446.47,49516.32,49861.47,50198.53,50940.74,52030.59,52967.5,53679.12,54296.62,55789.26,55683.53,55942.88,57006.91,59472.65,61277.21,62661.41,65351.47,68222.06,71087.94,72852.65,74686.76,78780.88,82998.09,87223.24,93170.29,99569.12,107162.94,111352.94,116332.21,122379.12,126433.82,133054.41,137324.71,143592.21,147801.18,150547.06,151807.35,150808.82,151361.76,151085,153958.82,156983.82,161217.65,163668.68,164935.29,169718.82,171935.88,172305.62,173793.38,169049.71,165082.06,159327.35,154936.62,151673.53,151838.24,156410.29,158648.38,162617.65,163361.47,159536.76,156393.82,155131.18,158199.85,158577.65,159158.09,159043.97,159787.5,159786.32,159484.71,160508.53,162925,165314.56,168419.26,171467.35,173941.03,176852.94,178376.18,181818.97,188161.47,192005.88,200168.97,204198.24,209116.32,212441.03,212615.88,213002.21,216751.03,218190.88,221322.35,222425.74,221639.71,222362.59,222897.91,222323.09,222426.03,225117.5,224933.82,229764.71,241470.29,257852.94,264720.59,263911.76,266926.32,265893.97,265397.06,278308.53,291565.65,286984.85,289982.21,285314.41,278132.35,275439.71
E12000006,East of England,E07000144,Broadland,54267.92,53935.22,53863.25,53632.08,54677.89,55079.28,56000.97,57654.17,58886.53,59388.47,60888.61,61592.78,61927.5,62458.06,62541.67,64133.19,65527.44,67721.94,71650,75394.31,79250,81632.92,85448.61,88908.33,93251.25,97018.06,102500,112693.06,119244.31,124954.03,131250,136718.06,139463.89,140508.61,144562.08,148333.89,153462.36,157520.64,160144.44,159979.17,162705.83,163544.17,164967.78,168030.28,172554.03,175679.17,180507.64,184923.61,188624.72,191597.08,192554.17,187840.56,179877.06,172555.31,163179.03,160984.58,163333.33,165692.92,168869.44,174359.72,177023.61,176262.5,175452.78,171494.44,172831.94,173273.61,176779.17,178652.78,179144.31,180280.56,178317.78,184313.89,183651.11,184040.28,188581.94,191805.56,196041.67,199555.56,204188.75,208773.33,214256.67,216512.5,220971.81,225081.39,230875,238802.22,240180,245904.72,243575.56,245000,248374.58,247832.5,252491.25,253221.94,255025,256914.86,253062.08,254083.06,256333.06,258722.22,268284.44,275750,280665.28,283583.33,286474.72,290588.89,293380.42,305777.36,315165.28,319187.5,320132.67,317219.33,306063.5,296083.33
E12000006,East of England,E07000145,Great Yarmouth,40428.65,40034.04,39274.81,39605.77,40149.42,41074.62,41548.38,42223.08,42838.46,42832.69,42688.46,43440.38,43953.85,45138.08,45480.38,46430.58,46880.77,47184.23,48891.92,50340,53303.08,54657.69,56957.5,59599.62,62051.15,65361.35,68436.35,73292.31,78421.15,83568.46,89791.54,94848.85,99701.54,103151.92,108757.69,113645,117053.27,118607.69,119390.77,120405.58,120842.12,121212.88,122034.42,123404.85,127175.96,129863.27,134023.08,139219.23,140553.85,141722.88,140181.73,135919.19,133153.85,129721.15,125651.5,123036.54,124653.85,125940.38,127611.54,129372.69,128801.92,128957.31,126611.54,125767.12,125209.42,124247.88,125250,124595.96,127022.69,130690.19,128846.15,130750,129778.46,129659.42,131380.38,131760.96,134345.96,136057.31,138190.19,138422.69,141215,142461.15,145557.69,147423.08,150380.58,151340.38,155249.81,158326.54,159505.77,162165.19,160922.69,163750.96,166074.42,168788.46,169788.46,171029.23,170439.62,170031.54,172288.27,173503.65,176788.46,182730.77,189269.23,194019.23,195423.08,199961.54,203211.54,209500,219634.62,220711.54,218365.38,216153.85,210000,204830.77
E12000006,East of England,E07000146,King's Lynn and West Norfolk,45757.76,45758.42,45976.32,46850,47639.47,48949.87,49750.05,50331.39,51537.89,51931.32,53213.03,53808.82,54294.61,55543.82,55932.89,57480.26,60045.92,60807.63,64000.79,67319.89,68272.11,70934.21,72932.24,76332.76,79556.45,82727.37,87799.87,93467.89,101721.11,106791.71,112101.32,117550.39,121774.74,125254.87,129703.82,134649.74,140434.21,143237.26,146445.66,149280,148276.05,148170.39,149691.45,150418.42,154528.95,157105.26,160589.66,162222.24,165044.21,165747.89,166765.79,167716.71,163780,157441.45,151760,149378.08,150963.16,151918.42,155567.63,156795.26,158124.87,157479.61,154447.11,153335.26,151710.39,150420.66,152183.95,151467.63,152078.68,154008.68,154407.89,158906.45,158893.03,160838.16,162851.05,166301.84,169655,172223.13,174051.76,176894.61,180735.26,183972.63,188142.76,189683.95,195783.95,199216.76,201368.13,207156.18,210833.95,212061.71,211960.13,216907.63,217843.29,222681.58,226824.74,228615,232077.37,232223.42,232526.05,234793.16,240124.16,249236.71,257223.29,256394.74,257104.61,259118.42,261562.89,278212.34,289631.58,291752.29,293905.13,288552.37,275523.68,268050
E12000006,East of England,E07000147,North Norfolk,51688.33,51124.83,50826.67,51250.07,51476.33,52776.67,53510.4,55238.33,55906.67,56431.67,58046.33,59654.67,61166,60715,61938.33,63638,65393.33,67260,69876.67,71921.67,75568.33,77945,82386.67,86421.67,90060,93120,99557.13,107308.33,113808.33,120476.67,127898.33,133065,140073.33,141900,145066.67,152245,155948.33,160130,165956.67,164991.67,166004.07,166622.57,166698.33,169016.67,173268.33,176963.33,178473.17,182223.53,187693.17,190649.67,192798.17,188871.7,183835.37,177332.33,169680,169718.33,171545,176861.67,179396,180173.33,184563.33,181880,182946.67,179713.33,174866.67,176963.33,176683.33,174081.67,176708.33,180166.67,181525,185541.67,187100,188180,192816.67,196248.33,199178.33,202046.67,203963.17,204688.8,213844.5,215999.83,222358,227360,229933,235481.5,239758,243605,246846.5,247362.83,248316.33,246206.67,248863.17,253366.67,255532.83,260816.33,262506.43,265416.67,262591.63,267950.13,274841.67,285669.83,298665.5,297116.67,297498.33,297860.8,295634.17,312677.87,326500,329591.67,326746.67,321750,321533.33,321436.47
E12000006,East of England,E07000148,Norwich,40256.67,40434.33,41178.33,40983.17,41672.83,41262.17,42208.33,43608.33,44181.67,44825,45915,46346.5,47073.33,48336.67,48749.83,50346.67,52276.67,53706.67,57870,61270.07,64135,65515,66916.5,70416.17,73845,78485,83568,94590,101287.83,106631.67,111264.67,114003.67,115421.5,117323.17,121358.53,125953,130589.2,133299.57,134798,135518.33,135018.83,134261.33,136236.67,140353,145319.5,149747,154130,157846.17,159973.17,160803.23,159424.67,155519.63,148868,145578.33,139637.1,139571.03,138828.4,140975.63,144208.17,144016.67,145546.67,145065,143950,144133.33,142725,143718.43,144259.97,145976.67,148596.67,149876.33,149006.67,149238.33,150191.33,150943.33,156281.67,160688.17,165433,169141.33,169750,171973.33,174410,176866.67,178436.53,179666.67,184166.67,189750,189800,195216.67,196093.33,196133.33,198430,198331.67,199038.33,199071.83,199230,200000,202100,202881.67,204883.33,209666.67,218554.93,222766.67,223594.73,229181.67,226273.33,225926.8,228246.67,237850,238833.33,241533.33,242933.33,237216.67,236316.67,233866.67
E12000006,East of England,E07000149,South Norfolk,56418.09,54901.25,55258.41,55387.19,57174.03,57459.97,58454.69,59569.53,60392.34,61584.09,61805.78,63728.75,63322.97,64114.06,65609.22,67799.84,71339.06,73299.84,75567.97,80001.56,83927.97,86654.38,90740.31,94774.84,97151.25,101188.63,107234.06,116909.38,127137.5,131679.22,138743.44,144041.41,146789.06,147650.84,151668.03,158867.19,163885.78,165370.16,169174.84,167846.72,169681.25,172437.34,174762.5,181418.75,183810.78,185977.66,190535.47,192542.03,195308.28,196024.41,195852.66,194029.53,186170,182159.06,172760,171340.63,173545,174745.31,177070,179947.41,185625.94,184951.78,182182.81,180046.72,182794.84,181196.72,183373.44,181843.44,187151.41,185796.56,184826.25,186449.38,185871.56,186807.5,191698.44,196544.84,202523.44,204285.47,206976.41,210937.19,214263.75,216155.78,222201.56,229121.72,237668.28,242626.25,243306.25,246363.75,248483.91,250342.97,254670.94,254749.38,257921.41,259654.22,264624.53,265061.72,262843.28,261124.22,259125.56,265936.72,273296.56,285184.38,291625,290984.38,296015.63,297578.13,302452.81,317906.25,324043.75,321859.38,321750,314421.88,310367.19,307679.69
E12000006,East of England,E07000200,Babergh,59725,60397.73,60040.91,60722.73,61568.18,62597.5,63765.23,66265.68,68610.45,69665.91,70758.64,70484.09,70751.82,69702.05,71704.55,77319.32,81895.23,83427.27,86108.41,89272.5,93440.68,100604.55,101375,108426.82,111395.45,113931.14,124613.18,133431.36,142767.95,146903.55,150363.18,149656.59,154749.09,159067.95,165835.45,177381.36,179258.64,183132.05,184613.64,181747.27,184815.45,183749.55,184781.59,190222.27,195795.45,200124.09,205726.59,209465.68,213950,216960,218338.18,212606.14,196839.91,186601.59,186113.41,184477.05,187997.27,191136.14,195154.55,201685.36,210878.36,211227.27,208202.27,205509.09,202863.64,199659.09,203022.73,202306.82,208658.86,204590.68,201977.27,203699.09,207320,211795,218548.14,228679.32,228022.5,229891.36,230408.64,235159.09,240113.41,243500,251862.73,254883.41,260908.64,268726.36,269158.64,283226.36,289726.36,298227.05,295381.82,294363.18,291042.73,283431.82,283544.77,288497.27,292067.73,295044.32,300368.5,301952.05,312090.45,320499.55,323968.18,323068.18,326750,331181.82,332500,349817.73,355158.64,354704.09,355340.45,350885.91,345143,341306.36
E12000006,East of England,E07000202,Ipswich,44371.06,44045.72,43850.41,44101.56,44893.13,45734.38,46108.75,46639.06,47465.31,48090,48792.03,50796.56,51263.91,52532.5,53262.19,54682.34,57016.72,58490,61136.72,64299.44,66286.56,68321.25,69804.22,72541.72,75272.66,77976.25,82353.75,87151.41,91741.88,95607.66,100344.84,106013.59,110155.78,113150,117764.69,123982.34,128285.5,130146.88,132779.22,132885.19,132007.5,134171.25,134850,137156.09,140140.59,142460.31,145089.69,148482.19,150843.75,151925.16,153421.25,147749.69,141065.63,134062.34,127771.88,131519.38,131226.56,133870.16,135953.59,136685.94,138562.34,137421.88,138562.03,137499.84,137328.13,140078.13,139750,140577.97,139941.72,139359.38,142093.75,142078.13,144550.31,147085.63,150593.75,154728.13,158640.63,161165.75,163156.88,165293.97,164092.19,167734.06,170952.81,177921.56,183250,188702.34,191489.69,193174.69,195171.56,195828.13,199296.56,201631.25,203062.5,208843.75,208484.22,207078.13,208125,203187.5,204788.91,205153.13,212437.34,222015.63,228585.94,230187.5,230859.38,231781.25,231828.13,239609.38,242953.09,246437.5,248078.13,249226.56,249148.44,248281.25
E12000006,East of England,E07000203,Mid Suffolk,58341.67,58081.25,57297.92,58370.83,59122.92,59310.42,61645.42,63560.42,65539.17,66585.42,67157.71,67511.67,67995.83,70624.79,73904.17,75291.25,77763.96,81322.92,83921.04,88622.5,91728.96,92312.5,95770.63,100487.08,105787.5,108141.67,115203.96,122247.92,126536.08,131822.71,138892.71,144206,151416.04,157307.92,161974.79,171137.5,173770.83,178889.58,179791.25,179620.63,176362.08,174604.17,174624.38,178966.46,183222.92,188081.04,190974.38,195256.04,200872.71,200651.46,203750,205895.42,201376.96,193104.17,187624.79,182345.83,182995.63,187697.29,192062.29,193956.46,198353.96,193443.33,193479.17,194333.33,192708.13,193499.79,195672.5,190830.21,194104.17,198437.08,194520.42,198291.67,204208.13,204474.79,209832.71,212791.04,211687.08,217020.21,219187.29,223100.17,229726.88,230125,237560.25,242686.67,246476.88,259312.5,264770.42,271457.92,275654.17,277082.5,282447.5,278832.92,281957.29,285551.46,281103.33,281832.71,283530.42,283857.29,282207.08,281750,291353.75,305933.13,314009.29,310885.42,316374.58,308457.92,311062.08,337958.13,339936.88,346853.33,346207.92,343499.38,336145.83,333420.33
E12000006,East of England,E07000240,St Albans,92553.5,94418.75,94425,96556.25,97653.75,98730,103194.38,106836.13,113430,118075.5,124534.88,129242.5,128842.5,130896.88,134633.5,140507.9,147367.25,153853.68,161346.25,168736,173870,177533.5,184664.88,187700.75,192170,197921.13,207356.25,216068.5,225740,230596.23,234904.7,240281.25,244157.5,246943.5,254193.5,262573.75,266021.13,269729.33,273476.75,275314.33,280559.88,282513.75,288323.63,290862.38,297277.65,306086.25,309540.73,323446.2,328494.95,332122.23,335358.93,327168.75,324071.25,309782.5,296572.5,306156.25,314675,322523.75,342567.5,357167.5,361983.75,365634.88,368636.25,362310,359458.75,354048.73,360786.13,370967.5,376977.25,379662.5,376040.9,379040.3,386148.63,391162.5,405098.23,421198.63,438348.75,452136.3,454640,465504,474294.5,480762.7,495700,506773.75,518345,525014,530098.75,541311.3,543889.88,549549.6,566525,565175,562187.5,557450,552381.25,547062.5,555879.03,548357.38,545700,563525,566900,586693.88,589970,590025,598773.45,602293.75,613512.5,629500,641196.25,657646.13,661117.5,661178.73,651762.5,639012.5
E12000006,East of England,E07000241,Welwyn Hatfield,79941.63,79265.31,81545,82838.75,85650.81,86475,89555.94,92045.31,95585,98744.38,101515.41,105262.34,105765.63,109840,109132.66,114016.88,119804.69,122240.47,128935.94,132675,136510.94,138040.16,140453.13,146098.44,153284.22,158135.63,161468.75,176136.88,183040.63,190109.06,199371.88,199084.38,206319.84,213078.13,218685.31,225310.94,232687.34,231259.38,232228.13,232227.81,229859.06,230934.38,229674.84,236398.09,242557.5,244157.13,248801.25,252842.38,256476.25,260452.97,263700.94,265324.5,269519.84,270310.94,260956.25,252932.81,251390.47,249809.06,255515.47,264513.91,276013.75,279617.19,279484.06,277685.91,277890.47,270687.13,270999.97,268578.13,268171.84,275585.94,273030.94,284593.72,287234.38,288371.88,299059.38,308935.94,321456.25,333462.31,345490.63,343885.94,346020.28,358845.25,368812.5,388062.5,400764.06,407876.72,408562.5,411453.13,419952.81,429898.44,437531.25,426250,420031.25,415765.63,418081.25,418749.69,422116.88,418018.88,416434.38,434359.38,439218.75,451953.13,451656.25,450656.25,455421.88,453574.69,460968.44,471153.13,484746.88,500920.31,511675,522321.88,516125,501478.13
E12000006,East of England,E07000242,East Hertfordshire,77816.25,77649.58,79890.97,82504.06,84898.61,86820,87933.89,90249.58,90935.69,91714.58,95017.64,98220.28,101607.92,104221.67,105534.72,110871.67,113521.78,117826.11,124816.39,129817.22,136339.86,140690.14,143766.25,153110.69,154964.06,159092.53,164906.11,172414.58,184316.11,189444.17,192817.5,200298.19,203604.31,206449.72,213556.94,218388.61,220839.44,223826.14,226445.14,232956.67,234171.94,235162.67,238440.69,243386.81,245626.81,249416.39,253380.14,253386.11,262249.31,266213.33,266305.42,275383.89,270359.72,259625,244872.22,242952.58,244512.33,250218.86,254582.92,268189.92,275093.89,278733.25,280687.69,273474.83,274899.72,272551.22,273784.36,273421.78,275080.56,280288.89,281082.83,287665.28,292429.5,294187.61,297048.14,300897.08,309704.03,316646.94,320868.89,330338.61,345642.42,351849.72,362066.53,376122.08,382346.39,391303.75,391599.31,393353.61,397925,401852.61,403491.39,404776.25,416580.14,418730.58,422527.5,424885.83,429347.22,422551.75,424444.44,428876.64,436331.94,448499.72,447333.06,444805.56,442859.72,443892.11,447221.94,461339.19,476847.08,482964.67,486569.17,480180.36,470194.03,466465
E12000006,East of England,E07000243,Stevenage,53261.67,52892.92,52825.63,54518.79,54806.17,55977.58,58075.33,60339.17,61126.25,61051.46,63126.67,64245.21,66887.29,67203.54,67158.13,68202.08,70761.67,72758.13,76550,79557.5,82593.13,85603.33,87225,90176.88,92524.38,94975.63,101561.88,107955.63,117344.79,124742.08,129863.33,134854.17,137312.08,137916.04,140516.67,145653.54,150749.17,154173.96,156620.83,157305.83,156593.75,155458.33,156770.63,159059.58,161459.58,165558.13,169197.5,173103.75,176887.29,178582.92,177808.13,176101.88,170284.58,165395.63,159708.33,155777.08,158374.38,159532.29,162687.08,168371.42,169947.08,170197.71,171063.75,168241.67,167779.17,167895.83,168387.5,166562.08,169433.13,170703.96,171478.75,174666.25,175936.88,178000,182583.13,189874.58,200029.08,206768.13,213561.46,221395.42,228874.58,236161.88,244661.88,251706.25,256854.21,266083.13,270249.79,272437.08,275716.67,275487.5,276462.5,275953.96,276625,276312.5,277541.46,278124.58,274728.96,273208.33,276604.17,279708.33,286020.83,297312.5,301104.17,304979.17,309270.83,313458.33,319458.33,329637.5,336945.83,340625,342176.25,334989.58,329145.83,326505.17
E12000006,East of England,E07000244,East Suffolk,52851.08,52665.32,53015.22,52833.08,53826.43,54025.63,54874,55995.83,57105.83,57586.08,59095.42,60261,60958.92,61828.62,62870.42,64843.83,67435,69487.17,72533.58,77047.92,81031.67,84693.42,88167.92,89893.92,94716.33,97581.5,101945.83,107270,113640.83,118788,125175.5,131216.58,136230.58,137852,142484.67,148845.92,154008.67,159106.05,160657.22,160953.63,159340.33,159003.08,161246.33,162873,166848.75,170035.33,174449.33,180103.33,183617.25,186670.98,187786.33,186104.5,179306,173414.63,166448.83,165581.3,165885.65,171519,176638.33,181345.1,181013.17,180153.33,179724.92,180141.67,180322.67,178706.3,178347.05,179763.83,179225,178774,180024.08,181505.65,185603.15,186572,189240,192053.83,193878,196805.67,202232.17,206703,212727.33,214821.48,215779,217841.42,222078,227030.58,230045.67,234963.92,236682.13,238679.25,242214.67,243898.25,247572.08,249374.58,248691.42,247826.17,248599.83,249184.83,249508.08,253066.5,262704.92,273925.17,281595.83,283996.92,284550,288907.5,289724.83,301837.48,309245,312954.17,313635.82,310608.33,305190,302112.5
E12000006,East of England,E07000245,West Suffolk,55775.95,55508.21,56247.62,56646.07,57103.33,58118.93,59254.64,61053.1,61478.57,62295.12,63961.43,65399.64,67029.52,68138.93,70058.1,71373.93,74925.95,76231.76,80085.71,84509.76,88587.86,90197.38,92425.71,95759.29,98510.36,103077.38,108610.6,115798.21,122459.76,127496.9,133046.67,136782.02,140517.62,144062.98,148386.81,157402.76,162964.29,165672.62,168808.1,164937.62,163491.31,165959.29,168128.21,173875.71,177673.21,180708.1,181519.88,182756.9,188453.45,192196.31,192218.4,190387.86,184011.9,174540.48,169259.36,164211.9,165314.05,171403.57,175949.52,178758.1,180202.02,179813.93,178627.38,180008.33,180688.33,178675.95,176937.5,178509.52,179896.19,181390.24,183629.5,184353.1,185845.83,185744.52,186592.86,194655.95,200783.1,205785.24,210184.29,215138.69,220400.83,223233.21,227969.64,230748.45,234158.86,240073.83,245367.86,249177.14,253166.69,256604.4,259940.12,263641.19,264106.43,260605.83,258475.71,257412.67,258229.62,259904.76,259738.1,261217.62,266681.36,272938.69,279760.52,279616.43,283226.19,284809.52,284315.48,296254.76,303261.9,302175.83,303226.07,297961.86,294937.93,293928.45
E12000007,London,E09000001,City London,105000,112500,112375,121500,124250,127000,130000,130000,135000,147000,155000,161000,170000,175000,175000,180000,180000,180000,186547.5,191995,200000,220000,235000,235000,237500,230000,225000,240000,250000,279500,290000,290000,285000,270000,275000,280000,280000,300000,297500,305000,310000,312500,315000,323000,341000,355500,380000,395000,418750,425000,395000,377500,366250,357500,373500,381250,400000,424000,430000,452500,450000,466250,465000,455000,465000,460000,460000,474000,485000,495000,550000,575000,615000,625000,640000,700000,769100,806250,814500,823750,799999.5,795000,799750,800000,833200,835000,825000,849975,840000,850000,880000,888099,923080,930000,923080,919325,865000,898875,895000,895000,859500,819787.5,800000,798000,810000,827500,860000,850000,825000,825000,885000,925000,890000,890000
E12000007,London,E09000002,Barking and Dagenham,48964.55,49031.48,49427.2,49637.27,49673.64,50090.34,50650.34,52374.32,54275.68,55902.84,58095,59068.86,60976.09,61776.59,62826.02,64678.59,65754.77,67448.64,71486.14,75544.66,79174.43,82146.82,84292.27,87441.7,91059.43,94521.36,100474.2,107977.05,115219.16,123282.95,132385.23,139999.77,145669.55,149053.98,155408.86,160520.45,163850.68,167195.09,167228.64,166048.64,165145,165645.45,165855.91,168022.16,170829.32,174079.09,178977.05,185499.89,191306.82,194442.73,196954.32,197005.23,195442.95,190079.09,178104.02,168715.91,166903.41,167022.73,169381.59,170630.55,174414.43,174875,174154.73,173616.57,172032.84,172686.14,172833.75,171761.14,174238.41,177033.64,176681.7,181018.07,183647.57,187148.59,194897.5,208567.84,218657.5,224323.64,229840.68,236954.55,246340.68,255922.5,267977.27,280306.82,290147.73,299166.32,302738.41,305863.41,303650.34,305886.14,306795.23,307181.36,311738.64,315500,317067.95,319897.5,316602.05,319042.95,321704.55,330227.27,332693.18,336750,341352.16,345204.55,347022.5,352554.32,358249.77,365545.23,373670.23,378170.34,378079.55,375915.25,372465.91,367897.73
E12000007,London,E09000003,Barnet,91231.55,91272.11,90660.42,91950.3,92805.74,95309.9,99310.67,103315.55,109335.32,112209.46,116784.05,120926.13,122060.48,123846.96,130902.86,137586.31,143285.48,149306.49,156970.76,162248.73,167990.26,172961.31,175191.04,184160.12,190520,197210.12,205050.6,214492.86,220775,226032.14,232852.08,234171.43,245494.35,251702.86,261725.95,267542.26,268862.37,269036.82,269366.55,273697.86,276249.85,278236.23,281088.99,288439.49,290231.36,298638.57,303713.07,315650.93,326967.26,329800.5,335158.93,331293.31,323984.51,317194.64,313392.26,317863.68,322810.32,331282.11,336132.86,347509.52,348076.45,349822.5,352127.38,352422.62,354186.85,357674.27,370154.17,377402.36,380776.19,389081.52,394620.95,400236.33,403357.98,406166.73,415018.99,438685.52,452719.64,467612.21,485227.38,492550,512139.88,526822.02,536251.79,539836.98,545789.3,550336.92,561420.24,564119.05,580524.11,590011.3,579487.5,587050,576558.21,565222.9,562629.77,559543.81,566117.9,574215.83,580226.19,592089.29,603331.35,621754.17,627435.9,635808.93,645988.15,649685.11,656241.33,661629.76,657764.29,664984.82,670922.89,673051.79,661959.94,656230.71
E12000007,London,E09000004,Bexley,63746.96,63644.2,63534.61,63683.04,65341.61,66422.91,68632.18,69997.73,71333.45,73699.2,75572.39,78557.86,80587.23,81482.32,83241.61,85101.25,88342.57,91135.16,94871.79,99972.93,104036.25,107428.21,111214.73,114963.84,119515.27,122821.07,127889.64,135235.8,143517.05,150624.38,158061.52,163586.79,168472.95,171762.86,174901.16,179038.39,182186.96,184800.98,186132.14,188847.95,189096.16,189106.88,192131.7,194446.34,198583.3,201722.68,205694.82,210410.45,213848.39,216222.73,217793.93,216787.91,211187.05,203760.63,197080.36,192624.91,192997.86,198041.7,199936.34,204762.14,209097.95,208075,210195.32,210845.61,209821.16,210714.11,211619.38,209944.38,211050.71,213341.52,214150.71,217842.86,221747.95,225658.04,231407.32,242558.84,254624.64,261495.73,268636.25,278183.93,288619.38,300181.96,311200,323802.3,332319.36,336758.57,340485.71,343854.34,347060.52,347540.89,348695.54,352525,351882.14,355350,356533.84,354480.27,356426.79,357694.64,360161.61,364528.57,372128.57,382973.21,388830.36,388044.55,390222.86,392267.59,397508.84,408098.96,416888.68,419267.86,419631.25,420943.14,416482.14,414618.14
E12000007,London,E09000005,Brent,70338.77,71467.09,71507.46,71694.93,73652.86,75218.93,78014.29,81201.29,85077.11,87783.71,92795.71,96868.57,99406.07,102122.71,103867.44,107142.86,112119.86,119052.8,126440.71,131839.3,136588.57,141735.31,147995.74,155429.29,160312.5,163759.14,172414.29,182801.43,191767.31,198824.29,203212,206647.41,210103.96,213705.56,219924.14,225233.43,229926.27,232482.27,234922.93,235235.5,239381.4,242925,244373.76,248945.56,255219.93,258743.77,265280.57,275966.5,282238.9,286055.44,292005.4,292445.57,292414.06,284891.43,273750,271605.71,266899.29,268178.93,274936.11,282326.9,293835.47,298851.07,300182.91,299441.49,300250.2,305112.81,309807.86,315049.34,319335,318028.57,319184.29,325085,335595.83,346626.43,357186.26,368755.13,378746.43,392724.41,416168.71,432822.76,442214.29,452427.1,458992,463287.69,472786.53,473101.09,486151.43,503971.43,511355.7,516930.64,514693.57,507264.64,497625.36,500502.14,482522.14,481281.43,484550,485973.97,503544.71,515557.17,542946.34,552586.53,555532.14,552223.57,545245,543023.57,562555.1,560472.86,563795.71,558540.84,562135,565188.5,561926.33,576247.67
E12000007,London,E09000006,Bromley,82529.04,83619.23,83834.74,85570.19,87223.06,87818.21,89329.36,91384.23,95065.9,97950.51,101371.6,106213.94,108511.79,111904.81,116257.69,119743.53,124889.04,130673.33,136333.91,142687.44,147606.79,150883.08,155089.74,159603.21,164082.44,166440.59,173158.91,182679.49,190435.1,197615.77,205533.73,210088.97,214857.56,219475.38,223829.36,232454.94,238781.92,241895.96,243737.76,244466.78,242440.26,243257.74,245274.22,248801.27,252026.03,256252.56,261800.82,271381.09,282375.58,287357.88,286771.54,282229.23,271267.69,264296.54,258510.77,252690.96,258556.96,263950.28,270144.22,282534.62,283686.99,288454.42,287637.77,288261.92,291775.38,290626.31,290156.41,290646.79,291580.56,296066.28,296576.53,300286.41,311971.96,318690.87,332847.95,346113.33,362378.91,376024.36,382552.85,393912.82,403155.77,411382.63,423284.6,430249.96,440356.92,450096.15,455825.64,461736.05,469832.5,469026.86,465262.82,463640.96,461586.54,460525,459306.99,459033.33,461215.42,465101.92,465116.67,472923.08,484580.13,496583.33,507314.1,508070.42,508814.1,513120.51,513633.73,529401.35,543286.54,546693.59,548892.28,539826.92,528102.56,528032.05
E12000007,London,E09000007,Camden,110973.15,110524.07,116739.63,121580.54,124540.74,129587.96,131025.93,134724.91,142268.15,144072.52,150031.48,155347.22,162014.81,167168.63,171280.57,182033.33,188392.89,200072.2,210399.07,220849.06,229327.78,236425,242755.89,247849.98,256428.7,260227.78,269415.74,278921.2,281411.02,286420.91,291307.13,290535.19,288432.78,291534.26,294347.65,303496.3,312592.41,318441.65,326714.59,334267.15,333952.69,343824.04,347037.02,348257.85,359345.37,369428.19,382175.93,402503.7,414567.5,420283.15,434511.85,443911.41,446778.09,442725.37,430704.54,424459.19,432357.41,440444.44,453777.78,464503.7,477693.52,492511.11,504147.22,507620.33,505694.44,499111.11,511015.22,534658.39,543461.11,556699.26,565654.3,582605.59,614912.81,632976.93,656932.5,675387.33,681138.13,696913.13,700332.72,719817.22,739648.15,762766.67,776133.33,770851.09,777018.48,771639.52,798453.54,808535.65,803333.33,816951.85,796806.02,798525.46,816080.09,801800.24,815486.87,822281.93,805413.81,824136.56,799574.07,823854.63,820727.04,834864.81,804455.56,796296.11,825160.93,814908.17,845743.61,858946.93,826840.54,837468.93,843221.8,834127.26,832091.67,833756.94
E12000007,London,E09000008,Croydon,69474.89,69697.38,70119.27,71278.33,72233.78,72819.17,74324.08,77062.61,80118.22,82972.17,85998.39,89435.79,92013.5,94451.39,96429.04,99467.52,102790,106076,111535.44,116815.44,124188.83,128060.56,130698.33,135863.22,139181.67,145047.3,151681.42,159596.84,168240,175418.59,181071.53,187755.64,192663.56,195486.66,197897.22,201081.04,205725.56,208605.56,211331.11,212827.22,213601.11,212758.89,212847.76,216891.61,221062.72,225001.12,228949.94,235999.44,242655,246374.56,249843.89,248581.67,241377.32,234576.83,224745.68,219064.89,218492.72,221635.4,225428.78,229914.52,234018.22,232200.43,233053.33,230695.56,232635.49,234885.39,237756.11,239844.44,243103.61,245989.6,245682.28,251010.56,256320.83,260314.61,270398.87,280971.11,289905.53,298770.83,308991.11,318539.98,330331.71,341163.88,350734.97,361962.23,370565.99,377338.14,383354.2,390403.11,392213.21,396399.33,395211.11,396186.11,396866.67,396255.56,397062.22,392843.33,393107.61,392377.22,394438.28,398289.89,402580,411305.11,418138.83,415725.17,414366.11,415605,413819.11,433589.44,440787.71,442035.02,444639.59,438982.86,437187.49,441228.33
E12000007,London,E09000009,Ealing,78140.85,77705.49,78355.41,80447.26,83457,85166.21,87870.06,91370.73,95398.72,99367.45,102787.8,105520.73,107966.17,110967.65,114921.34,121717.68,128895.12,135209.15,140809.09,147099.15,151988.35,156661.59,162210.1,168435.37,173048.78,176619.34,182052.12,190810.37,199998.17,207352.44,214288.66,217756.4,219412.2,222307.68,225741.4,232990.85,237149.88,240406.68,242524.02,243513.35,244998.33,247170.04,249058.48,254124.94,259182.93,264696.89,273116.74,279913.26,290065.15,295088.35,300391.51,299159.15,291513.61,283998.78,274424.27,276272.96,280548.17,283364.02,283751.83,286827.22,292778.04,292078.02,296540.24,305695.1,304268.28,306802.44,310685.94,309983.52,318993.59,326999.06,335983.54,346706.09,351918.9,362632.51,372077.43,390680.93,413453.35,419788.46,432457.32,443103.66,454469.45,468698.16,470245.12,474967.06,481757.41,484651.22,496847.56,510800.28,514401.71,516735.98,505369.51,502309.82,498810.63,500505.43,503710.98,494027.37,497719.54,495768.27,496549.98,509607.39,521102.45,531328.06,527407.32,524578.23,521079.26,522821.11,529062.89,537509.01,552836.46,551524.02,553478.05,562331.46,557735,566324.39
E12000007,London,E09000010,Enfield,75786.53,76291.32,76129.65,76427.01,77922.13,78666.22,81884.44,85047.22,89353.13,91237.92,94807.6,96944.03,98154.51,99027.08,100757.5,104011.74,109339.24,113732.43,119470.35,125920.97,130124.31,133405.76,138168.03,144990.83,149290.76,154067.78,155597.5,161015.69,169953.96,179061.67,187422.01,193731.81,198446.32,201971.39,207159.51,211827.43,216158.89,218111.04,220888.46,220836.46,223098.61,224284.17,229433.13,236399.46,240357.64,244157.5,246879.17,254238.06,261853.61,267866.07,274685.69,273552.57,267517.36,253520.15,245904.75,247116.89,245604.51,248798.61,251844.24,256310.21,261972.22,264201.39,264607.57,266110.83,267533.33,264388.89,269113.13,275621.39,278528.53,278640.49,272747.22,277860.42,285537.03,295023.68,305711.53,323046.88,335064.38,347343.46,357000.54,364281.15,370382.22,389423.58,397792.07,410422.85,423131.78,424565,429894.54,432284.72,437019.44,440902.78,437746.43,440659.01,444472.22,443486.11,446652.26,450638.82,454476.14,459487.17,459991.46,455739.58,465883.33,472211.11,481944.44,487472.1,487716.6,484086.67,479444.44,491213.19,505452.24,505458.33,514098.54,511082.5,508820.83,503543.11
E12000007,London,E09000011,Greenwich,63458.72,62901.99,64171.76,65053.53,64479.93,64709.57,65820.29,69084,72665.14,75114.28,77142.57,79610.57,80817.21,83168.24,85954.63,91161.62,97066.76,100572.41,104093.1,109620.66,114660.65,119056.99,122723.15,128455.51,131012.71,135723.53,142470.66,153406.71,159079.56,164991.86,170342.57,173034.07,179582.21,181178.19,183149.07,188580.36,192926.93,198985.64,202185.5,204876.79,206977.43,206836.71,208939.06,213304.86,216835.44,220109.36,223762.57,226367.51,231812.63,237965.57,240632.43,240366.64,237737,229494.06,218568.21,220335.57,223278.41,228934,231959.14,237727.79,240239.86,241542.71,239094.29,238835.43,237810.64,235931.43,237297.14,236104.86,238562.07,243462.36,246240.64,254655.69,263436.86,271798.71,283369.27,294236.86,306418.97,314080.71,322394.07,332467.06,345264.14,360748.43,370312.87,380544.14,390527.86,395759.64,400839.67,402568.29,404964.21,408914.29,410596.2,416020.71,413557,413574.29,410671.43,416555.71,424594.77,427945.23,431065.1,427063.33,428249.29,440149.21,442221.36,448178.57,446549.29,444900.99,449160,451226.43,460233.43,463289.14,457997.14,459537.04,459911.77,454763.54
E12000007,London,E09000012,Hackney,61007.75,61959.83,62288.83,63308.08,63436.4,63942.12,67418.98,69785.38,74391.08,77694.5,80494.77,82732.92,88165.83,92430.83,97045.45,103527.37,110403.65,116402.27,122879.73,128114.03,132799,138304.25,146484.43,153927.5,161045.67,165671.67,169747.67,175324.92,182155.82,188554,193348.75,196909.45,198138.25,200232.07,203374,207754.42,211381.58,212870.8,213621.58,213958.17,218332.9,221383.05,225297.08,231157.5,239916.08,244657.25,251629.83,261564.9,272515.75,278266.33,289562.37,281229.17,276547.82,271397.48,257506.88,267591.97,270179.83,278822.47,285699.9,289178.32,291764.98,295505.83,290889.32,290893.33,298070,306073.35,314300,327647.33,338919.83,340730.78,351814.57,366085.82,368609.17,384066.58,403535.83,420594.13,437625,443162.5,460817.32,487642.07,509580.5,523178.82,521404.83,529023.17,524266.58,522979.33,528462.33,536697.5,538799.25,537766.42,552553.92,535471.17,548799.17,550570.83,547075,563476.92,573155.33,569567.67,571367.17,589034.92,604030.08,601781.17,595250.68,590542.5,584321.08,594833.38,621662.5,626810.82,616921.13,616989.1,621153.37,620160.93,623954.17,626786.67
E12000007,London,E09000013,Hammersmith and Fulham,108709,110055,114100,116785,118246.7,118436,123678.6,131542.48,138148,144695,151595,155421.5,156664,156594.56,159255,173227,187898.8,197212.98,205703.96,212243.9,217719.8,224770,228750.44,237315.7,240096,241647.3,251841,259641,266239.9,268826.88,278213,282433.4,284129.98,293947.78,294186.5,300662.4,303857,307907.3,315259.2,323975.98,325460,329278,332765,344340,351856.5,362602,371831,384882.6,403869.88,415120.58,424427.96,421189,421207.94,424771.98,402349,405663.6,419614.24,431222,441707.6,454069.82,455745.06,458993.96,469616.8,458138,466281,459037.5,466928.6,486274,486175.2,504802.4,519704.58,547256,559109,577532,607965.44,639764.56,676526,677702.96,694472,701175,711238.02,703227.98,697838,696645.98,702260,714090.84,715637.8,732212.8,754433,755451.3,759151.28,757539.12,733128,720670.54,731467.54,732587.52,738468.96,744886.76,752911.48,781562,781391.6,747906,741012,741578.44,751856,777839,817904.1,786709,736768,730013.6,732805,755003,769267,800052.5
E12000007,London,E09000014,Haringey,70599.17,71648.4,72416.53,73296.04,75427.78,76478.4,77635.07,81112.89,83137.43,86227.78,90423.19,93096.46,95331.11,96277.43,99874.1,104965.21,111346.67,115624.86,124661.6,131768.11,137115.94,142622.78,145668.61,147491.53,153841.53,158133.33,163511.81,175240,182347.01,188275.56,194392.92,194858.82,201645.14,202556.94,205183.75,210277.68,212691.94,216225.75,218137.86,222421.53,221182.15,225551.58,228765.28,236473.75,244439.57,250409.03,258518.58,270176.67,285018.01,293049.17,299454,288615.19,277629.17,271402.64,265088.13,267481.94,264462.5,272153.58,278641.43,283600.69,291887.5,297718.61,303830.28,310642.36,305775,299246.53,303004.86,304419.14,304134.65,317152.08,320387.19,332971.39,346632.78,356435.42,370093.25,398274.08,417481.97,428678.92,452911.53,447092.51,464627.64,470051.11,477537.36,480379.04,487848.13,529459.71,538597.15,553869.28,554294.03,561949.86,550970.06,546223.74,546361.11,541258.33,537813.13,536106.94,538984.72,529322.53,531687.11,562095.83,574830.92,583950.67,569729.86,566493.89,572063.92,580632.69,595986.39,606360.42,602051.43,602847.92,613673.63,610121.39,623682.92,616360.28
E12000007,London,E09000015,Harrow,86538.5,86510.53,87653.33,87718.33,89751.82,90687.1,93135,96611.5,101944.67,105496.67,109938.17,114190,115445,118106.25,120778.33,124699.58,131538.25,135446.67,143368.42,148871.67,156290.83,159585,162513.33,168300,174116.67,180539.17,189119.17,198385.83,208661.67,216119.17,223493.73,233234.17,238964.17,244015,247770,252134.57,255384.92,258898.17,261495,262695.67,263595.83,264713.33,266788.33,270038.42,276287.5,279405,284750.83,293531.67,302146.67,306776.5,308490,302474.07,293165.73,285834.17,275615.3,273975.28,275764.18,282834.15,288514.97,297654.17,309141.67,313631.85,311723.33,310131.67,312822.47,310926.67,313010,315613.33,316960.83,320233.33,320541.67,327056.67,334660.83,345137.5,361866.1,374519.17,383081.67,400178.67,408865.83,423122.5,433472.83,449199.83,453027.5,465375.83,482480.83,485266.67,499176.67,503202.52,505057.5,504582.5,505015.83,495161.67,491196.68,491740,492801.82,484924.98,486175,490150,493340.83,507795.22,526680.83,529507.83,533095.22,539025,535902.32,541133.33,545175,551737.83,557863.33,568877.17,564615.83,558483.33,556625,552882.5
E12000007,London,E09000016,Havering,71834.83,71591.33,73151.83,72779.58,73975.42,75540.07,76688.67,79062.98,81374.5,82820.67,86182.25,89611.58,91063.33,92862.5,94760.42,98191.08,100070.08,102463.48,107105,112470.92,118676.75,122028.17,126096.17,131098.25,133832,137181,141610.5,149708.08,158757.67,166566.75,174427.22,181903.33,188058.17,191563.08,195666.25,202459.17,204414.5,207532.83,210148.63,209731.25,210082.42,211516.58,212833,217823.17,221814.08,226086.42,231281.67,238551.87,242190.08,246037.08,246854.33,246371.58,244149,234624.42,226604.85,217566.43,218499.6,222038.17,227328.08,234989.15,238780.25,238565.83,238427.05,236400.88,235474.5,233681.67,233555.08,233623.33,233523.33,238855.67,241661.58,247566,250866.42,254664.83,260724.5,268216.42,279624.75,284454.5,292799.75,306524.83,317907.17,329149.62,340524.83,352016.58,362458.33,374350,376316.58,380304.08,382391.5,382965.83,386283.33,386483.33,389708.33,388549.08,386185.83,390879.17,392724.17,397045.83,397783.33,401188.4,406365,416516.67,422140,424289.83,429724.07,437441.5,448849.83,463841.87,463433.33,464100,462862.5,458283.33,456679.58,455029.17
E12000007,London,E09000017,Hillingdon,77665.63,78221.94,77685.16,78758.13,79695.16,80813.28,83348.78,86421.09,89803.91,91639.77,94232.81,97080.94,99967.19,102254.06,104649.06,108406.02,112936.56,117224.22,123278.67,129011.8,136856.95,141739.14,145265.45,150106.95,153331.25,156818.75,162673.36,171096.09,180450.78,188411.64,195852.27,204655.16,209257.03,211476.48,216776.56,220642.03,223507.81,228476.41,229707.81,228163.13,231180.47,233014.06,235072.42,240312.19,245577.34,248226.55,253632.03,260076.56,266628.89,267691.95,270540.05,266107.69,259468.39,253402.84,242071.88,239889.06,239350,244722.66,254637.5,258214.83,264567.94,266149.59,265859.83,268205.47,269784.67,271171.41,274891.5,273799.22,272012.09,276210.39,277894.22,282645.08,290528.69,294282.52,301057.56,314677.81,327396.78,342493.75,349438.28,359461.41,372299.06,386995.94,398510.81,406670.94,421114.53,428918.59,430164.38,437653.59,433889.53,435085.63,435249.69,441004.06,440258.61,442642.03,442412.34,435671.73,443709.22,442975.63,441703.13,439144.59,452023.44,464960,468319.53,468039.06,466489.59,467202.73,472513.38,484451.56,493374.53,500155.16,501226.25,501245.94,496385.42,499156.25
E12000007,London,E09000018,Hounslow,76222.31,76179.83,75211.21,74630.86,76553.19,77994.31,80767.16,85126.03,87682.5,90635,94922.91,98144.48,104030.52,108270.84,112017.43,117533.36,121037.76,126478.9,134081.81,142408.53,144444.83,149385.17,153083.45,159856.03,166032.24,172557.76,179849.74,184409.48,191918.97,196443.36,203035.52,208600,213874.14,214566.38,215633.62,221011.97,224451.72,226591.21,229575,230494.48,233549.74,237375.52,241011.16,246637.45,251674.83,257022.16,262883.26,268486.31,281026.41,288755.64,292651.95,289951.93,277924.14,267592.93,258887.55,261569.83,261048.28,265536.78,274385.34,282807.72,283948.28,291234.48,291078.43,285084.45,285399.1,284198.28,295867.22,300931.03,301058.62,306014.66,310506.03,316444.03,329394.97,333481.47,336012.19,343359.48,348951.72,356907.76,371861.21,383525.86,394033.62,408461.21,414255.17,421866.29,425318.02,433359.31,438006.02,440096.55,445587.93,451798.28,460945.69,451991.36,453687.91,448172.41,444903.45,452197.41,450553.45,445656.55,446938,459032.41,485637.59,490413.78,499084.48,500382.84,497403.45,494717.21,492991.14,511707.76,514612.07,522595.81,527982.78,542995.71,538134.03,539974.14
E12000007,London,E09000019,Islington,97737.83,97393.26,99947.5,101045.65,102829.02,105065,110488.8,114283.46,118074.46,121839.98,124996.96,131634.78,135611.96,140958.7,145311.96,152427.93,161125.98,168332.61,180536.85,188452.8,195555.43,199571.74,205242.24,206419.35,208718.46,213473.02,221436.96,231336.22,238751.04,238656.74,241414.52,240494.46,241807.17,249691.3,250183.7,252208.65,255823.91,258098.37,265585.43,270994.57,275666.3,275048.91,285379.35,291072.83,298415.87,309787.5,318964.02,334418.91,342897.28,354220.22,359652.04,353759.39,351715.11,343331.85,330573.93,327756.65,326030.43,341597.83,351039.13,367329.35,379189.61,385734.15,386702.74,387204.35,386776.09,391298.96,399501.2,405601.09,416806.67,426271.74,433094.7,446330.74,469290.17,489521.83,509334.61,533256.61,541226.17,557404.52,570716.11,574793.48,590563.61,592582.37,593990.43,595804.35,594352.17,611933.78,628652.76,641716.3,621917.91,604302.17,596718.48,611947.04,612219.57,614168.48,617042.04,616451.87,607370.65,617541.46,616353.24,638123.87,653787.93,675366.3,648260.37,640647.76,645884.78,638800.11,666455.74,667383.3,657956.52,660397.74,664708.7,669539.78,663445.65,672585.87
E12000007,London,E09000020,Kensington and Chelsea,162283.33,164585.83,169698.81,179784.29,181154.17,189437.62,199258.4,205105.02,212494.79,216600.24,220309.1,223903.57,227444.05,235559.52,244458.83,252666.67,269440.95,280515.95,295267.86,314123.81,324972.62,334500.02,336069.05,338736.9,342442.14,347396.07,357713.1,370130.93,381809.45,384998.81,389535.71,381379.17,383986.9,387925.36,409602.12,427153.57,435814.4,440586.9,449696.43,443078.64,445916.67,464436.19,481092.86,488571.43,508380.95,532445.24,565105.17,603961.9,620094.05,630566.07,652201.19,650198.81,668028.57,642695,622933.76,650654.76,670190.48,692904.45,721514.21,733499.95,778201.81,773512.74,777271.24,769835.69,773279.36,778004.88,813190.48,857841.67,887819.05,920648.81,930527.21,973128.55,992628.6,1023642.83,1070778.93,1110151.14,1153688.1,1163713.1,1157952.38,1196304.76,1182807.14,1209779.76,1237189.29,1239990.48,1213930.95,1219804.76,1247166.64,1246220.24,1277226.76,1315988.1,1304411.26,1335869.05,1316919.98,1219494.71,1217216.67,1204723.81,1143384.52,1243625,1208402.5,1216654.76,1302750,1294511.91,1198824.76,1239774.45,1245578.57,1285835.71,1385350,1399502.38,1371666.67,1390904.76,1378369.05,1323654.76,1334333.5,1317918.19
E12000007,London,E09000021,Kingston upon Thames,88730,90025,90859.88,92209.75,93997.25,96069.75,96240.5,100060.5,104681.25,107414.5,113802.38,119443.75,120692.5,123851.25,126577.5,132767.38,139580,145856,156480,163692.25,171321.13,171621.25,174882.4,178883.5,183456.25,190125,196035,203271.25,211508.75,214796.25,219221,223015,228717.38,231417.5,237508.75,247544.88,250473.75,253777.5,254740,256428.75,256853.75,259808.75,267753.75,272071,279987.5,286056.25,292594.75,302768.75,314716.23,319232.25,324840.25,323129.15,328042.05,325808.9,296995,287043.75,293872.5,300810,313500,323680,331563.75,334496.25,331619.93,334808.75,330231.6,331527.5,337382.5,334600,349221.25,357920.18,358602.5,374871.25,381741.25,385648.75,393225.5,406151.23,427209.58,435746.9,448596.3,452605,456380,468536.25,484575.05,497456.25,502712.08,519775,521923.75,536396.28,538035,535352.5,538471.55,542358.65,541237.5,529481.25,520265,520122.1,523272.5,525661.25,529213.2,540350,550037.48,574287.35,579087.5,580666.18,586269.85,588762.5,598700,614659.75,625444.3,627414,637217.5,632649.25,639345,630612.5
E12000007,London,E09000022,Lambeth,67888.2,69094.11,69685.71,71065.57,72255.56,74035.71,77352.63,81446.43,84984.57,88292.84,92664.21,96447.86,100568.37,103361.8,106570.7,113438.14,121490,129179.26,138287.24,146886.83,154649.93,161990.57,166266.27,174114.86,178434.29,181359.36,187848.47,192404.64,198071.79,201226.9,201755,202152.29,203110.49,204533.41,210873.57,216935.77,219757.71,221104.27,222802.14,222720.79,227201.36,229133.5,233781.44,241237.83,243359.93,252497.7,260147.1,272567.29,282111.49,288099.67,290472.86,287734.7,280865,275265.7,264522.83,260062.14,269293.5,279603.71,287084.31,293342.5,293560.69,291715.17,291109.56,293351.26,296903.57,297879.16,304064.33,313602.8,321206.14,330804.03,338154.29,345091.43,364298.56,379563.6,400840.84,425984.27,442207.86,449986.34,452632.71,461465.16,470599.9,485872.93,495455.71,500427.86,511667.46,511355.71,508546.14,512209.29,517780.41,531729.87,529502.06,520903.57,522479.99,515124.21,512835.71,522066.43,528036.19,534233.97,544755.53,556268.59,566457.83,572494.29,560016.99,557862.21,556502.7,547474.21,554900.21,560452.86,552833.23,548265.7,548464.4,550285,543617.29,540499
E12000007,London,E09000023,Lewisham,56632.7,56741.89,56843.46,57137.43,57392.97,58920.27,60489.92,61901.76,64296.22,66418.18,67911.96,70462.68,71751.01,73200.47,76490.14,80185.95,85031.49,88883.43,93651.19,99248.84,104701.22,108601.28,112589.86,118059.26,123109.31,127938.77,132562.72,140147.23,145576.5,151627.43,158220.01,163820.81,168015.2,169863.92,171631.69,177149.78,180877.03,183742.36,186337.09,188722.16,189039.85,192236.47,196623.96,200263.45,204863.85,208543.51,211108.51,218339,226018.92,229234.23,233069.78,232546.49,228424.19,222451.28,218821.77,216476.93,213141.69,218565.47,220021.66,227811.42,231473.91,233955.97,235694.46,234551.96,237162.14,235310.11,237704.3,242211.82,245916.2,248363.51,248855.68,255761.89,266294.05,276061.49,290544.8,305011.34,321360.81,328697.54,337304.92,350825.86,364771.55,378162.16,387522.38,394849.72,396132.41,400419.69,410358.55,421984.41,431037.14,429602.16,428682.11,417935.19,421922.14,429515.47,427970,433207.66,433711.36,432505.3,430682.78,433587.97,451387.16,466381.08,466503.81,465215.92,458128.7,450278.3,449992.27,469552.84,481368.49,482243.23,482306.11,477174.86,467040.54,476520.27
E12000007,London,E09000024,Merton,85125,85997,86842,87690.88,88538.9,89713.88,92128.9,95710.86,99611.2,104595.98,109340.36,114805.9,117605,120250.48,123761.54,131702,138450,144262.9,151130.9,158280.54,162616,170755,173715.9,179422.6,183624.9,183295,190415,202358.8,209228.56,215155,219770,223157,224739,231159.98,241279,249187,257471,263618.9,266027,264454,257008,253942,257628,265226.5,270704.8,282225.16,293951.8,305798.92,322424.8,331378.8,330370,329590.8,319534,313368.96,295782,289724.9,290890,297734.9,304406.44,319133.8,342512.62,346526.32,349903.26,353350,342895.76,342713.8,348883.6,351885.94,357329.78,366607.8,366855.9,381424.9,393256.4,404210,426086,443476,469469.8,491441.9,494950,505048,516170.78,525836,528695,519499,526630,539432,554695.4,557001,559318,555691,548478,558579.9,564864,569313.8,570678,565388,552730,551600,560340,554900,568753,579866.4,589024.98,601370,621459,612475,624950,631720,612977.3,619626.5,627678.98,612475,607186.06,609955
E12000007,London,E09000025,Newham,46799.28,46821.71,46395.07,48502.37,49626.6,50175.35,51957.88,53644.71,55561.09,57353.27,59372.95,60766.22,62702.63,63857.86,65270.58,67823.72,71922.12,75955.51,80617.24,86398.95,90794.49,95076.92,99128.91,103845.96,111070,117781.82,124646.95,132596.1,141232.76,149562.17,158653.01,166965.97,173157.95,177559.49,183536.65,189182.24,190443.59,192285.77,193500.49,194087.62,197736.67,199390.87,202753.21,206060.62,210508.85,213759.49,218390.13,224198.65,228685.58,232288.18,232211.21,228751.28,225899.94,217844.87,201506.41,193538.37,194929.4,198884.37,204509.47,210703.54,216634.35,216186.74,214363.85,213922.23,212961.54,212098.71,214194.68,217619.23,217214.27,224066.03,222511.01,224492.81,227826.73,230999.87,238218.46,247799.1,257951.77,265989.55,278008.97,287378.21,309361.85,323182.38,332836.19,342265,354826.58,363961.2,369032.8,370404.31,376336.56,382611.55,395692.06,395912.65,396508.13,396665,392397.81,394370,399385.25,400076.06,400062.34,406525,411925.74,420648.88,429449.88,429424.94,432080.3,426711.81,427711.13,431653.3,440968.69,445251.09,444312.44,443221.2,435198.13,439951.88
E12000007,London,E09000026,Redbridge,72396.24,71712.68,71906.82,72853.41,73883.85,74529.92,76281.52,78468.64,81240.15,83833.64,86365.08,89123.41,90276.82,91845,95194.58,97987.88,101622.38,104807.35,109510.15,115484.7,120908.18,124898.94,130278.56,137146.74,143442.12,147325.45,154260,162379.82,170556.59,180772.2,189513.79,198171.89,204617.5,207712.05,213371.89,218923.03,223604.61,226420.3,226369.55,227360.83,226928.65,228574.55,231823.82,236681.74,241552.94,246717.76,251661.68,258491.88,265045.83,269265.98,273734.7,271102.38,263215.5,250271.17,240583.18,239248.18,241013.23,245870.33,251111.09,255249.89,260706.59,260802.88,266219.55,268703.89,265882.42,267483.91,269042.17,266515.15,274144.24,274877.24,276633.3,281237.33,285023.18,291907.35,299166.42,303953.97,309498.26,320818.05,337257.58,353500.68,364943.79,378888.62,385342.12,388680.61,403909.09,411022.73,409141.76,426787.06,435643.79,443944.09,447471.21,450209.09,453651.14,451131.44,443648.48,440806.82,438712.12,436772.26,438726.42,447024.55,463794.09,487924.17,491185.15,493780.3,495916.59,495824.39,500587.11,508390.14,509727.27,504615.15,511101.52,516495.56,515480.26,506661.45
E12000007,London,E09000027,Richmond upon Thames,117455.65,119445.65,119639.13,124551.09,126092.39,127865.22,133710.87,137053.26,143572.52,151227.78,158304.57,166105.43,173409.57,176555.54,180620.65,187750,194155.76,200725.78,214052.33,225189.04,236554.78,241368.91,246437.91,251290.7,248986.35,248748.78,251642.39,258836.96,267340,273773.91,281396.74,285220.22,291018.37,296622.17,309726.65,313422.83,317320.87,317949.02,314204.3,312290.11,318265.22,324846.74,327864.35,345755.43,355010.87,362499.83,378214.39,394210.87,408200,421102.87,426617.39,425794.54,412628.26,405939.74,394211.93,382238.7,404463.04,415855.43,430060.39,445184.35,439835.87,443954.35,448733.65,459745.63,465532.61,467431.52,470595.11,471393.65,478103.22,495282.61,508076.3,520593.48,525565.11,537609.89,552030.35,583808.67,607107.61,618496.74,624678.26,630482.61,635366.3,648636.96,647747.83,665768.48,682921.74,689171.3,693967.39,700673.09,711554.35,720886.96,715738.04,711684.78,712085.87,710254.35,724647.83,716545.76,716971.28,716449.54,715110.87,728556.7,748682.61,764516.3,764475,771286.2,779036.5,790160.74,801597.59,807437.57,794423.91,775086.96,781979,774028.15,773743.48,778477.17
E12000007,London,E09000028,Southwark,66605.3,66325.68,66266.14,67981.61,69083.96,72422.58,73318.6,75896.82,80706.36,84753.94,90076.29,92682.05,94391.44,94538.53,98245.47,103961.47,111402.37,116786.47,123982.07,132388.21,140484.4,146151.31,152546.38,158585.84,164306.75,166906.49,172276.47,180873.28,186509.84,192459.56,195731.43,199315.88,203476.47,206030.06,211034.84,214272.65,214479.94,216981.37,219527.76,222250.07,225233,227177.84,230304.26,231749.85,237025.79,245090.13,253764.85,266538.78,275447.84,276811.51,275189.68,272231.59,270153.72,268954.5,266860.28,265615.29,268695.88,271118.76,280116.18,290929.41,297284.91,299375.01,303430.88,305848.31,302226.47,298873.51,306761.76,314124.93,326365.44,331901.76,339262.99,344268.97,354386.26,368478.68,381220.81,404568.97,423674.24,439093.38,459131.81,468631.62,483952.12,493433.82,499819.12,508660.75,516882.35,528047.09,541839.85,551913.75,544949.85,540928.24,528422.12,529323.53,534480.85,537712.5,548764.56,563216.47,544534.81,533221.38,538773.54,545174.63,562388.24,569506.62,556591.16,551217.54,549414.19,549135.69,551232.76,556566.18,552134.47,548042.87,545473.01,556338.24,543165.07,556463.24
E12000007,London,E09000029,Sutton,71151.88,71269.48,71658.85,72280.21,74291.35,75967.81,78210.1,80499.58,83620.73,86758.23,89576.67,93078.42,96055.21,97833.33,100025,103341.63,107178.13,110782.08,117017.71,124527.08,131485.42,135847.81,140233.33,143312.71,145996.25,148853.96,155487.5,162685.98,168985.42,175571.88,182012.5,187120.13,190378.02,192632.92,193979.17,198071.88,202100,204792.19,208730.21,210389.56,210991.56,213600,216271.77,219596.88,225205,228166.67,231166.56,236921.88,244302.92,249357.29,253945.83,250321.67,242267.5,232253.96,225435.5,224217.65,223269.79,229808.13,235050.83,241776.88,248832.29,247322.92,247639.48,247892.29,247583.33,250269.69,251705.21,253869.58,258870.63,264354.15,264908.33,267030,267580.21,271201.04,278925.94,292483.96,306707.29,316362.5,326267.71,339241.67,342714.58,356400,365006.33,373266.67,382610.92,387781.25,388254.13,392479.17,396363.33,398367.21,404489.58,404488.54,408180,408529.17,407151.6,406937.5,411609.38,414352.92,417348.21,423068.54,439994.58,451477.71,453866.46,452427.92,446688.54,446680,453595.63,462777.69,475262.4,476906.25,478147.71,485812.5,476636.85,480375
E12000007,London,E09000030,Tower Hamlets,65101.36,65081.42,66373.11,69610.45,70584.77,74298.86,78910.61,82290.15,82873.79,84476.52,88116.44,96751.09,101493.47,107130.68,110463.26,117875.54,125757.24,130597.56,135695.29,141673.9,149126.91,155623.46,158481.47,164335.74,168318.15,174524.56,179683.94,182968.16,189256.4,192932.87,198830.56,202271.84,205093.97,205279.26,210858.82,216722.82,219903.47,222770.54,227417.49,231307.13,231436.6,235188.32,238954,240004.84,245220.06,251533.99,261613.4,273243.37,288777.13,295258.24,295807.35,293072.94,288528.93,278916.09,265345.85,262734.22,272381.99,279055.15,287619.31,291300.22,291118.29,286501.24,287880.34,291794.03,293409.9,294074.46,299122.28,302773.6,309893.84,313006.15,318306.78,328141.31,334885.62,343828.81,356896.84,371703.79,392554.71,399928.85,410080.01,420699.93,433562.84,447931.99,457038.24,470359.49,483553.28,490445.88,493342.46,504458.82,496870.22,498682.34,496290,492108.97,486725.01,480084.97,478719.26,486976.49,492934.78,493103.68,499524.41,495732.35,502556.62,510429.49,510909.26,508056.9,505257.99,507071.97,516557.35,530691.18,537175.37,532829.26,523005.62,507183.38,485735.68,474819.88
E12000007,London,E09000031,Waltham Forest,57586.61,57803.39,58507.05,58981.96,59526.16,60081.79,61506.61,63872.5,66146.93,68772.41,70654.64,73090.59,75486.16,76627.79,79175.55,82252.32,84435.09,88588.3,92395.5,97754.55,102579.73,106458.04,110399.38,115483.21,121493.3,127408.48,134712.23,144168.04,152873.39,159900.54,166653.39,172552.23,176994.46,180878.95,184379.02,188901.43,192034.02,193901.7,198699.73,200187.32,201944.64,203808.63,206196.43,209506.79,214540.18,220410.27,225636.14,232675.71,241491.07,243845.71,246392.09,242174.73,234798.75,227839.27,215542.86,211786.84,215155.63,220700.71,222701.52,227163.3,231254.38,229584.82,231178.39,232749.82,234543.3,235481.79,241015.98,242186.13,243133.57,247656.16,249774.91,259258.66,269576.7,279798.93,289322.68,305856.79,323660.54,335751.29,353524.89,367025.71,381201.7,397339.11,404995.59,411778.39,421212.5,429726.7,438348.13,448995.93,446876.5,453610.27,453571.43,457283.04,456170.38,454258.93,455345.98,453372.25,456723.21,463253.48,465456.59,472183.3,485374.91,499982.14,507389.29,507011.57,504688.05,496373.32,492406.23,510847.68,518835.63,524182.14,531785.71,525906.32,520258.89,529763.39
E12000007,London,E09000032,Wandsworth,85356.84,85635.39,86803.29,89965.78,91577.57,94617.57,98238.7,103661.16,107971.04,111781.04,116419.17,121590.13,124800.39,127200,131622.45,142063.82,153022.04,162077.93,171337.54,178104.61,182230.07,186357.97,192673.68,201028.92,206860.05,209744.08,216570.37,229115.79,233397.39,238685.86,240935.53,239868.42,243829.25,251416.42,259037.22,269415.07,271526.25,272616.97,275294.08,275045.33,279178.95,281097.37,288156.54,297590.79,310041.12,321706.72,335167.36,350781.74,363858.86,371860.11,379403.92,373839.92,361814.46,354640.95,347683.54,343999.34,351186.16,357600.45,362690.46,374857.89,380669.2,386373.14,390524.33,391172.38,393802.26,394815.46,398908.14,408013.38,421267.71,426906.14,434751.87,447304.61,460321.36,482910.14,514768.36,541606.34,559500.68,567458.78,561811.17,565943.09,575628.51,599167.76,618161.05,623914.76,640742.63,640148.57,640360.53,639357.3,627582.24,624653.29,615210.79,626953.64,629055.89,625417.37,627794.08,625902.76,631248.39,641161.75,645277.63,678618.25,683576.84,675192.26,657855.39,656919.75,657994.08,657571.38,668900.24,686782.08,683184.58,684518.63,692279.68,681073.07,673962.24,674484.61
E12000007,London,E09000033,Westminster,131635.42,133505.21,131927.08,134083.33,135685.65,141881.21,152628.96,163047.29,168762.63,175263.33,182853.96,187641.88,191513.52,197578.33,201510.42,212655.23,226045.75,233425,246357.27,255290.63,264244.23,268642.67,277230.96,286197.04,290821.88,299729.06,311350,321359.17,333602.08,338360.42,335193.75,336731.96,336605.46,345661.46,358385.42,366744.58,366541.54,368583.33,378276.58,380103.29,393134.38,400947.75,414667.08,422813.85,427140.1,438312.5,454422.08,472888.54,506206.25,523474.33,526247.9,526620.5,520210.77,505584.17,513432.85,516602.08,535673.04,558972.21,573123.96,590491.67,595706.25,605011.29,630579.06,631282.79,638497.54,634468.75,639745.83,676035.63,717122.58,759247.81,809398.94,833135.42,842725.94,877606.04,904008.33,935505.96,989218.65,998171.88,994358.67,984908.67,984196.35,995461.46,1022922.85,1040813.54,1076436.06,1117192.75,1097891.67,1127181.25,1115502.08,1109213.92,1078868.75,1086657.27,1064547.92,1053484.1,1081072.92,1041400,1054979.08,1046926.1,1053562.42,1075323.71,1037872.29,1086371.88,1003781.25,1012226.35,1038488.54,1087194.81,1222037.46,1237313.54,1258142.81,1195980.44,1184885.42,1153576.19,1094035.46,1066277.92
E12000008,South East,E06000035,Medway,48941.91,49392.43,49867.04,50955.99,51135.39,52190.39,52605.71,53958.62,55567.66,56351.71,57590.91,59380.26,61021.57,61612.89,63594.8,65197.43,67193.68,69147.96,72200.79,75091.38,77687.24,80166.54,82492.26,86049.61,89131.03,91384.21,95290.86,101533.29,107731.32,112640.46,118429.91,123884.34,129578.03,133481.71,137525.53,142179.74,145112.5,147183.62,148244.47,147655.86,149496.38,149841.5,151287.96,153571.91,155304.87,157681.76,161505.79,164499.41,167525.53,168600.18,170229.87,170112.14,164639.13,158545.13,147669.61,145312.42,147808.95,150490.59,153866.51,158177.3,157308.49,156332.04,155683.29,153145.39,152829.96,152999.74,153770.53,154933.28,156800,157565.12,160331.84,162257.89,164269.67,167379.47,169743.42,174819.67,180897.22,184262.57,189024.87,194190.66,198742.84,205392.47,212567.37,222339.01,229719.55,235263.33,237603.68,242730.2,248013.03,248789.47,250061.71,250190.79,250499.87,250920.92,251194.54,254619.87,255942.43,256814.41,257242.7,260060.87,267744.04,275672.93,282638.03,284235.92,287211.29,288157.63,293809.21,306427.5,313524.13,317315.79,317631.51,314386.84,309150,306467.11
E12000008,South East,E06000036,Bracknell Forest,77180,78471.5,77915,79676.33,80333.33,81236.67,83089.83,86605,90803.33,93321.83,96359.7,99637.03,101827.2,102431.67,106245,108323.33,113303.33,118618.33,123716.67,127990,132488.33,137041.5,140801.67,143788.33,146976.63,149009.67,155060,164861.67,172089.5,178406.33,183684.83,186478.33,188620,188616.5,193027.67,198469.67,201533,204963.87,203330,201143.33,200470,200528.33,205576.67,211409.7,217197.87,221586.5,227340,233818.33,241609.83,246393,252376.17,244196.5,233633.33,228804.93,218631.33,217048.33,224372.67,228417.63,234842.17,240687,245888.83,238967.33,236828.33,240365,242561.67,243345,242380,243221.67,244336.67,247800,249526.67,253915,263530,264591.67,271026.67,280105,288455,296931.67,305198.33,310176.83,316080,325646.67,339363,346428.33,357135,358181.67,360781.67,362960,359831.67,361360,362913.33,363161.67,361463.17,361946.33,368866.67,371016.33,373683.33,375283.33,372146.67,373725,386100,391483.33,396016.67,395713.33,395333.33,396825,407916.67,423319.83,427833.33,430989.83,424833.33,426400,425996.67,415680
E12000008,South East,E06000037,West Berkshire,82428.41,83993.18,85769.09,88003.41,89688.64,90165.91,90327.55,93214.66,96039.77,97934.09,101463.41,105891.3,110324.77,114470.84,117714.77,120641.82,125268.18,130426.14,136885.02,143311.02,152252.05,155372.73,159910.68,166720.68,168956.36,174297.39,178120.34,184635,190846.48,195015.68,197668.84,199907.39,203322.61,204774.89,210418.86,217496.55,224887.14,227953.18,229646.36,230875,226891.82,229629.2,231574.75,238570.45,247059.66,251100.91,254595.34,259695.23,262148.75,266377.66,269691.82,264340.91,257954.55,250190.91,246140.91,243463.59,247759.09,252564.55,257828.3,258349.77,263723.91,267169.59,268442.05,271088.64,273704.55,266343.18,266145.41,270110.23,271818.16,278878.43,278557.7,273580.68,275357.95,273495.45,280615.91,289536.36,290910.11,297181.82,304725.91,315491.68,326403.41,334634.09,340689.77,352272.61,356251.14,360328.09,362853.41,360987.5,366423.86,370811.05,378718.18,382736.36,380340.91,380277.59,380284.09,372292.05,369473.86,368353.41,365485.23,365742.05,387065.91,402056.82,404543.18,406327.27,402186.48,398778.16,407340.91,424181.82,429991.34,439476.14,443260.23,437693.52,433931.82,420659.32
E12000008,South East,E06000038,Reading,60523.55,60242.11,60509.21,61582.63,62390.79,63411.84,65264.47,67448.68,70803.95,72931.97,77026.32,79911.84,81431.58,82943.42,84548.68,89501.18,94852.63,101797.24,108857.76,114361.58,119481.58,122911.58,125361.45,128375,131607.63,135100,142528.82,149353.68,155907.55,160478.95,164297.89,164016.84,165155.26,165661.84,166997.37,174170.79,180408.5,183462.26,186905.45,187825.21,185789.21,185234,184662.89,189168.42,194535.53,199863.16,205660.53,212803.53,215190.47,217715.79,219251.32,216239.47,210777.63,204329.34,198107.89,193052.63,194156.58,196942.11,201321.05,203636.71,209037.66,209204.47,206772.37,205364.47,206992.11,205846.05,205411.71,208467.11,209501.58,210299.74,212315.53,215589.21,218744.47,224804.74,231035.53,238618.42,245191.16,250136.84,257548.29,265752.66,275355.05,288325,297189.47,303477.29,305174.55,307245.79,311355.26,314492.66,321428.95,322546.74,323455.26,324891.71,321181.58,319734.21,320914.47,317959.74,319578.95,320582.63,318457.89,317236.84,322784.21,331428.29,336309.21,336544.74,335907.89,339468.42,344045.79,359607.89,369135.53,370463.42,372750,371711.84,370456.84,368365.79
E12000008,South East,E06000039,Slough,55461.5,55195,55734.67,55746.33,56541.33,58483.33,59931.67,61476.47,63060.47,64308.33,66553.17,69423.07,71318.5,72777.67,74755,78548.33,81794.67,84913.17,89781,92975.73,97688.17,100953.33,105286.17,109859.33,114104.83,116771.33,120814.67,126141.67,131511.33,135905,140686.67,146880,152245,154640.83,160111.67,165076.67,168825,171926.67,173379.67,176228.33,177467.57,176582.67,178478,180781.33,183081.67,187133,190253.17,193171.67,197428.33,197068,198591.67,198830,197070,196541.4,185531.33,181066.67,179530,180533.33,179015,182766.67,189416.67,191818.33,192033.33,194000,194213.33,194146.67,195091.63,198378.33,198838.33,199790,204385,208316.67,211075,215983.33,219175,223043.33,230894.97,235510,241060,248496.67,260293.33,268113.27,278461.67,285629.93,295399.6,316331.67,319216.47,324530,325259.83,327848,327823.33,324250,318567.6,315646.67,323944,330062.73,337500,337240,331930,334623.33,334600,345650,354296.67,351341.93,350166.67,348388.33,346198.33,358461.43,366934.33,378033.33,379999,381329.93,385439.13,387614.13
E12000008,South East,E06000040,Windsor and Maidenhead,98440.28,99144.44,101616.67,102385.83,105095.83,106490.69,108826.39,114600,118713.89,124036.11,128311.11,133399.86,137479.17,140179.17,146023.61,151520.83,157191.67,162430.56,169705.56,181922.22,191700,193813.89,197502.78,198481.67,202008.06,205269.44,210412.47,216355.44,222418.06,228644.39,236798.56,245358.06,249222.78,253698.33,255949.92,259558.28,267591.64,271963.72,274913.75,276036.11,281730.56,281843.06,287188.89,291750,293260.14,298197.22,302156.94,313197.08,325346.83,331127.67,340385.86,338193.06,328002.19,327833.33,316748.61,303888.61,308972.22,315222.22,318629.17,332026.39,331583.33,333402.61,335830.56,339569.44,341565.28,335623.61,338290.28,334150,339719.44,346462.5,344388.83,347679.17,350312.36,354065.28,373413.89,384262.5,402911.11,410577.78,416327.78,428438.89,439483.33,454691.67,468069.44,476538.94,477634.44,483188.89,490163.75,500504.17,498729.17,490816.67,475975,473272.61,477830.56,483937.47,485705.56,482594.39,480430.56,487097.22,495372.22,508308.06,518819.44,532347.22,534576.39,526005.56,526180.56,520748.61,518031.97,539763.89,548458.33,551751.67,556222.22,554845.83,538691.69,546370.56
E12000008,South East,E06000041,Wokingham,93766.13,94617,94731,94721.13,97245.5,99340,101763.63,105986.38,109706.25,113138.75,117868.75,121759.88,126022.13,127722.5,131103.13,138603.75,142218.63,147850.63,157714.88,162357,173988.75,175200,176036.88,177998.75,181166,185442.38,193179.75,202574.88,209511.18,215875.05,221945.1,227388.5,228473.25,229312.5,232762.5,238481.23,242098.38,246184.75,244449.98,246035,247687.5,250735,254183.75,259261.25,266918.75,270563.75,276430,283818.75,287571.25,290202.5,292432.75,285858.75,279366.13,270170.7,264619.4,261336.25,266470.63,272413.75,274388.75,280215,288681.25,290447.5,289503.75,292552.5,289510,287338.75,291982.5,291183.75,292263.75,295112.5,290041.25,296875,302242.5,307875,317152.9,330258.63,339113.63,351620,364798.9,374131.55,388394.58,399232.5,411712.53,419785.3,425274.75,430272.25,434768.75,433317.5,431430.38,436593.75,430400,433720,433822.5,432862.5,434462.5,430636.25,433053.75,432385.88,428342.2,429087.5,443550,450500,461217.5,464000,464911.25,475280,483855,496737.38,506302.5,510098.75,514010,513873.75,512172.5,509627.9
E12000008,South East,E06000042,Milton Keynes,50898.71,51336.74,51428.64,52133.89,52960.72,53854.78,56082.43,57324.49,58618.24,59660.07,62135.15,63865.56,65095.71,66101.21,66724.75,68991.51,72520.13,75043.09,78795.07,81705,85672.21,87366.25,89750.96,93398.16,95888.68,99092.87,106674.78,113838.46,123738,127666.57,132821.36,137715.5,141582.21,144974.93,147992.57,153910.43,157470.79,158829,161309.29,162539.14,161183.36,162138.43,164505.71,164994.79,169762.84,172183.36,175399.79,179312.07,181483.8,183061.97,184240.73,183013.29,177833.14,173141.24,167716.79,164002.34,166156.54,169754.79,172596.2,177488.77,181563.64,179679.24,176932.76,174906.14,174060.4,176315,177349.19,180688.56,183931.36,185062.71,187204.14,187162.43,186403.21,190123.16,193235.54,199318.21,206246.79,210046.5,215359.64,222586.79,229880.29,235092.57,243591.64,247719.61,251914,257941.21,261435.29,265364,269289.57,271970.21,274109.93,277392.07,279484.71,276617.59,275060.36,271755.71,272473.33,275456.64,275369.57,282695.79,293471.07,307052.64,311536.86,310096.09,309712.29,306129.71,305553.36,320813.36,329278.14,335126.79,337886.79,341103,334643.79,331918.79
E12000008,South East,E06000043,Brighton and Hove,54052.73,54719.85,55499.24,56702.82,57551.58,58080.79,59918.94,61763.56,64565.15,66455.61,67701.44,70065.76,71856.59,73441.73,76792.27,80345.94,84495.45,88001.14,93965,100918.94,106630.45,110033.33,114416.65,121163.64,127883.33,132851.35,138739.36,146423.89,151207.42,157525.76,164268.7,169987.88,175040.15,177315.45,181408.33,185777.88,189410.45,193784.7,196944.7,197269.7,198793.56,198481.82,200714.85,206915.08,213931.82,220332.42,226971.21,235900.68,240339.92,244297.73,246135.86,243397.71,233343.05,227580.08,217413.48,213175.61,212917.95,221177.2,230037.88,239414.32,246434.77,246890.91,244159.09,241689.85,242353.03,239426.94,243513.79,246631.06,249026.52,253563.64,255082.47,255423.71,259737.62,263600.76,269615.91,281822.88,290727.27,298924.24,303931.8,307494.33,312005.83,316513.59,319867.42,329373.48,337222.35,347430.3,353797.76,358151.14,363649.35,365515.15,365734.45,362181.82,364159.09,365976.52,367295.45,368874.48,368363.64,368373.73,367650.76,373901,392367.41,412510.3,421937.88,420069.7,416958.26,408816.67,411521.12,431309.85,444150.29,452760.61,454566.06,447534.85,440939.39,439409.09
E12000008,South East,E06000044,Portsmouth,49484.98,49097.88,49523.02,50350.29,50889.9,52006.83,53050.19,54504.08,56507.21,57417.5,58902.79,59768.65,60567,61307.31,62032.98,63821.06,66433.94,68832.31,72415.37,75725.29,77991.15,80122.31,81077.88,83310.87,86645.87,89292.02,93540.77,99609.9,105535.29,111317.31,117305.48,123383.85,128245,130451.44,133823.46,138844.52,140853.56,144105.38,145196.44,145727.4,144163.06,143950.77,145645.4,145810.33,148954.62,151766.15,155464.31,158774.65,160167.31,161956.73,162067.02,159668.27,156095.87,151004.33,144803.75,145911.44,146212.02,148522.79,150239.13,151647.02,153524.81,151699.9,150942.21,151784.52,150932.4,152458.27,152085.38,150979.71,152484.52,151903.85,151433.5,153093.42,155791.31,158455.77,162916.06,167241.25,168325.48,168901.54,170181.54,174106.06,177446.87,180469.04,184280,186479.33,190641.06,194531.25,197025.58,203269.04,206728.56,211545.1,214688.85,215075.96,217665.77,216410,216709.04,215644.23,214043.65,216695.19,220375.54,223010.65,226932.69,234013.17,237086.35,238759.62,237826.92,242316.25,244628.85,254217.31,261968.27,263171.15,265060,261471.15,256463.46,258611.54
E12000008,South East,E06000045,Southampton,50490.15,50670.83,49894.09,50178.26,50873.94,51633.79,52598.33,54369.55,56201.89,57996.89,59075.32,60201.08,61522.73,62182.27,63793,66711.97,68436.97,70472.36,73476.52,77292.2,81830.77,84557.27,88247.65,91440.76,94719.55,96761.89,101402.92,108665.08,116010.61,121409.85,127530.15,131888.56,137003.79,139180.23,142756.06,148319.7,150392.14,152599.24,153476.44,152968.36,152938.77,153656.79,153627.7,155275.59,158539.86,160388.18,162415.08,165379.55,166510.45,168463.64,168553.06,164766.06,161530.76,157603.52,153811.39,151063.92,155174.09,158730.15,160041.52,163073.33,163814.39,162679.47,161989.39,162950,162190.15,163346.14,164263.48,163235.61,163487.12,162635.61,163771.59,164372.5,167490.15,166889.39,168864.39,172532.5,174312.88,178206.67,181738.64,181843.27,185656.21,186368.18,189516.3,195434.85,198886.36,204744.12,208465.67,209381.82,213891.44,216619.39,217974.11,220960.55,219490.56,219927.05,219509.27,220380.97,225834.09,226909.77,229306.06,225686.36,225625,229566.67,232980.98,236597.62,238766.52,241429.52,242093.94,249983.33,256069.7,258799.24,259773.45,253148.32,245791.82,244702.48
E12000008,South East,E06000046,Isle Wight,48385.08,48868.06,49001.39,49820,50468.06,50587.22,51608.33,52349.58,54098.61,55566.53,56792.78,58752.64,60366.67,60961.11,62413.89,64744.44,66659.72,68823.61,72643.06,77118.06,79665.28,81956.94,86191.67,89223.39,93625,96077.72,101077.64,107622.22,112345.83,117120.83,123412.5,129133.33,136080.56,139770.83,145969.44,152840.28,158786.11,163454.17,164043.06,164044.44,163802.78,165508.33,167180.42,173437.5,176923.61,179180.28,180495.83,182436.11,185787.22,187565.28,187844.44,186955.56,182244.44,176320.83,170046.94,165763.75,165781.67,172229.17,175137.5,177773.61,179568.06,175849.89,176316.67,173941.67,174097.39,173519.44,175276.36,179193.06,175524.69,173916.67,171359.42,171361.11,174748.58,177163.89,179069.44,179416.61,180151.81,182595.78,182788.61,186538.89,189677.64,190158.33,193539.58,195201.39,194873.61,200708.19,201645.17,202770.33,205145.56,204373.61,204870.69,205605.56,207916.67,212555,214722.22,216762.5,219084.22,217095.83,217911.11,224318.06,234584.17,248375,255987.47,256541.67,257777.78,257566.64,259626.39,271150,276706.94,280944.44,285236.11,281486.11,282847.22,278534.72
E12000008,South East,E06000060,Buckinghamshire,94630.93,93792.07,94528.54,95997.01,97095.49,99085.07,101650.58,106209.33,111117.5,114129.03,118392.5,123460.44,126694.03,128487.96,131310.57,135860.38,140240.67,144182.04,151180.41,157252.17,163786.31,168787.66,172146.27,176352.54,178529.4,181560.9,187699.64,197551.9,206503.46,212168.21,220815.04,228725.3,232613.73,237062.57,240454.78,247928.32,253699.22,255309.48,257887.16,256061.99,255296.62,258285.61,263229.69,271347.41,278337.26,282513.1,288843.7,296602.39,304782.6,309351.72,311094.82,308421.64,299277.35,291327.98,274515.3,271878.28,272759.31,280500.87,288952.65,298532.46,306461.12,304476.31,305835.97,304781.64,303335.04,300849.55,306346.05,308167.75,310605.35,311562.08,313310.37,313793.8,316031.56,322436.1,327951.56,338675.04,350464.84,356854.78,366140.98,376769.66,384675.97,396359.36,401413.73,408461.65,414641.27,421141.69,429967.99,437623.43,441898.81,447965.23,446828.54,444617.39,447865.49,441458.62,439135.11,439394.25,436940.19,440316.31,439475.15,450149.63,462812.72,471142.21,475589.16,474373.51,474720.85,479434.7,494973.21,511446.87,522532.89,522812.61,519576.49,518297.76,510754.1,508908.17
E12000008,South East,E07000061,Eastbourne,52350,52003.08,51907.69,51842.31,52750,53451.73,54188.46,56073.08,58451.12,59607.69,60588.46,62032.69,62347.88,61794.23,64201.92,67574.62,69092.31,72426.54,75876.92,80050,84901.92,89370.96,91182.5,95357.69,98969.04,101448.12,107338.27,113530.77,118694.23,126062.54,133991.73,138661.35,144324.23,147685.77,152180.77,156246.15,158084.62,162163.46,163501.92,163216.38,166228.85,163357.69,165286.54,165769.23,169296.15,172028.85,175713.08,181251.54,184553.85,189169.23,191711.35,189034.62,182992.31,177976.92,170169.23,170036.54,175017.31,178650,182826.92,183626.92,185053.85,183761.54,181053.85,176725,176895,178276.92,176344.23,180767.31,181857.69,180504.5,183442.31,180746.15,180630.77,184178.85,186317.31,191728.85,198226.92,196609.62,204130.77,204415.38,206567.31,212500,217248.08,221194.23,228836.54,233048.08,231111.54,237151.92,238440.38,237665.38,240644.23,243246.15,244421.15,247134.62,243642.31,245432.69,248478.85,251750,254903.46,256865.38,262653.85,268707.69,278880.77,278711.54,276980.77,277525,274482.69,286171.15,299092.31,298900,297378.85,296111.54,291842.12,289167.31
E12000008,South East,E07000062,Hastings,41308.64,41479.55,41545,41565.91,42565.86,43242.27,44090.91,45236.36,46368.18,46959.09,47854.55,48386.36,49002.05,49886.36,50970,51643.18,54188.64,56597.5,59763.64,62354.55,64306.77,65620.45,67725,70859.09,73686.36,76170.45,80795.45,87122.73,93065.91,98331.82,104840.91,110108.64,113497.73,118172.73,123204.55,128427.27,131334.09,133492.73,133931.82,133109.09,134318.18,133727.27,135947.73,140031.82,142518.18,145084.09,145834.09,148081.82,152471.82,155875,156295.45,155513.18,148954.55,141772.73,137520.45,135818.18,140675,142207.82,145594.09,147363.64,145363.64,145222.73,144336.36,145672.5,143540.91,145090.91,147018.18,146565.91,148996.27,149404.55,149111.36,149165.82,151452.27,153697.73,157061.36,160381.82,164400,163163.64,165952.27,169125,172900,180865.91,187288.64,193031.82,198652.27,200111.36,203372.73,206631.82,212220.45,217075,216950,215986.36,218493.18,218713.64,220272.73,223972.73,225447.73,227704.55,224863.64,227540.91,237438.86,244886.36,254359.09,261815.91,265531.82,268204.55,269117.5,281361.36,289529.55,294772.73,293727.27,287545.45,279568.18,279818.18
E12000008,South East,E07000063,Lewes,64019.23,63942.31,63956.15,66913.46,68130.77,68192.31,70644.23,71807.69,73978.08,77042.31,79525,80207.69,82554.81,83711.54,85846.15,89198.08,92938.46,97494.23,101801.92,106740.38,114563.46,117290.38,121707.69,130750,133269.23,136640.38,142759.62,149917.31,159813.46,164726.92,167567.31,173605.77,175282.5,178207.69,185207.69,194319.04,204378.85,206532.69,208342.31,208546.12,206784.62,209073.08,210500,214225,219618.85,222303.46,228980.77,235486.54,242690.38,246484.23,244586.35,247530.58,239707.69,234403.38,224034.62,218019.23,218263.27,220338.46,226134.62,232367.31,243240.19,246566.92,248798.85,245911.54,238917.31,234255.77,238246.15,240673.08,243265.38,250517.31,250169.23,250160.38,250919.23,252498.08,259934.62,268976.92,271188.46,278496.15,279842.31,288641.38,297853.85,304043.08,310761.54,313634.62,315423.08,317692.31,317403.85,322500,323156.15,328111.54,337421.15,335592.31,338288.46,332153.85,331038.46,336451.92,339084.62,340250,337576.92,339172.69,353925,361069.88,372596.15,377707.69,380429.62,389868.27,398138.08,406349.62,414442.31,419211.54,415115.38,411576.54,407940.19,399548.08
E12000008,South East,E07000064,Rother,66313.64,64997.73,64675,65988.64,67279.55,68629.55,70613.64,72545.45,75875,77522.73,79500,82562.23,83261.36,83859.09,87220.45,91013.64,94452.27,96675.91,100365.91,106929.32,112311.36,115486.36,118295.45,122288.64,127102.27,129250,133568.18,140040.91,149495.45,154884.09,164702.27,170533.36,175984.09,180286.36,183277.27,194472.73,197700,201518.18,204244.32,199062.5,203595.45,203931.82,205454.5,208859.09,210854.55,212427.27,216402.27,226134.09,233613.64,242862.95,244218.18,239434.05,236363.64,222159.09,213159.09,216040.68,212909.05,217000,219159.09,223367.95,227090.91,227843.18,227345.45,222109.09,217677.27,215308,218688.55,219609.05,220059.09,221338.64,221372.73,227179.55,231086.36,233497.5,235250,239765.68,246516.36,252175,257631.82,264590.91,270772.73,274922.73,275790.91,288293.18,287454.55,291090.91,295681.82,295924.77,301450,304152.27,307177.27,306259.09,304586.36,306066.14,301086.36,308861.36,317606.82,323315.91,324268.18,321977.27,340811.36,355679.82,360497.73,363267.95,362015.68,359745.45,365656.82,378494.09,389981.82,398477.27,400067.95,392170.59,382022.73,380000
E12000008,South East,E07000065,Wealden,83297.5,82522.62,82615.24,83277.38,83742.86,84785.71,87318.93,89150.07,91853.31,95834.52,98914.29,104116.67,106738.1,107755.95,110125.12,113225.95,116562.02,118585.81,122710.71,129023.81,133971.9,139085.71,147026.79,150376.19,156294.05,158660.71,163546.67,171529.76,178046.43,185555.95,193421.43,202148.81,209607.14,214878.57,221683.33,225158.14,225610.71,227410.02,229439.29,234611.9,232645.24,234983.43,235459.52,236336.9,243497.62,246980.95,253410.71,257035.6,262549.19,263868.76,267160.57,270000.02,256977.38,258886.69,248461.9,244148.86,246901.19,248914.29,253104.64,258712.74,270594,271889.05,271639.76,269177.14,261321.43,250155.43,256892.86,259693.9,259839.86,265945.24,266222.62,264836.74,266872.5,270702.26,279773.69,290845.24,295777.38,299365.45,299139.05,302142.74,307748.69,311494.05,314030.95,320815.36,333114.29,341495.24,346628.57,356186.9,350511.9,355202.14,354137.86,355023.45,351402.26,359303.33,358711.9,353534.29,354605.36,354022.5,358890.36,373360.24,391582.02,412047.62,414348.71,416436.67,416317.62,417070.95,425611.55,440852.14,460618.81,461658.33,463261.79,448711.9,440833.33,442988.1
E12000008,South East,E07000084,Basingstoke and Deane,74570.45,75196.48,76046.36,76669.2,77693.2,79119.82,79769.32,82643.59,85875.68,87428.75,92447.73,94955.45,97120.34,100401.2,100887.41,107063.43,111574.89,115439.36,122302.98,127807.73,131077.66,133195.11,134755.57,138698.52,144422.61,146549.89,151016.93,155515.95,160384.77,168698.64,173822.27,177724.77,184551.93,185954.43,191472.5,195967.95,199428.18,203986.14,204547.73,204439.77,202946.48,201000.57,204415.91,207679.43,213226.14,216670.45,222917.5,229463.52,237213.59,238205.68,240273.84,237235.93,230401.14,229590.57,218616.93,216274.89,218142.05,221747.73,225389.55,228338.52,228341.14,226134.89,226013.07,224465.89,222915.34,222681.82,223642.05,229579.32,232142.52,235180.66,238190.91,237667.95,243336.36,245552.27,246951.14,255997.61,261789.18,266088.64,271656.82,275275.91,275653.41,281512.5,288404.55,295168.18,302943.18,309098.86,315879.55,323635.23,330971.14,333521.48,337606.82,335517.84,339198.3,337169.32,331074.77,329270.11,327253.18,326073.86,328947.5,335275.23,342719.07,356132.95,359068.18,356895.45,357272.73,354784.09,359931.82,370078.41,380518.18,385613.64,386161.25,386754.43,383458.86,380170.45
E12000008,South East,E07000085,East Hampshire,86299.67,85745,86193.33,87631.67,87029.67,87700,87619.83,88568.33,92136.67,94838,98584.67,106264.67,109196.67,111952.33,114883.17,117509.83,123730,125754.93,132074.67,142076.17,147783.17,152045,159613.33,161481.67,166483.33,166746.67,169541.67,179240,184223.17,191543.33,201176.33,207064.67,213721.17,215033.33,217213.33,222163.33,223260.87,228878,231868.33,235026.67,234851.67,238248.33,239430,245233.33,252536.67,253365,261673.33,269312.7,273546.53,276229.33,279858.37,274630,267116.67,261131.67,248710,243266.67,244358.33,253239.4,263273.33,273411.67,279049.67,277596.33,276016.67,270398,269080,269298.33,271148.33,273615,277783.33,277115,272100,275331.5,275763.13,282943.27,287171.6,294946.67,305400,306210,312490,318611.63,327714.8,333900,344066.67,356431.67,360576.67,370925.23,376062.83,377066.33,383199.67,378499.43,384795.1,392866.33,395613,397948,393999.33,394479.67,391396.67,386798.33,383583.33,389700.67,404173.33,428266.67,426767.07,423530,426500,426930,435740,456946.67,464930,466513.33,462100,453440,460333.33,460000
E12000008,South East,E07000086,Eastleigh,62459.83,62578.17,63123.17,63958.33,64875,65563.33,67239.67,68551.67,69756.33,71553.17,74085,76622.83,78916.5,79431.67,81038.17,83391.5,87951.33,92165,98365,102871.67,107461.67,110128.33,112599.83,116223.9,120373.33,123466.67,130796.67,138420,145163.33,152991.33,158994.83,166351.47,170108.33,172941.73,177446.5,181711.67,185300.17,186794.6,187170.33,187256.47,186690.33,187114.67,189861.5,194798.17,197200,198794.57,201679.83,205237.83,212541.67,215556.67,216795,211441.73,203758.33,198105.5,191750,193420,193950,195789.67,200424.83,204058.17,207945,210148.17,209998.33,208449.83,211260,206483.27,210256.67,211505,211766.67,215283.33,215230,214216.67,217196.67,218730,220325,227264.93,231911.33,235756.33,240251.67,245861.6,251516.67,255730,264598.33,271446.67,279031.67,285060,288558,292166.67,298071.67,299933.33,301130,303403.33,301813.17,300399.67,300766.67,302815,303750,303216.67,304150,302666.67,312480,322744.6,330080,331416.67,330466.67,331175.67,338416.67,351320.77,359331.67,361736.67,356770.7,357466.67,350348.33,344983.17
E12000008,South East,E07000087,Fareham,67020.5,66265.89,66847.86,68206.71,68096.25,70121.43,71581.36,72731.79,75012.14,75842.68,78151.43,80737.14,81553.57,82880.36,85274.64,87599.64,91342.5,93691.07,99242.5,104453.11,109301.25,111674.64,115385.36,118924.82,123586.96,127725,133851.07,141996.43,148212.32,152864.29,159540.54,166671.25,169013.93,171231.61,176212.32,180687.14,186438.93,190035.36,189407.5,188528.04,187892.86,188014.29,190589.29,195092.32,198769.11,202138.21,206774.64,208567.32,211899.64,214746.43,213770.54,210081.96,204355.32,195660.71,190471.79,192500,193587.5,198219.29,201160.54,204875,206835.36,205126.25,205817.68,205353.57,203892.68,205000,207962.5,211332.14,212855.36,212196.43,209426.79,209337.14,212210.18,215517.86,221236.25,225353.57,229241.96,234064.29,240494.64,245871.25,248728.39,253478.21,255373.04,262360.71,268405.36,276533.75,278696.43,282462.32,289553.57,288446.43,291106.79,290214.29,290782.14,292625,292256.96,294500,296142.5,297579.82,298090.54,302087.14,309819.64,320622.86,324606.61,322860.54,323392.86,327464.11,327392.86,344664.29,353073.21,354611.89,358392.86,351874.64,349176.79,348660.71
E12000008,South East,E07000088,Gosport,49509.25,49947,50349.5,49999.75,51382,51809,52716.75,54094.5,54221.5,54724.5,54659.5,54844.25,55734,55862,58349,60065.75,61048.75,62594.5,64984.5,67594.25,71049.5,73811.25,77146.25,82394.5,86493,89992.25,94491,99640.75,106291.25,110915,117447.25,122796.75,125374,126149.5,128724.25,134024.75,136724.5,139250,142192,141992,142019.75,143647.25,142903,143864,146567.5,146219.75,149599.75,152419.5,154347.5,156999.85,160645.5,159712,158775,155475,144874.75,142775,145049.5,145550,147649.75,148050.45,149007.5,148225,147987.5,148669.75,150979.75,153200,154352.35,155159.25,153160,153864.95,154967.4,153449.75,155475,157424.75,158349.5,164075,166775,167794,171099.3,172761.75,176152.7,181072.1,183447.5,188999.25,192424.5,197675,200675,206745,207650,209599.75,210510,209600,211925,211972.5,211050,207847.5,212850,217380,219205,222475,224287.25,230500,233299.75,236862.5,237024.75,235850,237600,245825,254600,255800,259175,257975,250782,248571.7
E12000008,South East,E07000089,Hart,91929.55,92515.91,93220.45,95063.64,95172.27,98670.45,100431.82,104679.55,110570.45,112106.82,115788.64,121625,122509.09,123954.55,127401.82,129170.45,138286.36,144406.82,154502.27,161436.36,168822.73,170363.64,175164.77,176973.77,182879.55,187678.32,189606.82,198786.36,209138.64,215341.73,216854.55,224450,219931.82,224697.73,233876.82,237995.45,243620,246268.18,250204.55,254986.36,248295.45,247868.18,249243.18,253856.82,263993.18,272670.45,277904.09,286772.73,294142.73,295124.77,294629.32,293788.41,283704.55,276404.55,265097.73,271022.73,273475,278172.73,286106.59,281768.18,290518.18,294743.18,298175,300699.55,303500,297388.64,301022.27,305863.18,306454.09,308792.95,304454.09,307000,315686.36,320725,327975,337568.18,345608.64,351954.09,361711.36,371399.55,374588.18,380742.95,388093.18,397268.18,410280,418313.64,420222.73,422659.09,413488.64,410313.09,411068.18,409068.18,411611.36,418022.73,412772.73,411272.73,416135.91,416226.82,424258.64,436658.64,455727.27,467154.55,464545.45,451920.45,448250,448318.18,460681.82,488884.09,492567.05,498431.82,489022.73,483984.18,479704.55,472931.82
E12000008,South East,E07000090,Havant,56327.79,56805.59,57658.82,59435.15,60650.12,61692.21,62818.97,64274.41,66466.32,68060,69459.85,70955.59,71514.41,72680.41,73908.38,76249.56,78687.94,80415.59,83544.26,87910,91411.62,93936.18,98058.38,100127.65,104627.5,107085,112285,119558.38,124895.44,129414.41,136245.15,141763.97,146174.26,151455.44,155381.18,161274.56,164048.24,164760.29,166617.65,166749.56,166783.53,167235.15,169643.97,172099.56,175321.76,178996.91,183671.62,186448.24,189382.35,189954.26,192408.91,190675.94,185034.32,182250,174684.71,169614.26,173000,178500,181795.29,185157.21,185277.94,184438.24,182936.62,181057.21,180175,182205.88,183985,183882.35,186529.41,184735.15,189626.32,194529.41,197529.26,200338.09,203791.18,206817.35,209984.85,212027.94,213352.65,216462.94,221085.29,225432.21,235173.24,242454.12,244098.53,248217.5,248867.06,253699.85,257573.53,260138.24,260295.59,263614.68,265226.47,262941.18,264185,263161.62,267705.74,269586.62,270411.62,280233.32,286882.35,296970.59,301396.62,302293.97,303741.62,305474.26,305691.03,319123.82,329132.35,330293.97,330387.79,326123.53,317308.82,317161.76
E12000008,South East,E07000091,New Forest,71778.15,71617.39,72379.35,74197.83,76225,78210.74,79852.17,82209.78,84920.52,86381.52,88244.57,92276.09,93958.7,96510.65,99355.43,102213.04,105973.91,109285.87,113908.7,120038.04,126898.91,129628.8,134072.72,139830.43,144865.76,148268.43,154199.5,162094.59,171692.28,178546.87,184048.15,193718.48,196307.61,198915.2,205945.65,212371.74,219752.17,222095.54,225825,224148.91,222833.72,223828.26,227213.04,232080.13,238182.61,241310.87,243744.57,253506.52,255786.74,257976.57,263384.87,259122.59,249901.57,244081.91,234238.04,230996.74,232267.39,238554.35,244065.22,250990.22,253683.7,255838.91,257792.39,258357.61,257117.39,253238.04,253878.26,252554.35,256298.91,258041.3,256576.09,258498.91,260500,262707.61,264507.65,275351.09,276245.65,280576.09,286444.57,292423.91,296784.78,301489.57,306922.83,312300,317376.09,321889.13,323785.87,330415.22,337656.52,341805.11,348674.35,349379.35,347806.63,352453.04,348586.96,349975.87,352075,356671.52,358186.96,362667.54,376689.13,387316.3,393434.78,392065.22,394217.39,395177.67,409113.04,425923.91,437621.74,438823.91,437738.04,428030.43,422391.3,418326.09
E12000008,South East,E07000092,Rushmoor,62412.08,62266.67,62012.5,62750.58,64060.04,65250,66595.83,69839.58,73154.42,75734.54,77033.42,80130.83,81012.5,82604.17,84825,88280.83,92918.75,96041.67,101783.33,106154.17,108228.96,110706.25,113907.5,117770.42,122389.58,124600.54,129406.46,134881.25,141895.83,147256.25,153701.67,157504.17,157583.33,160208.33,163458.33,165691.67,169737.5,172410.42,173968.71,173618.75,172018.75,169393.75,171927.08,178643.75,186577.08,191141.67,193481.25,198014.58,200432.92,203225,205254.17,205975,200320.83,195045,187745.83,178016.67,176489.58,181639.58,185670.83,192462.5,200100,201427.08,201970.83,199408.33,194604.17,195685.21,194239.58,196151.83,196041.67,197878.96,198100,200413.75,206162.5,208297.92,214554.17,219637.29,223822.71,231574.96,237741.67,246852.08,252533.33,259489.58,267152.08,275081.25,283935.42,293489.58,298535.42,301958.13,303120.83,299058.33,293956.25,291625,291423.75,291664.17,296375,296750,295104.17,292833.33,293416.67,299020.83,309333.33,315997.92,322812.5,319562.08,325602.08,328166.46,328478.75,348270.83,356500,359354.17,365729.17,356045.83,352306.25,348604.17
E12000008,South East,E07000093,Test Valley,78722.79,81577.5,81366.03,81139.41,81618.24,82671.91,83947.06,87720.44,90401.47,92661.76,99632.35,101598.38,102132.21,102261.76,101207.35,105952.94,109163.24,113269.12,119204.12,124639.56,130891.18,134670.59,141127.94,141941.18,148513.09,153277.71,157447.06,168548.53,175945.59,181658.82,191035.15,201545.59,202864.79,203305.06,204011.62,210448.53,212175,214789.71,215900,212822.06,220699.97,222423.35,228853.24,231634.56,232744.12,239386.76,239842.65,247169.12,255598.53,264495.59,263436.76,262077.76,252279.41,245191.18,230102.94,232146.91,229796.76,240488.09,257327.65,255209.03,261441.88,258250,244821.91,247333.82,244367.65,243630.88,249823.53,251763.24,257735.15,258483.82,260599.71,255545.59,255092.5,252270.29,256877.65,258557.06,264880.88,267748.53,274403.97,283289.12,286080.59,289596.76,294073.24,303367.65,308948.79,318907.06,319035.29,320432.06,328586.47,328514.41,328140.88,322955.88,316717.35,315836.76,318573.24,325822.06,329570.29,328823.53,332595.59,333626.32,340940.88,359321.76,364395.38,368454.76,377043,377838.09,390820.59,402239.71,394765.85,405013.24,401514.71,398029.41,396735.29,389717.65
E12000008,South East,E07000094,Winchester,94080.36,93463.93,93123.21,92783.89,92907.14,94028.57,95764.29,99755.36,104243.43,106630.36,112174.82,115392.5,116766.07,117741.61,119962.5,122944.64,127605,132298.21,140900.89,149744.64,155144.64,159394.64,163869.64,171351.79,173984.71,178458.93,187137.5,198262.5,206924.93,213492.79,218093.79,224191.54,230964.29,232901.07,236779.86,244231.43,248997.14,252390.36,256907.11,256689.29,252353.57,257517.5,256264.29,258658.93,263641.07,262780.18,272191.07,282514.29,289124.57,292186.79,298535.71,290907.32,279569.64,277589.29,268446.25,260132.14,263000.07,268283.93,276069.64,286125,302338.57,299860.89,303039.46,304039.46,298285.71,293169.64,293575.79,294632.14,297731.96,305178.21,304682.14,312910.71,318419.07,319065.5,326157.14,329283.93,337508.93,347310.71,356985.71,361319.64,368976.79,369138.93,370642.86,387989.29,393744.64,398431.93,403762.5,415154.71,422033.93,435050,435103.39,429892.5,429089.29,428491.07,431308.93,439035.71,437475,432908.93,433748.04,443476.61,473569.64,496087.5,509098.93,493401.07,487860,491300,489061.86,507260.71,524532.14,521225,517428.57,503978.57,497649.29,502035.71
E12000008,South East,E07000105,Ashford,67599.17,69470,69006.33,71811.5,72778,73361.67,74420,75420,78690,80373.83,82766.67,85423,84894.67,86708,87599.67,90650,95068,100827.83,103961.57,111109.57,113172.67,115246.5,119382.83,123078,124757.83,128686.33,131684.17,137274.33,145365.67,153048,161549.67,163599.17,169133,171430.67,177539.67,185122.67,190465.67,192714.67,195716.33,189762.67,191704.57,196715,202041.5,207883,209549.5,209574.67,211366.5,215119.83,221012.83,225020.07,230840.07,221916.67,219893.97,212166.93,203349.97,201833.33,190546.67,198790.67,201673.5,208390.33,210966.33,208198,205383.33,197621.33,203360.97,203099.13,205179.93,214149.17,211528.67,217599.67,215883.33,214583.33,218913.33,217736.67,223916.5,227963.33,237911.17,246850,251515.83,258190.5,262227.77,264000,267500,274999.33,277198,281646,286698,290250,292161.5,292473,298936.67,304215,310933.33,310383.33,306875,307649.67,306999.33,311349.5,313816.5,317708.33,337813.33,339908,343164.33,344733.17,345963.33,355813.33,369681.17,383996.17,393808.5,391357.83,390707.83,384083.13,376533.17,374933.33
E12000008,South East,E07000106,Canterbury,58179.74,58559.08,59025,59256.58,60105.26,60680.53,61727.63,64470.92,65878.68,67026.32,68764.87,69027.37,71772.11,73453.68,73287.63,75973.55,77966.45,80544.74,83977.37,90028.68,95637.76,98818.42,102712.68,106913.68,110371.21,112599.11,118535.74,125944.47,134693.68,139710.13,146433.55,153378.42,157794.87,162651.58,169082.37,175855,180473.29,182312.89,183682.37,185355,183342.11,184709.63,188528.66,189314.47,193838.03,195776.05,198821.92,202934.08,205630.74,207138.55,208640.42,208354.74,206862.37,202697.37,190670.68,184092.11,184998.42,187893.42,194301.29,204774.97,211667.89,210868.29,211760.37,202635.53,200432.76,201168.29,205761.53,206901.32,209210.26,211078.92,211355,213859.74,216947.11,219536.58,222526.05,225991.68,230962.76,234895.26,237907.5,244113.16,249591.97,255184.08,260571.55,267105.26,274155.13,280926.32,282326.32,288901.32,291894.47,296643.03,299707.37,299473.68,302525.53,302681.45,306809.21,308947.11,306802.63,307115.66,303828.82,307769.74,324018.42,334302.24,341863.11,340407.45,339742.16,342294.47,347541.97,360881.32,369381.05,370105,369315.66,366160.05,358725.74,347152.63
E12000008,South East,E07000107,Dartford,64358.08,64022.69,65734.23,65074.96,65553.08,65897.5,66688.46,67648.08,70434.42,73131.15,75709.23,78630.5,79575,80939.62,81230.58,83880.19,86442.08,89732.69,93435.73,97190,101903.65,103306.73,106056.92,110307.31,114692.31,118752.5,122865,131710.96,140776.15,149519.23,156007.5,160982.5,165114.5,169749.85,173384.23,177268.46,176750,177480.38,182538.27,183229.81,185556.54,185864.62,184451.92,189037.5,191007.31,198147.12,203141.92,206374.04,212787.69,216480.38,217894.23,216865.38,211403.65,204153.46,195181,189628.85,187499.81,188750,192576.92,195884.62,200250,201961.46,200788.46,204961.15,204596.15,203999.81,204865.38,207951.92,210017.31,209670.96,211441.73,210030.38,213710.96,221514.62,226570.96,235961.54,242403.46,249884.42,258663.27,263612.5,275076.54,282714.42,292884.04,300303.27,316262.88,320899.23,325228.65,325076.92,320426.92,323979.92,326823.08,328057.69,328616.46,327936.54,324269.23,327057.69,329019.23,330288.08,333326.92,337941.92,342211.54,351326.92,355076.92,357365,363230.73,362434.23,369730.19,385576.35,389779.23,396076.73,396941.92,388538.08,387653.46,383173.08
E12000008,South East,E07000108,Dover,51312.5,51691.07,51523.21,52026.75,53423.21,54619.29,55685.71,56383.57,57258.39,57651.79,58523.21,59342.68,60173.21,61157.14,61732.14,63100,65317.68,68991.07,71051.79,73821.5,76386.61,77138.57,79301.79,84305.18,87061.96,88137.14,92365.36,98101.43,106055.36,111563.93,119569.29,123246.43,128258.75,132316.07,136265.89,143956.61,149469.29,153704.5,156641.07,160053.57,159529.29,157388.93,159880.46,157835.54,160753.39,164755,167451.86,173764.29,176051.07,179503.57,181226.61,178040,174107.14,168223.93,159678.57,155955.36,156231.96,158703.57,162233.93,166682.04,168905.25,165285.71,164707.14,160212.5,158357.14,159160.54,158446.07,163516.07,163388.21,165667.68,165775,166621.43,170410.54,174226.79,176941.25,181749.82,188231.96,190031.43,193624.64,198035.36,205392.5,211829.64,218587.14,220031.96,223981.79,226117.86,229069.46,233246.43,239249.64,241156.43,248980,249588.93,252088.39,255016.96,253656.96,257619.21,255103.21,253532.14,258533.57,258071.43,274267.86,283638.93,288514.29,288387.5,290353.21,294317.86,298926.07,310642.14,318541.96,321481.79,322106.79,314328.04,307410.36,295428.04
E12000008,South East,E07000109,Gravesham,59497.88,60292.31,60226.92,62615.38,61919.23,62042.31,63755.77,65132.69,66796.15,68480.19,71066.92,73711.54,75191.54,75314.27,77885.58,79202.12,82343.85,85364.23,86301.35,89710.58,92095.77,96816.54,101499.23,107626.35,111479.62,113442.12,116960.38,123593.27,130189.42,136457.31,142942.12,148211.15,154500,159259.04,162994.04,170920.77,175999.62,177210.77,178153.46,174134.04,172634.04,176480.77,178691.15,180440.96,183120.38,185205,188441.73,198403.27,202576.15,205726.35,206225,203423.08,196387.69,189019.04,181065.54,177460.96,176557.31,180730.69,182653.85,187384.23,190442.27,190750,193728.46,191269.23,191925.62,191730.38,189769.23,191500,190480.58,192807.69,194423.08,197538.46,197576.92,201249.04,205173.08,213461.35,220319.23,224897.31,229798.08,238845.96,246192.31,257739.5,265807.5,273261.54,279846.15,281538.27,287711.54,300576.92,300250,298768.88,300865.38,297594.23,301173.08,304692.31,302750.77,303076.92,304410.23,301230.77,307451.73,308691.92,314726.92,324457.69,333822.31,334285.58,338457.69,350365.38,351226.92,366634.23,371788.46,370691.92,369855.77,364038.46,359597.04,359262.77
E12000008,South East,E07000110,Maidstone,67481.05,66971.05,67633.55,68531.45,69451.18,71546.97,72671.05,74300.92,76413.42,76631.58,78388.82,81447.11,83951.05,85165.92,86887.76,90407.63,92963.82,96546.05,102013.82,106126.97,112035.92,117415.53,119348.68,121443.03,123271.13,123262.76,127516.32,133810.13,143255.53,151285.13,157431.68,163762.87,169838,172734.61,179726.18,184050.53,186963.95,189287.37,190252.5,195589.21,196641.32,196857.76,199315.39,202065.39,205028.55,209322.24,213775.79,214375,221919.08,223544.47,222631.32,225085.61,213822.03,206026.05,195853.95,191764.58,196309.18,200494.47,205446.05,210519.47,214447.24,213320.79,213182.5,210077.08,206485.13,207774.61,209567.37,208393.42,210934.08,212171,210236.84,212210.53,215276.32,218210.39,224920.79,232960.39,241463.55,247355.13,250305.66,258915.26,266585.92,271749.61,277973.55,284631.18,290263.16,298644.08,300867.89,307885.39,310354.16,311512.89,317512.89,320108.82,321562.89,325815.66,323538.82,324520.92,320404.87,324812.63,325523.24,329907.11,339710,352432.37,356150.92,354635,356557.21,358763.03,359884.74,369260.39,378443.16,377263.03,374024.87,373078.68,360076.18,349613.16
E12000008,South East,E07000111,Sevenoaks,89616.33,87236.67,88464.67,91946.5,96029.17,98709.5,103491.67,107663,109141.33,111194.87,113533,118753.33,120960,121082.83,122413.33,125281.67,130264.33,135276.67,143950,148241.5,155013.33,159499.83,162040,172862.67,175023.33,180414.67,185808,193616.5,201141.33,204315,214882.67,221849.5,226566.5,233600,235200,245648.17,251637.67,255896.33,257598.33,258665,258313.33,256423.33,262543.33,267446.67,276994.83,286699.5,290431.33,298166.67,304198.33,305014.67,304050,310368.3,300416.67,289283.33,284016.67,287383.33,285871.67,292016.63,298296.5,302865,312415,311865,312529.67,311013.33,304614.83,304431.67,310915,312950,316416.67,332821,321478.33,315025.33,325686.67,324050,334473.33,352789.8,353513.17,361000,361864.67,369813.33,374880,386466.67,390936.67,395141.5,407577.83,400498.33,407552.83,419641.67,426216,440795,444566.67,448196.67,447713.33,447999.83,443849.83,446900,454668.53,448504,451916.67,460283.33,468116.67,484750.03,483413.33,489566.67,488450,489416.67,514133.33,524550,531773.33,537400,527805,519913.33,517908.33,520500
E12000008,South East,E07000112,Folkestone and Hythe,51532.07,52157.14,53273.04,53285.71,54483.93,54642.86,55899.64,58326.43,60364.29,61516.07,62387.5,63453.57,64637.5,65762.5,67005.36,67881.79,69883.89,71906.25,75493.75,78776.79,81973.21,82346.43,84355.36,87696.25,90656.96,94633.93,98899.46,106128.04,113392.5,118887.5,124780.36,130896.43,138498.04,142392.79,147946.43,154695.89,158241.07,162606.61,167821.43,169728.39,168853.57,170046.07,168582.14,170203.36,175083.57,176500,180322.86,185470.71,190917.68,194479.82,194842.14,192628.39,183375,175410.54,169181.79,167220.36,170876.25,172446.07,179218.57,182925,184282.14,184678.57,182250,178907.14,176250,175557.14,175285.71,176080.36,177125,180301.79,180783.89,182830.36,182678.36,183093.82,184927.86,187497.68,193981.79,198642.68,202946.43,207221.43,212249.64,217390.71,221035.71,228152.86,235946.43,242014.29,244410,249140.71,253534.82,254231.79,257071.25,259732.14,262392.86,263460.54,263660.71,266245.96,264497.86,267605.14,268981.79,271472.89,282469.5,287828.57,296954.64,300392.86,302785.71,308160.54,309053.57,318160.71,324887.5,324754.46,322964.11,324408.93,312053.39,313875
E12000008,South East,E07000113,Swale,50361.47,50415.29,51171.76,51036.62,52754.12,53416.76,54918.68,56489.26,57565.74,58520.15,59730.15,60242.35,61346.76,62287.65,64399.56,69049.71,72409.85,74587.79,76882.09,80161.47,81918.68,84355.44,84764.12,86525,90278.53,94370.88,100200.74,105718.38,112140.44,116288.97,124127.5,128144.71,131875.74,134379.26,138587.94,145987.82,150764.41,154446.03,154089.56,156423.38,156188.09,156440.74,158573.53,159792.35,165364.41,165771.91,170642.21,172981.91,172893.82,173631.21,175245.15,174336.76,169793.82,163240.47,155467.44,152911.47,152623.53,154097.06,157935.15,159334.71,158351.47,158349.56,157968.38,155073.38,156426.62,157367.21,158507.35,160058.38,161029.41,162705.88,163660,168279.41,170498.53,172655.88,175160,179941.18,184836.18,189233.53,193235.15,195860.15,203205.88,207948.53,214549.85,222114.71,227011.62,230485.29,233630.88,235985.15,241588.24,245055.88,251879.41,254896.91,254890.59,256176.47,258205.88,259308.82,256616.18,254397.06,252314.71,253985,267061.76,273748.97,280511.32,287086.76,288570.29,289668.97,296499.41,308573.24,316999.41,323911.47,322529.41,314220.59,304720.59,299514.71
E12000008,South East,E07000114,Thanet,45314.71,44968.97,45310.88,45805.74,46338.24,47057.06,47360.12,48110.12,49498.24,50166.03,50911.76,51743.97,51580.59,52691.18,54158.24,55645.44,57220.15,59602.94,62948.09,66126.03,68658.24,71028.68,73500,76785,80297.06,82422.06,86830.88,92808.53,99146.62,103695.29,109014.26,116938.09,121527.65,124083.53,128102.35,133999.56,139658.38,143573.24,146561.47,147671.91,149285.29,151365.79,153592.35,156440.74,158655.74,161764.71,165404,170086.47,172516.03,172541.09,173055.74,171226.32,167263.24,162355.74,151957.71,148429.5,149468.53,151877.15,155723.35,157529.35,156529.26,156323.24,154791.03,154380.44,153124.59,149543.68,150072.06,152170.15,153085.15,154951.47,155656.29,156102.79,156573.24,160352.94,164558.82,170099.71,175911.62,178432.35,180805.74,183274.41,186396.91,193411.62,198779.41,203830.74,208072.94,210675.88,215336.62,223014.26,225411.62,228326.32,232866.18,236645.59,243367.5,244941.18,243147.06,243264.68,241588.24,244617.65,247579.71,249470.44,256285.29,266602.94,274189.71,278779.12,284999.71,288205.59,295845.15,300507.35,312470.59,314941.18,313747.06,315073.53,307911.03,303348.53
E12000008,South East,E07000115,Tonbridge and Malling,76744.23,77592.38,78578.85,80072.69,82530.38,84972.5,86661.35,91422.88,94111.54,96115,101488.27,103195.96,104242.31,104478.85,105317.31,107746.15,111344.23,117634.23,123316.92,129583.85,134649.42,138172.5,140872.69,145957.38,148530.38,149480.58,155903.46,166128.85,171991.92,178763.46,181824.81,187417.31,194149.62,198620.38,207976.35,214111.54,216180.77,216884.38,216441.92,215561.54,220265.38,221602.88,229459.58,232682.69,236575,240938.08,242478.08,244776.35,248967.31,250980.38,249815,249961.35,239055.77,233459.27,218403.85,216896.15,218978.46,226453.46,235941.73,242326.46,246788.08,247076.92,243387.69,241248.08,242692.12,240038.46,239269.04,243036.54,247641.54,249009.42,250307.5,253065.19,255422.69,259951.35,270036.54,279086.54,286401.73,294267.27,294755.77,300754.65,308038.08,317228.27,327750,341358.46,345576.54,345921.15,350424.04,356169.23,365172.69,363864.62,366922.5,367517.12,366100.96,366268.85,365018.65,361192.31,366130.38,368345.96,368811.54,372494.81,384214.19,395596.15,400730.77,399413.08,398798.46,396557.69,403101.54,420600.38,439499.81,444996.15,444644.23,441038.27,421584.62,415411.54
E12000008,South East,E07000116,Tunbridge Wells,78260.71,77721.43,79207.14,78517.86,78392.86,80339.11,80587.32,83192.86,86373.21,88603.57,93316.07,98764.29,101187.5,103432.14,106919.64,114150,117705.18,120978.21,123748.04,125766.07,130713.57,131581.61,139837.5,144600,148298.21,152492.86,155962.5,164660.71,172350,180089.29,188264.25,193042.86,197971.43,200621.43,206373.21,214561.25,223803.57,226048.21,228815.71,231730.36,228587.14,228071.25,231446.43,234980,239319.64,245194.46,249683.93,255273,257369.64,262749.93,265722.32,260480.36,256032.14,249676.79,239517.86,240213.93,240705.36,252242.86,257289.32,258266.07,263794.68,264042.86,263160.71,262839.29,265110.71,266175,265591.07,269682.93,274984,273017.86,276178.57,270639.64,274142.86,274741.07,282071.43,288764.29,292571.43,299055.36,306250,319745.64,335451.75,340944.57,352787.5,360800,359767.86,367046.43,371426.79,387285.71,387692.86,387857.14,387339.29,381875,392764.29,396675,398589.29,399196.43,399925,407178.57,405551.79,417210.71,428157.14,452785.71,455733.79,446464.29,440157.14,430075.18,439978.57,467464.29,484910.71,484403.57,479541.68,468535.71,459035.71,459274.46
E12000008,South East,E07000177,Cherwell,65299.74,66241.71,66955.45,69928.55,70315.79,71267.11,72780.26,74413.68,76726,78589.47,81835,83985.39,85835.39,87723.55,91102.37,96272.11,100059.21,102323.68,106118.16,111038.29,116509.21,119641.58,124821.84,125922.39,127485.39,131906.18,135239.21,143823.68,153491.97,158539.08,165412.89,170332.76,173375.92,175745.79,180792.89,188396.58,191765.08,192222.37,194450,193905.97,195183.95,197153.92,199748.29,206200,208321.05,212241.97,214546.84,219667.11,225372.63,226237.89,229134.21,222759.21,214821.05,207434.21,199234.21,197944.61,197571.05,204998.84,212889.47,217811.84,222210.53,224454.79,225481.32,224480.26,222453.68,218468.42,218247.37,221169.74,223315.66,224078.95,224984.21,225197.37,232881.32,234763.16,240047.37,247628.95,248327.37,253086.58,257893.16,263696.71,271462.76,277868.42,286949.47,291603.42,293845.79,296232.5,298183.95,294536.45,301203.29,304341.18,303206.18,307181.32,308749.47,308784.34,309933.95,310085.26,306841.84,304773.29,304241.71,305170.53,316508.55,327901.05,331818.71,330919.74,330508.16,328733.95,328025.95,337004.87,345445.39,351325.92,355224.87,358699.74,353406.58,345956.58
E12000008,South East,E07000178,Oxford,79439,79439.18,78246.37,80201.84,80398.39,82077.34,84730.26,88683.95,94170.79,96663.42,99712.89,103903.42,106174.13,107244.47,109271.24,114785.79,119279.24,124172.37,132037.42,140565.79,146188.03,146898,151655,155022.11,158018.16,160419.74,166302.37,176819.74,187219.74,196676.32,207682.89,214114.21,215090.79,219719.74,222628.29,225616.45,234460.26,237653.82,236823.66,234811.71,232084.21,229839.47,233747.24,241543.95,247464.47,250733.82,256025.03,264779.74,273592.11,286465.79,288875.53,290868.42,281038.42,267880.26,264842.11,254169.74,254228.82,261778.92,266576.47,276602.32,283681.55,285592.11,288065.79,282792.11,286194.74,286703.95,292763.16,293664.89,306673.68,308372.79,312773.68,323813.82,317960.53,329694.21,339270.53,345083.39,365290.95,376546.05,385381.58,403111.84,413248.68,409250,411000,415665.47,420171.05,428263.16,437855.26,447297.26,448039.47,447986.84,441210.53,445960.53,442736.84,447789.47,445302.63,442973.68,440684.21,441328.95,444092.11,452184.21,471909.21,475882.89,477986.84,490789.47,479526.32,474968.42,477781.58,495336.55,501603.95,511368.42,519048.37,526144.74,538289.47,526697.37
E12000008,South East,E07000179,South Oxfordshire,91159.48,91993.75,93858.75,98072.5,101073.75,100107.5,100615,103122.5,106209,109037.75,113876.25,119787.5,123778.38,127588.75,130992.35,134875,140237.38,144668.75,151737.38,159422.5,170046.5,173160,180896.25,183517.38,184575,186812.5,192233.75,205253.63,210788.63,216282.5,221806.13,228303.75,233602.75,238256.45,240751.25,246806.5,250838.75,255352.63,254348.75,253756.25,256117.38,254758.73,256772.6,273598.8,276749.88,283436.25,297959.55,305923.75,316560,317683.75,317769.88,315987.5,308260,302277.5,297651.75,279516.25,284229.75,287131.25,300607.5,315434.48,313300,310493.63,304572.25,299627.48,309400,303998.63,317548.48,320235,322257.38,322159.75,321072.25,326237.5,333431.25,332847.5,338186.25,346397.5,351158.75,353533.75,361410,378256.88,386503,394375,404300,414537.5,424386.25,427336.25,437896.28,436605.5,439087.5,438957.5,443487.5,440870,441450,439421.25,441047.5,440047.5,438857.5,446246.25,442712.5,441287.5,457062.5,473893.78,481648.75,484786.25,481037.5,469075,467181.25,480497.5,491841.38,505355.45,506411.25,512415,495937.63,494700
E12000008,South East,E07000180,Vale White Horse,79042.86,76592.5,75699.11,77574.25,79716.07,83113.21,85680.71,89651.79,92380.36,94010.54,98941.07,102817.5,103133.93,106114.29,106967.21,111180.36,114139.29,116669.64,122912.5,131642.86,140235.71,144963.04,149817.86,150794.64,154053.57,155335.71,163187.5,174083.75,179746.39,187024.64,191383.93,195419.64,203980.18,204621.43,208260.36,215587.11,216510.36,221380,223141.25,222742.07,223887.36,224785.36,231013.93,233010.71,241235.36,244031.96,249870.36,262565.89,271019.82,273505.57,276837.5,268825,260605.36,255414.93,240025,232517.86,229517.86,235882.61,247780.36,259450.71,265666.07,263013.5,261200,260785.71,260567.86,260910.71,267312.5,268375,270944.64,269532.14,267589.29,267728.57,269299.64,271892.5,273599.11,282353.57,292771.25,296855.86,305515.89,314231.96,320874.64,326482.14,333319.64,340676.79,344267.86,346089.29,344892.86,344541.07,345178.21,350037.32,349466.71,352041.93,351731.96,345546.25,343444.29,340703.57,342593.04,346603.57,346910.71,350620.71,363142.5,374800.71,382308.57,382141.07,385446.43,385515.71,393214.29,402302.14,409106.79,405244.96,404828.39,407021.43,403176.29,401482.14
E12000008,South East,E07000181,West Oxfordshire,77290,78239.4,76906.5,79221.47,81650,80761.33,85315,89783,92848.17,96583.33,98805,100108.33,104638.8,105276.67,109349.83,114003.33,116396.67,120800,125603.33,130666.33,133663.33,137739.83,142116.67,145646.5,149013.33,152294.67,158236.5,167418,172943,180154.17,191046.33,198028.17,201499.7,205029.33,207742.47,216898,221816.33,224728,225945.03,222459.67,222411.83,222349.67,230229.67,232729.13,238483.17,242351.33,244838.33,250863.33,252543.17,256140,258470,259639.67,251480.53,242170.83,238583.33,236780,232945,240215,241798.33,245616.67,254533.33,250778.33,256343.33,253700,251216.67,249199.83,254666.33,260299.83,268431.5,274966.67,271572.8,270483.33,263886.67,264600,272278.13,284915.03,296123.13,301631.67,303266.63,308424.17,312741.67,317045.33,325422.57,324166.67,332830,342233.33,349411.67,353012.83,357505,359463,356491.67,361899.5,364849.67,364536.67,367883.33,361996.5,360330,357086.67,357681.17,365648.33,370163.17,387266.67,391993,391483.33,400064.33,405164.83,409508.33,423531.17,429716.67,431681.5,434780,433333,430633.33,423793.33
E12000008,South East,E07000207,Elmbridge,123441.67,123605.56,124494.44,126027.78,125027.78,127918.06,129391.67,135437.5,145590.28,153602.92,161834.72,165556,172088.89,171391.67,179041.67,186199.56,194195.83,200980.42,210577.75,221650,231297.22,240454.17,249498.61,256056.94,251801.67,250118,255015.28,265185.83,274855.56,285380.56,294490.28,296186.11,296277.78,299788.75,312964.03,324608.06,330591.67,333751.25,328148.61,329138.89,333155.56,332861.11,346282.08,353762.5,364887.5,371052.78,369180.28,387483.33,401589.44,407848.06,413637.5,421609.72,423650,408354.17,397988.89,378796.94,390748.61,396821.28,407662.33,421901.39,423217.39,427954.53,429052.83,430206.94,433913.89,431735.97,440038.44,452505.56,462201.39,465583.31,486465.14,480415.31,490554.19,498289.78,504776.19,521234.72,532076.36,541613.89,536273.61,558323.89,568587.5,572463.89,588069.44,590387.5,602693.06,612455.56,626060.83,638036.11,630387.5,639027.78,622352.78,623611.11,636625,641455.56,650476.44,641401.39,647540.28,634340.28,634458.33,656916.67,653652.78,674600,679859.72,677543.89,696245.83,706329.17,732028.83,749222.53,747069.44,742832.67,756573.61,759500,739829.89,743869.06
E12000008,South East,E07000208,Epsom and Ewell,93194.44,92877.78,95175,94111.11,96458.33,99136.11,102050,105636.67,109125,112437.67,115933.33,122555.56,124747.22,126380.56,126666.67,134322.22,140163.89,143894.44,151077.78,160796.94,166544.44,174073.89,180622.22,181638.89,188391.67,188161.11,193611.11,204661.11,209916.67,213563.61,224988.94,228305.56,231269.44,237271.67,242716.11,248316.39,256041.39,255833.22,264272.17,265138.89,267022.22,270138.89,273147.22,274341,286430.56,295722.22,298577.78,306375,309282.78,312822.22,308633.33,306719.44,294133.33,286525,286027.78,273358.33,280219.44,287358.33,295691.67,314888.89,324108.06,323272.22,331207.78,321272.22,317438.89,316577.78,314193.89,317327.78,324216.67,326527.78,332916.67,344636.11,355383.33,361599.72,368325,379236.11,386161.11,395610.56,408047.22,420911.11,431222.22,435886.11,454605.56,460777.78,469833.33,475994.44,475611.11,477166.67,478688.89,485000,486194.44,484000,476161.11,470822.22,474361.11,471555.56,476083.33,480247.22,473916.67,475250,488638.89,500722.22,514583.33,516744.89,512861.11,521688.89,521111.11,543000,555944.44,531927.78,535777.78,528138.89,533000,554972.22
E12000008,South East,E07000209,Guildford,94243.06,93404.17,95304.86,97676.39,100368.06,103665.28,106250,109108.33,113508.33,116662.78,121111.11,125693.06,130372.22,133422.22,136577.5,145688.75,152716.53,158630.56,164776.39,170674.72,177511.81,178209.72,182575,187552.78,191356.94,195231.94,201579.19,210077.78,218822,224389.39,229442.61,236472.22,242195,246573.61,252860.28,258994.44,261108.33,264568.06,265108.33,264152.78,265788.89,268426.39,273779.17,279247.22,285265.36,288977.78,296231.67,308151.39,317397.92,324540.81,328533.89,323013.89,313041.67,307066.67,285944.5,286497.22,295186.11,304113.61,326603.75,328815.44,333840.14,331972.22,330661.11,326926.25,327454.17,327902.78,336144.44,342477.78,346679.17,346634.33,343875,342111.11,349800,357059.72,367139.72,384452.78,399590.28,403301.11,406931.94,417344.44,429487.78,435058.89,446072.22,453990,468012.5,470316.67,475702.89,490452.11,487416.67,493456.94,495483.33,492147.22,493325,488012.5,490161.72,483930.56,479304.03,482497.22,486069.44,491456,507751.28,524583.33,530069.44,528187.5,533369.44,540916.67,555472.22,565527.78,566015,570651.25,571350.67,578183.33,563865,548525.28
E12000008,South East,E07000210,Mole Valley,106530.77,109125,108215.38,109365.38,111838.46,112178.85,116820,121253.85,121605.77,123233.08,128186.54,131746.15,135330.77,141880.77,141817.31,150477.69,152646.15,157728.85,168853.85,179667.31,190242.31,195573.08,201842.31,199813.46,203776.92,204550,210250,223678.85,236090.38,246186.54,251240.38,254161.35,256582.31,262711.54,265517.31,273646.15,282094.23,288067.31,294871.15,293415.19,296419.23,304143.85,307971.15,313691.35,318111.15,319794.23,323282.31,331260.96,333861.54,338382.69,348763.27,345515,339496.15,329672.58,315076.92,311759.62,315546.15,326043.85,333380.77,347690.38,359090.38,360592.31,364555.77,366615.38,357653.85,351307.69,359596.15,359065.38,370111.54,384882.65,388519.23,383880.77,386548.08,394634.62,393325,405461.54,419651.92,427483.15,441500,450996.15,460288.46,469611.54,471215.65,490423.08,492213.69,507596.15,520057.31,527365.38,523376.92,504735.54,501884.58,492602.85,493919.15,490338.46,479000,495721.15,499730.77,508034.62,517673.08,518144.23,544169.23,561750,563503.85,567115.38,563365.38,570115.38,563746.15,568055.77,575842.31,584538.46,604215.38,603923.04,616519.23,614480.77
E12000008,South East,E07000211,Reigate and Banstead,93056.94,91827.64,91401.39,91047.22,92123.61,93634.72,94333.33,98898.61,101731.94,104448.61,110169.44,115787.22,120601.39,121673.61,122557.5,125750,129176.39,135525,143647.22,154201.25,160433.33,163341.67,169465.14,175816.67,179129.17,181051.39,185959.58,192616.67,199712.36,205113.75,211838.89,217186.11,220880.42,222823.61,229100,236449.86,243258.06,246912.5,246469.44,252950.03,254323.44,252939.72,250954.17,251368.06,256916.67,261400,267219.44,273240.81,279978.44,282561.11,293013.28,293670.22,279017.92,269526.11,253706.94,257858.33,264554.17,274290.28,284386.11,296066.67,304379.78,306970.83,310438.89,298291.39,298016.67,284540.25,285624.72,288443.67,295231.94,309117.78,310430.42,320733.33,322998.47,329427.64,333316.53,342573.47,345277.78,347178.89,357904.17,364552.08,379483.33,390972.22,399008.33,408404.03,417902.42,419680.56,418624.64,417415.28,425817.78,438450,442069.44,437610.83,446025,437923.61,436430.56,436520.83,433888.89,437747.22,442948.61,447641.67,473233.33,484876.39,486783.33,488123.61,480803.61,479441.67,495622.22,501752.78,526922.22,525408.33,529125,516297.17,499097.22,501569.44
E12000008,South East,E07000212,Runnymede,100022.5,100612.5,103110,102487.5,103415,106007.5,106872.5,111817.5,118732.5,122952.5,127477,128805.75,129682.5,131087.5,137200,150516.5,155772.5,162695,164745,168667.5,171975,176757.5,174187.5,181265,181962.5,179710,191375,199492.5,207640,216570,223650,226385,227800,233372.5,235422,238437.5,249845,251320,252999.9,256394.25,259772,263637.5,264679.5,267593.75,277942,282242.5,293172.5,301735,311025,312267.5,318646.85,326037.5,315650.35,309749.5,279497.25,268020,269899.25,280347.5,285250,297475,302615,308700,312500,314645,311077.5,305620,309625,301897.5,303922.5,305074.95,309047.45,323242.5,318975,323847.5,330497.5,336850,354977.5,361938,366845,383546,385050,396900,407840,421130,431275,435950,447000,445522.5,435375,449137.5,443050,447550,435775,432525,417125,415275,425097.5,431170,458847.5,477469.75,480900,490895,485900,482525,492620,488475,504972.5,511897.5,515025,517550,503775,491950,491370,490450
E12000008,South East,E07000213,Spelthorne,82438.46,81182.69,80724.96,81375,81151.92,81667.31,84875,87780.77,91655.77,95855.77,99011.54,103803.85,106167.31,108392.31,110130.77,112978.85,117109.62,121232.69,129159.62,136740.38,143700.19,145626.92,149609.62,154403.85,160686.54,165944.23,170334.62,176134.23,182067.31,188306.38,196053.85,202665.38,205844.23,206258.27,211241.92,215663.27,216513.08,217959.62,216628.85,216630.77,219498.08,221819.23,224769.23,227523.08,232205.77,237465.38,244705.77,253140.42,251224.81,253448.08,255207.69,247953.85,251573.08,246038.46,237826.92,235228.85,233596.15,238323.08,240962.5,250171.15,256532.69,256384.62,257130.77,257805.77,259517.31,260223.08,261742.31,265988.46,267032.69,270686.54,275769.23,274417.31,283340.38,286996.12,287880.77,297957.65,309019.19,315575,328692.31,337346.15,345976.92,354263.46,360953.65,372421.15,383921.15,393346.15,400239,407576.92,402146.15,404903.85,403760.92,395038.46,397807.69,397461.54,395686.69,395635.38,397921.15,401365.38,400594.23,412204.35,427128.46,426096.15,436358.69,431269.23,424284.62,422357.69,417500,431344.23,442230.77,457326.92,464480.77,465750,463348.77,457846.15
E12000008,South East,E07000214,Surrey Heath,93120.83,95054.17,94700,95778.88,98729.17,99856.25,102850,104987.5,107987.5,110337.5,116750,121595.83,126268.33,129572.92,130291.25,132629.17,139004.17,144808.33,152632.25,162004.17,164216.67,168479.17,171395.83,177435.42,181631.25,186098.25,190291.25,199137.29,204866.25,215101.67,221197.71,227516.25,235718.33,235766.67,240554.17,241158.33,244629.17,247554.17,252143.75,248354.17,246666.67,252695.83,243699.75,244706.25,248677.08,250514.58,271262.08,281085.42,288545.63,295303.96,296327.08,291391.67,286694.42,284291.67,271039.58,276143.75,279239.58,277291.67,286412.5,294970.63,295577.08,295283.33,297875,293562.5,293431.25,294454.17,294245.83,299787.5,305250,307352.08,307037.5,311768.75,309487.08,315620.83,314781.25,331795.83,346414.58,355329.17,363233.33,361872.92,368562.83,373829.38,383277.08,397685.42,409347.92,421666.67,418143.75,423208.33,432958.33,435770.83,440204.17,429791.67,431914.58,430375,421458.33,422958.33,426895.83,425370.83,437479.17,443937.5,457708.33,455166.67,459833.33,461645.83,456206.25,453572.92,455583.33,468437.5,469454.17,475583.33,472037.5,473297.5,486875,494020.83
E12000008,South East,E07000215,Tandridge,89375,89864.45,89156.82,90984.09,93690.91,96727.27,101518.18,106153.41,109367.05,111193.18,117350,117675,121127.27,122222.73,127127.27,131759.09,138802.27,141806.82,146713.64,153588.64,154406.82,159128,161272.73,164788.64,172881.82,178788.64,182590.91,192604.55,200440.91,206715.91,214611.36,222840.68,229043.18,231695.45,235654.45,240081.27,240304.55,245609.09,246129.45,245174.91,248288.59,247422.5,255172.73,264220.45,268468.18,273134.09,275681.82,277315.91,287440.91,292727.27,295159.09,290636.36,281590.91,273222.73,259547.41,255820.68,264975,274975.59,286022.73,297830.36,314648.55,320134.09,309272.5,308201.82,301972.27,301063.64,295631.82,296543.18,301997.5,300875,305590.91,310431.77,318202.27,325040.91,331065.91,343045.45,359176.82,367545.45,374109.09,384822.73,385631.36,391620.45,395333.86,397295.23,402745.23,417032.73,428140.91,438262.73,435600,430054.59,432865.91,438818.18,437259.73,445636.36,446477.27,438136.36,439840.91,445972.73,445954.55,452454.55,471886.36,479156.82,482225,477772.73,478863.64,475437.5,476688.64,499386.36,501909.09,511250,519977.27,508950,507181.82,509840.91
E12000008,South East,E07000216,Waverley,101395.59,102945.59,103257.35,104788.24,108979.41,109141.18,111832.35,116597.06,118716.91,124283.82,132717.5,137472.06,139716.18,143675,143813.24,147791.18,155189.71,158286.76,168429.41,174523.53,178999.71,181739.71,189126.47,194821.91,198739.71,198975,204204.41,213001.47,220141.18,226039.56,233170.59,240404.41,245641.18,250205.88,258304.41,264852.94,273100.35,279379.41,280898.53,280362.79,282118.82,283041.18,288159.85,294251,298347.06,304715.15,311042.65,319285.29,327416.03,337757.65,333172.06,331475,323079.41,312483.82,302057.35,302426.47,308955.88,316397.06,329673.53,345150,357641.18,358719.12,357983.82,353141.32,345544.32,339483.82,343057.38,347083.82,349331.88,356073.53,360527.79,368311.76,374782.56,377993.82,385618.03,391961.76,399992.65,402411.76,408704.71,416962.06,431436.76,440357.5,453452.94,453066.18,457233.82,471327.79,476888.24,493573.24,493940.88,500544.12,491577.94,495108.82,497788.24,493579.41,488432.06,489467.65,487764.71,500439.71,512204.41,520175,535601.18,557989.71,563000,562823.53,558617.65,550547.06,559483.82,580208.97,596193.88,603711.29,615644.12,613661.76,613097.06,612966.24
E12000008,South East,E07000217,Woking,92083.33,91987.5,90422.92,91977.92,96768.75,99429.17,101297.92,101731.25,104133.33,106941.67,111075,113493.54,117081.25,120604.17,125037.5,129527.08,134588.33,141239.58,149331.25,159131.04,163987.08,165393.54,169410.42,171008.33,176393.75,182666.67,188600,199172.71,209525,214429.17,221033.33,228372.92,225702.08,224828.75,229630.83,233745.83,240093.33,245095.83,255495.83,253416.5,253604.17,252436.08,254147.04,255368.75,259285.42,267527.08,276431.25,292875,299968.75,298827.08,297342.17,287576.13,282716.63,279472.88,269078.96,276791.67,267845.83,272495.83,285554.17,298975,311816.67,308522.92,306114.58,300812.5,294508.29,293325,300662.5,306206.25,306037.29,315101.88,319766.67,324770.83,327618.75,334270.83,335283.33,351393.75,364812.5,361491.63,376685.42,381916.67,389372.5,395208.33,407954.17,416624.58,408827.08,424875,427339.58,435912.5,455145.83,448954.17,451395.83,449583.13,438750,435229.17,444083.33,452957.92,464354.17,460989.58,464708.33,463020.83,474581.25,491416.67,492437.5,486100,477204.17,455942.29,451333.33,475687.5,499806.25,519229.83,522970.75,515458.33,505041.67,496875
E12000008,South East,E07000223,Adur,53187.19,53493.75,53449.69,54427.81,55843.75,57506.25,59315,61798.75,64334.38,66527.19,68809.06,69843.75,72075.63,73700,75027.19,77336.56,80443.44,83043.75,87984,95124.81,99578.75,101726.88,106259.38,109740.63,114212.5,116552.81,121125,129212.5,135906.13,141671.56,147524.38,153234.38,156643.13,160311.88,165956.25,171359.38,175837.5,178962.5,182487.5,183168.75,182680.5,183028.13,185012.5,187059.38,191187.5,195053.13,199934.06,204831.25,212459.38,214421.88,217309.38,211531.25,201843.44,192209.38,185906.25,187456.25,189400,193843.75,199462.5,202493.13,207681.25,205871.88,203965.63,204906.25,200518.75,203462.5,205400,210840.63,215680.25,218641.88,216553.13,218990.25,219271.56,220405.31,226146.88,231825,244706.25,253218.75,259771.88,266375,269925,272303.13,284383.75,292906.25,298696.88,303396.88,304275,308718.75,307937.5,309000,309312.5,311659.38,316218.75,317625,317625,312875,312875.63,314062.5,314593.75,320000,328312.5,341278.13,351193.75,355312.5,363437.5,371562.5,376812.5,386718.75,394562.5,396256.25,394575,382687.5,383125,380937.5
E12000008,South East,E07000224,Arun,60341.03,59513.16,59371.05,60112.63,60976.32,61804.42,64572.24,67602.63,69875.66,72048.55,74240.79,76612.89,78259.21,79170.92,79875,81505.26,84805.13,88222.37,94835.39,98681.58,103139.95,105606.58,109372.24,115406.58,119732.89,122982.47,128907.63,134160.53,142389.08,149505.53,156726.32,164535.26,168425,171352.63,175600,179731.61,185409.08,189517.11,190632.89,189560.53,188478.95,187889.47,187573.68,191207.89,195943.84,199019.58,206907.89,211311.84,213942.11,215906.29,218501.26,218575,213686.84,207164.47,193186.84,188813.16,192615.79,197352.63,201086.87,208151.32,208852.37,208681.32,206678.95,204043.29,204342.11,205003.95,205838.13,213351.32,216557.89,218434.21,218651.29,216602.63,218340.79,220425,222414.47,228034.92,231431.58,234087.89,239084.11,245494.74,252687.63,254218.16,258916.84,266962.89,273548.16,278720.79,282601.05,283631.26,285153.95,285681.32,286420.89,288980.13,293866.84,292524.74,293799.87,291359.89,291466.95,293931.58,292811.84,302838.16,313902.63,329151.32,335751.58,335298.16,337440.79,338538.16,343046.05,358894.74,366302.63,369473.68,368092.11,366236.71,356957.89,348552.11
E12000008,South East,E07000225,Chichester,87517.14,88868.14,91612.32,94069.29,96335.71,94228.39,95281.79,99665.79,104397.64,108545.96,114456.43,119517.86,121537.68,122581.43,126160.71,127373.93,131800,135230.36,140978.39,151151.43,155485.36,154707.14,158523.21,163392.32,164285.71,169487.5,179167.86,184703.57,198959.64,206715.36,216426.89,230298.21,237712.5,248087.5,252616.07,254394.61,265885.71,260649.29,267928.57,265528.57,265545.29,268266.07,269306.07,274266.07,280982.14,286301.79,289953.21,291033.93,294083.93,298203.57,299878.57,298088.04,302321.43,291762.5,291087.5,282033.93,274998.21,281232.14,290235.61,295978.75,306346.96,308571.61,313947.86,317016.07,307553.5,305894.46,307083.57,306282.14,306411.64,306831.71,309021.43,304178.57,307848.39,311442.86,314589.29,330303.57,339224.32,341391.07,350680.79,358015.86,362196.43,367725,365811.89,375123.93,379408.75,393710.54,395392.32,399053.57,402321.43,404910.71,407195.89,417081.29,414946.43,408326.79,405871.43,406469.64,405385.71,416689.29,421283.93,415996.43,429276.79,448235.71,453125,455160.18,460101.79,461655.54,463500,478389.29,498053.39,501052.14,525089.29,525285.71,512285.36,509750
E12000008,South East,E07000226,Crawley,58168.31,58390.19,58480.58,58587.77,60075,60809.42,62044.15,63459.42,66053.85,68431.92,70800,74422.88,75648.08,77051.92,78569.23,81399.62,84871.15,88026.92,93063.46,98650,101494.23,104894.23,107455.77,111111.54,114478.85,117648.08,121517.12,128065.38,135021.15,140490.38,146584.62,152007.5,157721.15,158761.54,162057.69,165665.38,168580.77,173720.04,175688.46,176057.5,174690.38,174532.69,175976.92,178251.73,183522.69,185878.46,190143.85,195167.31,199038.46,202648.08,204124.38,203530.62,197153.85,188988.58,179150,177236.54,175871.15,181494.23,184863.46,188153.85,192919.23,190576.92,189620,187005.23,185323.08,185538.46,188473.08,190730.77,190961.54,194225,194219.04,198063.46,206359.62,208730.77,214662.31,222053.85,227957.31,234230.77,240690.38,246103.85,250572.69,256998.08,264353.85,270403.85,276709.23,281930.77,284917.27,287096.15,292338.46,293634.62,294326.92,300305.77,299245.77,297747.69,296015,292207.31,290445.77,293096.15,294692.31,297515.38,302076.92,310057.69,311730.77,313096.15,313403.85,311211.54,314353.85,317921.15,332750,340153.85,344884.62,344292.31,341403.85,342115.38
E12000008,South East,E07000227,Horsham,87173.44,87270.31,88071.56,87898.44,89818.75,90464.06,94103.13,97149.81,101698.44,105312.5,107533.47,112185.94,114025,116276.56,118814.06,123878.13,127676.88,132306.25,137954.69,145155.16,150885.94,153931.25,157398.44,164727.81,168306.25,175257.78,179669.06,185412.19,193210.63,197887.19,207711.88,211951.56,216179.69,219920.31,223562.5,229200,232484.38,235110.94,237205.22,241578.13,242991.88,250856.25,253889.06,257731.25,262037.47,266332.81,267495.22,273260.94,277654.75,280323.44,284214.06,281900,276839.06,257308.88,244957.66,246118.69,254118.75,263106.25,268259.38,276560.94,275765.28,277092.13,278249.97,284071.88,289896.88,288632.81,294062.34,291584.38,293667.19,298428.13,296131.25,300823.28,301802.28,304753.13,311155.94,319146.88,328603.13,338557.81,346489.84,352323.44,361871.88,366637.19,371372,374959.06,378451.56,379723.44,387239.22,390735.94,395330.47,396390.63,394921.88,401662.63,402593.75,398824.84,397468.75,395607.19,405351.25,410732.5,416210.78,427673.91,433096,446219.53,448414.75,448776.56,449893.75,445559.38,449609.38,464684.38,468825,467481.25,468109.38,472031.25,462703.31,459325
E12000008,South East,E07000228,Mid Sussex,78313.24,78636.76,79022.06,80002.94,80964.41,81967.65,82936.76,85086.03,88655.59,89866.18,94930.15,100202.94,102576.47,105350,108092.65,109435.29,114388.24,119207.35,129814.71,134314.71,139976.47,142669.12,143510.29,150489.71,154416.18,158027.94,163176.18,169770.59,176867.65,184311.62,192495,202008.82,208569.09,212097.06,218202.91,222750,225947.03,226700,228536.76,227967.59,229065.88,229140,232815.24,237392.35,240183.53,244523.53,248054.26,254159.38,261347.06,266529.41,268715.88,265442.5,259285,253157,240513.24,236848.53,245760.29,249219.12,252948.53,260563.24,263432.21,261702.94,262743.38,262396.32,263079.15,260209.79,263304.41,266852.88,272348.53,282542.65,285087.94,285983.53,287599.71,288087.97,295392.94,306752.91,311524.85,316797.79,315910.29,321271.62,335332.65,341640.59,357955.15,361406.76,365520,372664.41,377063.24,379095.59,385201.47,382557.35,380442.65,384542.65,383961.76,385338.24,392117.21,391926.18,391396.76,388263.24,384499.56,386630.88,395793.82,405396.76,411941.18,413013.24,416248.24,423176.47,423183.68,436716.38,444985,452867.35,462760.15,470730.59,470587.79,465264.41
E12000008,South East,E07000229,Worthing,55259.62,54730.77,54326.92,54942.31,57094.23,58548.08,60169.23,62737.92,64353.46,66588.27,69207.69,71678.85,72240.38,72740.38,73976.54,76732.31,80686.15,84401.58,88520.42,93919.23,98346.15,100603.85,103742.31,106863.46,110957.69,114159.42,119301.92,127899.81,135794.23,143553.65,150663.46,158615.38,161975,163555.77,167394.23,171173.38,174182.69,174701.92,176838.46,177930.77,179096.15,180134.23,181551.92,184496.15,188719.19,193130.77,199304.81,204690.38,208821.15,212228.85,212551.92,209905.77,201744.23,192361.54,181807.69,182438.65,183579.81,189378.85,196778.85,200173.08,207634.62,206038.46,204211.54,201651.92,199750,200680.58,202423.08,203861.54,204681.73,203662.5,204750,207261.54,207555.77,213876.92,220173.08,227413.46,235489.23,239223.08,245607.69,253132.69,257853.46,259128.85,267292.31,272780.38,277761.54,280728.85,282776.31,288172.69,291209.23,293692.31,294098.46,298326.73,299292.31,300920.85,299540.38,301907.15,303526.92,304338.46,303080,304478.85,314491.77,330278.85,339365.38,340759.62,339680.77,339869.23,342846.15,355621.15,368557.69,371388.08,371269.23,373500,370615.38,374382.31
E12000009,South West,E06000022,Bath and North East Somerset,66105.56,66497.87,66985.13,67527.31,68780.09,69408.06,70563.7,72568.33,73933.24,75463.7,78199.91,81101.48,83674.91,83861.11,86265.74,90337.04,94686.11,99722.96,105533.8,110801.85,115055.56,117756.48,121337.87,127387.04,131211.94,134246.3,139540.59,147407.22,154577.78,160440.74,169577.78,178134.26,185023.15,187914.81,191679.63,195904.63,197699.07,201170.17,202866.57,205531.39,205041.57,206004.26,208385.19,214427.59,219170.37,224020.33,229001.2,234534.07,238192.56,238602.48,240258.06,234045.37,225503.61,218459.17,207869.44,210385,213569.35,221596.2,227248.89,233760.19,239651.31,238738.7,236578.61,233495.37,233467.59,230975,234225,239073.13,237407.31,238212.04,238445.37,244786.96,249436.02,249363.7,254404.63,261275.93,267286.02,274344.81,278211.94,280765.74,285878.33,293549.72,305606.52,312640.59,324643.33,336023.33,335039.41,341899.93,345097.78,346102.59,350761.94,352999.81,351080.56,349665.74,353394.44,347882.74,345915.39,346147.04,343716.87,352254.63,364327.96,379122.06,386298.06,386805.56,388770.37,389518.52,391049.07,405172.63,415130.65,419545.33,420546.11,421865.74,410671.3,413943.48
E12000009,South West,E06000023,Bristol,49694.8,49304.21,49584.12,50128.28,50594.99,51194.17,52373.11,53988.7,56001.27,57112.06,58641.14,60610.83,61941.53,63657.19,65579.39,68918.77,72106.79,75514.56,79751.97,83270.48,86081.84,88828.11,90811.14,95408.96,98425,101064.69,106563.4,114256.8,122195.31,128101.14,134860.39,139985.92,141948.07,143874.4,147366.93,152133.4,154953.26,157916.01,159145.44,159354.22,159865.18,159421.67,162989.7,168299.4,173117.76,177839.08,182613.53,186747.89,190857.46,192429.65,192187.68,188095.63,181029.68,176280.16,165988.42,163642.07,166475.35,169166.39,174845.44,179695.79,185710.92,184296.89,183922.68,180424.34,178655.07,178946.68,180205.22,182857.35,185322.62,186228.29,186702.11,187621.49,190865.31,194030.18,198478.55,205965.18,210422.54,214748.2,219088.55,224707.02,233091.1,240654.74,248822.01,260950,267522.62,274979.51,278311.98,281146.36,285024.57,287290.79,290127.89,291153.38,291258.73,291829.56,293051.52,296506.05,297543.95,300139.63,304363.25,307456.89,317608.16,329210.01,333931.05,333034.56,332013.6,334730.86,337741.52,356532.41,368163.64,369232.06,369874.12,371695.68,367248.2,366906.34
E12000009,South West,E06000024,North Somerset,63472.69,62953.46,64126.73,63725,64880.96,65054.04,66296.54,67823.29,69677.85,71986.54,73200.08,75104.69,75443.27,75206.54,77834.33,82042.31,85650.77,88583.65,92363.46,96326.54,99101.44,100290.87,104204.62,109495.19,112350,114834.62,118716.35,125792.37,133271.92,139415.38,146582.58,151344.23,154224.71,158518.23,164359.9,169944.23,175456.44,177552.69,178459.85,180532.88,180419.23,182258.54,185160.58,188438.27,194319.13,197918.08,202307.29,208362.96,211264.9,212469.52,211434.33,208433.37,200487.31,195566.15,186525.96,187066.35,190795.96,192824.9,195679.62,199953.81,200602.67,200140.29,200074.62,198921.96,198594.23,196151.81,195526.88,196172.12,197908.65,200569.23,203344.21,205480.77,207587.5,210079.81,211672.12,217035.58,222791.06,225534.42,228414.54,231045.19,233905.96,237565.19,243417.31,249854.81,255121.15,260002.69,260119.13,265651.83,274436.25,279598.65,281474.71,284653.48,283878.75,282103.85,281402.87,282422.12,281959.62,283594.23,286758.35,290237.31,298932.5,313091.25,318672.12,322701.92,324578.85,325075.96,328188.37,336835.58,350114.33,355920,358336.54,356248.96,351648.37,349673.08
E12000009,South West,E06000025,South Gloucestershire,58721.72,59684.38,60858.6,60376.66,60486.62,60870.37,62409.41,63703.38,64739.49,65806.91,68178.31,70633.6,71680.81,72979.97,73199.71,75107.21,78856.47,81428.22,86133.38,90502.21,93793.74,96902.21,98944.71,101529.19,105660.88,108429.04,113665.07,122135.79,129135.66,135967.35,141932.35,146340.37,149592.65,151453.6,158906.62,164352.87,168877.84,172311.76,172782.93,172371.31,174674.93,174133.82,178517.72,181523.53,185330.66,189963.82,194752.94,200895.51,205137.87,206465.87,205473.76,201123.07,192459.21,183444.68,174522.06,177740.44,180408.68,186133.09,189538.97,192654.34,194146.18,191425.59,191761.62,190033.82,190968.15,192058.53,191693.82,191667.18,193188.01,195270.41,195045.66,196897.35,200656.75,204251.97,208103.09,213556.4,217566.84,220924.26,224128.04,230043.74,235470.15,239600.54,244745.15,253151.84,258983.82,264423.09,268063.01,270960.07,273904.78,275846.1,277784.56,279948.24,281643.75,282526.84,284425.44,287704.16,290018.6,292710.81,293593.31,296371.25,304930.6,310508.38,312911.62,315204.63,316929.49,319508.6,326128.82,336501.25,345401.47,351535.88,352917.5,351976.91,343007.35,340383.63
E12000009,South West,E06000026,Plymouth,45106.56,44181.44,43960.79,43860.59,44433.3,45152.35,45659.85,46350,46859.09,47219.55,47971.14,48146.89,48478.64,48299.73,48880.3,49617.09,50790.91,52665,54092.64,56434.76,58882.42,60175.45,62572.15,65566.82,68043.94,70271.82,74426.89,79786.36,85106.52,88601.14,94093.18,98293.18,104450.76,106685.45,110534.85,117907.5,123881.06,128913.79,135508.18,137394.42,137458.47,138235.45,138157.12,142076.52,145415.91,147939.39,152174.24,154733.12,155960.5,156408.33,153448.26,150736.24,145457.64,141785.53,137283.94,137193.79,139563.56,142955.18,145050.11,145276.21,145927.2,144643.79,143941.52,144293.79,142863.48,143708.32,143466.67,143859.02,144421.21,144397.73,144709.09,145620.45,147454.55,148899.02,152506.82,154687.73,157638.21,159411.39,160445.17,161634.09,162858.11,164524.17,167436.82,169223.11,167946.59,169531.29,168878.56,170181.59,172601.29,174934.85,176393.11,177257.58,178851.44,179892.42,180031.74,179877.12,181293.94,183187.73,183325,184171.97,187600,190517.05,194944.7,197531.82,200561.97,202416.67,205075.76,212475.68,218275.76,219539.32,219518.86,216833.18,214901.52,216882.27
E12000009,South West,E06000027,Torbay,50560.76,50217.65,50616.18,50216.18,50789.71,51641.53,51900.12,53672.79,53793.38,54625,55748.65,56243.88,57138.24,58027.91,58893.06,60520.59,62739.71,64548.53,66785.29,69564.71,72034.56,74258.82,76463.24,79333.82,82804.47,85288.24,90016.18,97655.88,103567.65,108273.24,114408.82,120372.06,125388.24,129535.29,136600,142355.85,149022.06,152466.18,155032.35,157189.71,156308.82,155661.76,157500,158997.06,161676.47,164866.18,168141.18,170297.44,172833.53,174477.94,172966.76,171626.47,167058.35,163407.32,157775,153937.35,154627.94,155850,159445.59,161807.35,160438.24,159614.71,156467.65,156857.35,158910.76,158038.24,159348.53,157926.47,159602.94,161454.41,161601.47,161941.18,162316.18,161425,162536.71,165467.65,165799.85,167921.85,170379.41,170800,174031.03,176307.21,176260.29,180247.68,182140.88,183841.03,187220.29,188260.29,193199.59,194023.24,193083.38,194176.18,195529.41,193744.12,195485.29,194526.47,195233.82,200101.47,201699.85,203820.44,210182.35,218867.62,227099.85,231852.79,236395.59,238873.53,235333.82,243598.53,251336.03,252513.12,256382.35,255655.65,250352.71,246632.21
E12000009,South West,E06000030,Swindon,54719.62,54633.17,55235.38,54981.44,55861.44,56406.54,56890.87,58462.87,59245.77,60041.15,63904.35,65873.89,67484.91,68869.07,71098.15,74498.06,76774.44,77572.75,81446.92,85027.4,87878.56,90651.06,93374.83,97876.73,102291.48,104903.15,109634.72,114396.11,121182.22,124606.2,127962.41,130836.74,131891.19,134666.52,136792.31,140137.96,142751.11,143006.02,144853.52,144386.09,144903.52,145124.8,145297.78,147651.19,150394.07,152892.22,156467.7,159421.48,161769.35,163171.39,162045.28,161110.83,154590.65,150182.31,145370.76,140257.31,142129.59,144490.74,148975.93,152230,153153.7,153479.07,152978.33,152538.87,149836.85,150388.8,150160.89,150304.33,150721.19,151982.59,152212.87,155115.83,157800.37,159010.28,161236.63,162906.3,165144.7,167501.3,172821.3,177332.04,183858.61,186730.93,192355.83,197480.09,198249.72,203091.48,205174.81,210132.13,215999.81,218952.69,218748.8,220896.11,221004.26,220073.89,221814.72,218064.81,218083.24,218146.2,217805.37,219620.09,225999.81,233129.35,235054.63,236487.04,236855.37,239480.83,243683.15,254424.07,262333.15,267800.93,269991.67,265916.67,264249.81,263435.19
E12000009,South West,E06000052,Cornwall,49780.17,49812.67,50279.58,51559.17,52054.08,53365.41,54138.69,55225.68,56942.43,58010.96,59241.11,60082.53,61130.34,61540.21,62421.85,64368.08,66963.63,68477.62,71623.56,74089.21,76768.94,79626.47,82092.71,86686.27,90074.93,93057.26,99797.53,107719.52,116956.75,124401.3,133323.6,141696.85,148788.66,153566.75,160036.61,167418.36,174574.69,179736.23,183738.64,183254.84,184132.48,184057.12,187270.66,190852.32,194964.9,198902.05,201939.92,205944.6,207147.47,208062.19,208082.83,207000.73,201639.08,196853.76,187203.53,185011.53,183780.45,187101.68,189677.69,193625.23,198662.67,197749.32,195706.11,193070.66,190113.51,189820.55,189988.58,190407.42,192406.4,192471.51,193193.26,193050.27,194243.08,195726.37,195996.87,197705.52,199652.1,199950.42,202358.87,205897.77,208084,210648.86,212367.43,213304.97,215152.05,218111.1,220650.96,223341.17,226894.59,228528.7,229178.29,230616.21,232273.9,232239.93,235746.73,237127.95,239411.27,242185.85,243368.15,247392.12,259910.96,272507.67,279857.12,281667.23,282557.27,283789.47,284343.49,300952.05,309680.75,313062.26,315057.71,312732.81,303954.19,299567.77
E12000009,South West,E06000053,Isles Scilly,119750,132250,129500,125000,107475,107475,100000,100000,135000,150000,155000,158750,152000,125000,128000,132000,157500,195975,192000,175000,188750,197500,180000,180000,180000,172500,180000,185000,225000,227500,236500,265000,300625,335000,330000,300000,303750,250000,250000,340000,280000,342500,345000,295000,405000,355000,352500,350000,322500,312500,285000,295000,285000,335000,335000,335000,330000,235000,227500,300000,305000,302500,335000,345000,335000,365000,385000,330000,340000,337500,332500,348750,275000,244975,270000,235000,235000,280000,290000,325000,280000,270000,245000,287500,305000,335000,317500,290000,325000,322500,292500,321250,360000,365000,372500,373750,337500,320000,325000,283162.5,350000,352500,355000,435000,350000,386500,465000,385000,531000,550000,423000,400000,357500,350000
E12000009,South West,E06000054,Wiltshire,67171.79,67225.44,67800.62,68272.81,69459.84,70804.02,72835.04,75035.55,76943.16,78495.7,80925.23,83589.96,85874.31,86819.63,89730.47,93778.48,97897.23,101742.89,106526.94,110127.28,114541.41,117444.53,121672.27,125328.95,127727.83,130130.16,134515.59,142440.63,150530.82,155478.78,164439.68,169219.18,173090.74,175505.08,179184.63,185291.12,191675.77,195513.38,198518.81,197229.2,196340.43,196886.95,199329.41,205534.26,208762.85,211035.35,214632.27,217613.52,222060.8,223334.86,223828.23,221272.89,214846.37,210375.52,201555.13,196531.13,199329.45,204320.9,210691.18,214936.13,219321.7,219692.43,216329.06,214829.14,218189.38,215953.04,215820.63,216690.47,216373.24,217217.91,220207.27,218663.98,219309.69,220821.45,222504.71,227675.66,231665.12,234233.01,239689.23,243615.9,247809.19,250522.06,252488.59,258170.39,261578.13,269657.15,274735.55,277317.3,281701.84,284600.82,287758.79,288633.24,289256.02,289167.58,289089.26,291003.67,288234.4,289316.79,288175.7,291216.41,304953.63,316301.44,324069.38,322781.13,322492.85,325018.94,324545.52,339350.23,345827.07,347604.39,351626.41,351235.27,344747.05,345809.65
E12000009,South West,E06000058,"Bournemouth, Christchurch and Poole",60830.71,60929.69,60981.18,61786.98,63316.15,64535.41,65824.47,67989.06,70521.88,73047.98,75585.94,77919.8,79511.47,80052.71,82589.21,85871.82,88811.41,91986.41,96534.9,102231.15,106575.64,108969.74,112085.91,114916.56,119231.77,123040.72,129804.69,137119.38,144970.31,151384.25,158016.15,166860.42,174248.21,177728.53,184433.85,189266.15,192333.85,196234.38,195128.65,196548.83,196465.63,198923.29,201654.69,204268.75,209216.67,210777.4,213888.02,218834.38,223961.46,226627.6,228030.68,224152.68,214840.1,209116.15,200775.52,199489.08,202315.52,207871.88,211529.69,215535.42,218168.85,215291.02,214717.19,214235.83,212916.67,214056.77,216149.48,214846.35,217064.32,219132.34,219243.23,222911.46,223395.84,223565.63,228867.19,233065.92,238569.79,243392.19,246733.33,251685.42,256484.38,260611.51,262414.54,268498.96,269699.48,273314.36,276685.83,281750.83,284722.34,288264.01,290031.77,290146.88,293409.9,295472.4,297082.81,300161.46,300306.25,300205.73,299731.25,302834.89,316307.09,329726.56,336154.17,336243.23,335795.57,333796.25,338812.03,353170.83,366407.29,369351.21,368689.23,365419.79,359791.67,358416.67
E12000009,South West,E06000059,Dorset,66427.58,66484.27,66836.72,68223.85,69596.88,70515.63,72078.71,74564.7,77290.31,79090.13,81851.25,83828.02,85809.27,87340.63,89527.6,93502.5,97190.36,100727.74,105285.27,111039.06,115494.55,117727.5,122131.77,125474.22,128459.38,131977.55,138344.27,146688.54,156494.27,162142.19,169990.91,179055.92,186003.54,190476.74,196324.14,204595.43,206867.1,209285.31,210672.34,211572.4,213147.92,213045.83,216290.1,220059.89,224723.44,228637.92,232052.6,236715.26,240382.66,244027.08,245722.29,244097.9,237936.41,230444.68,220926.1,216673.96,217148.44,221623.44,226401.04,232211.56,236940.1,236093.23,234658.33,233001.46,232633.33,234021.88,234541.67,234186.35,235965.1,236315.09,237437.45,240084.43,239533.44,242165.63,243103.93,246842.71,250372.81,251759.39,254591.15,257268.23,260087.92,266274.91,270938.54,275945.83,279627.08,286039.32,287896.88,289569.79,294233.51,294669.22,297932.73,298249.9,300991.09,300661.3,301265.1,300582.71,299101.04,301815.1,302645.78,306777.5,319431.67,334012.19,340903.86,342455.65,344310.86,345451.28,349988.8,366936.46,373798.59,376377.55,381487.08,379215.63,373288.41,368782.06
E12000009,South West,E06000066,Somerset,55815.77,55968.1,56080.58,57105.25,58363.73,59084.48,60246.48,61665.82,62337.98,63148.84,64204.37,66231.51,67573.7,68465.07,70287.75,72902.22,75703.77,77976.3,81194.65,85012.61,87909.47,90092.46,93108.44,95946.18,98992.63,101708.35,108060.42,115486.9,122960.94,128762.57,135038.21,141921.58,147563.99,151615.45,157254.62,162794.6,169451.69,173007.75,175267.89,174219.93,173234.79,172947.54,173828.17,179032.01,182984.47,187188.38,191244.01,195196.54,198322.91,200258.4,199817.54,197341.13,191892.22,186319.35,178590.95,178906.69,178966.83,182626.06,186020.77,190306.62,193745.74,190536.2,190240.63,188145.92,188913.56,188257.57,188865.49,188760.42,190175.49,190990.34,190441.24,191981.2,191177.39,191229.75,192995.25,196424.61,199380.49,202941.76,204226.65,205886.48,208212.43,210772.08,213326.58,215871.97,219752.29,223275.95,223885.02,227892.89,233100.63,236724.68,240115.04,242253.1,243145.21,243420.92,242047.01,242587.56,242410.42,243612.39,244022.68,250397.92,261221.61,272668.66,279203.8,278730.85,278258.14,278504.12,280090.99,293710.25,303480.81,307361.28,308188.41,307120.63,300986.71,296178.43
E12000009,South West,E07000040,East Devon,63810,63256.23,63373.75,63965.75,65686.25,66524.13,69743.75,71642.5,72288.13,73853.75,75816.8,77271.25,79485.38,79905,79578.75,82229.75,84242.5,86282.5,91441.25,95188.75,99689.75,102814.88,106032.45,110541.63,114931.25,120446.25,129495,139088.5,150740,159830,166385,173793.75,179367.5,183971.25,194431.25,199506.25,205614.88,208651.25,209631.25,209064.75,211355,211377.5,212038.63,218690.23,222442.5,227973.75,233028.75,236728.63,238618.75,239613.75,241748.75,232988.13,231548.8,228801.25,219721.38,219075,220045,225872.63,231457.5,237353.75,236185,233111.25,229815,228238.78,230286.25,227275.13,233146.13,234575.95,233522.62,234985.6,230211.67,227821.4,228831.79,231583.1,234385.48,239022.62,241088.81,243063.02,247207.86,249033.93,253314.76,254258.26,255330.64,256267.38,261658.1,271161.79,275618.93,283642.74,287475.83,287490.6,287069.05,285495.24,289946.31,292653.33,294827.86,293800.95,297427.14,294413.93,298209.29,302435.36,311164.05,325964.64,327390.24,325405.71,325381.76,324566.19,328343.93,349153.57,362394.76,373753.36,372427.4,365441.69,362082.02,361130.86
E12000009,South West,E07000041,Exeter,53121.67,52996.67,53053.33,53421.67,54275.4,54805,55522.83,56534.33,57624.67,58514.5,58522.17,59408.33,59262.87,59128.17,60798.33,62905,66038,68631.67,71046.27,75256.5,78373.33,79455,82290,86211.67,90784.43,95178.33,102816.67,109568.33,116933.33,122968,130083.33,140201.67,144366.67,149818.33,154021.67,158598.33,164321.63,166411.67,168949.67,166888,166383.33,165540.67,171169.67,175908,179020,181680,185340,185504.13,188665.53,190745.47,190813.33,190576.67,187745.27,183750.27,178826.83,176411.67,177883.33,180222.27,181790.67,184493.33,187276.67,188010,191848.33,193771.33,188116.67,186496.67,184746.5,185783.17,191233.67,190791.67,191895,194601.5,193148.33,195608.27,200586.67,204450,208158.27,211378.1,214416.33,219066.67,222083,223444.67,225173.33,229828.33,231754.93,233669.67,234016.67,237651.7,241238.7,249650,251263.33,250971.33,250981.33,244291.33,248305.33,249487,252981.67,256550,256060.27,261443.43,267475,271783.33,276384.03,274533.33,273616.67,275231.07,280700,297583.33,308253.67,309503.33,314059.17,310513.33,309835.83,304115
E12000009,South West,E07000042,Mid Devon,56861.36,56770.45,58095.45,59397.73,59270.45,61099.77,61212.59,61497.73,62766.36,63420.45,64072.73,65679.55,66052.27,64906.82,67102.27,70831.82,73311.14,76430.14,80102.27,82954.55,86722.73,87602.27,92404.55,97169.91,101384.09,104833.41,109909.73,117286.14,125813.36,133934.09,141245.45,145957.95,149745,151852.64,159695.45,166080.55,173970.45,176747.73,178363.64,179331.82,177900,176654.55,176609.09,180215.91,181531.82,185698.05,187388.36,191556.59,197749.77,199542.95,201061.36,199986.36,190742.95,183699.77,183250,182136.36,183300,187761.36,188711.59,193513.91,194572.73,193097.27,194100,188018.18,192443.18,188518.18,186827.27,188636.36,187376.82,193993.18,199929.55,197918.18,201161.36,198609.09,197213.64,200975,201359.09,203877.05,205679.55,205261.36,211550.73,209209.27,213172.73,216495.45,217858.64,219358.86,220793.18,224927.27,229690.91,233827.27,240167.73,243615.91,243009.09,238954.32,244071.82,243112.95,244747.27,244590.91,245908.64,252172.55,260238.64,271231.36,277926.82,276067.73,280997.73,280802.27,278585,302840.68,304298.55,315329.86,315538.95,311725,309936.36,308693.18
E12000009,South West,E07000043,North Devon,53096.43,52373.21,51981.79,52276.79,53148.21,54289.29,55817.86,57683.57,60007.14,60225,61653.57,62719.29,63880,65157.14,68321.25,69337.5,70723.21,74246.43,76626.61,80648.04,82689.29,83966.07,88118.07,92907.14,98171.43,101533.93,106328.21,112746.43,118983.57,126028.57,134937.5,143554.29,149423.21,153635.71,159232.14,167993.04,178558.93,183455.36,186173.21,182851.39,184140.71,183535.71,187141.07,191689.29,193741.07,198207.14,202089.29,210496.43,212513.89,212814.71,214966.43,205393.82,199653.39,195406.79,183071.43,181066.07,185544.64,188855.36,193369.64,194514.11,197639.29,195642.86,197389.29,193017.86,190292.86,188392.86,190721.39,196250,198800,199946.43,199284.29,196800,196933.93,199625,202937.5,203855.36,206533.93,207765.89,207624.11,210035.71,211157.14,213821.25,214592.86,216553.57,218535.71,221210.54,225283.57,227638.93,231426.61,235158.75,231406.79,231891.07,235766.04,237357.14,245273.21,243842.32,246464.11,249512.5,251047.86,255033.75,260821.07,268089.29,276135.18,278371.43,280319.11,284298.93,294238.25,309928.57,316785.71,321099.29,318053.21,320303.39,321053.57,322839.29
E12000009,South West,E07000044,South Hams,67485.42,68405.83,70366.67,71745.83,71158.33,71131.92,71538.08,72735.42,74879.33,76369.79,77947.04,81206.25,83129.17,83420.83,88306.25,88052.08,94125.83,96310.42,100493.75,103116.67,107972.92,110968.75,118425,124470.83,127872.92,132088.33,137304.17,145260.42,156220.83,166193.75,178731.25,187933.33,192493.75,196747.92,201791.67,211729.17,222270.83,225104.17,228487.42,229095.83,229906.25,232770.83,236429.17,241896.88,249452.08,253583.33,257375,271501.17,281372.92,283408.33,284291.67,272270.83,261041.67,249808.13,240947.92,234687.5,240243.75,250906.25,258537.5,264125,266465.63,268750,263030.21,263833.33,253216.67,247083.33,241497.92,243348.79,252070.83,253872.92,252829.17,250250,251375,253183.33,261266.67,270227.08,274956.04,274806.25,274356.04,280791.67,281620.79,285000,285635.42,282247.88,290791.67,289062.5,292783.33,295272.5,298250,298922.92,298980.63,306042.92,305416.25,305791.46,309047.92,300041.67,306890.58,309749.79,316757.38,331847.29,342374.58,359789.38,367726.46,361487.54,364539.58,367806.04,365333.13,401607.83,416412.08,426459.08,429187.5,418604.17,408118.75,397560.42
E12000009,South West,E07000045,Teignbridge,57111.58,57771.21,58185.79,58382.89,58544.39,58823.34,60209.87,61999.34,63560.53,65668.42,67710.53,69034.21,69661.84,70105.26,70678.95,72822.11,76081.74,77900,80552.76,84294.74,87300,89851.32,94517.11,98819.74,103255.26,107600,114461.84,121542.11,130809.21,138685.53,144919.74,151500,156426.32,160230.13,164556.58,172611.82,180777.63,186228.95,187165.13,185139.47,187706.32,186664.47,191297.37,197754.29,200436.84,203690.79,208796.05,211241.97,215775,215000.58,214632.89,212953.89,207881.58,204470.79,195323.63,190980,192539.47,192955.26,197972.37,201243.42,205102.63,205710.58,205890.82,202722.61,201827.63,202815.79,202657.89,199260.39,197748.68,197497.11,197526.05,202237.87,203599.47,204478.79,207533.82,210283.95,215023.55,217414.84,222125,222108.55,223524.87,223520.79,226510.39,234261.84,238521.05,241785.39,241626.32,240576.68,241629.87,245802.11,250049.47,252973.95,251811.84,251982.89,252611.71,249839.34,251044.74,253035.13,252710.53,259946.05,275063.16,289721.05,297521.05,292973.68,290711.05,290846.05,292950.26,313049.74,314920.92,316339.21,320815.66,319355.71,321670.92,316815.66
E12000009,South West,E07000046,Torridge,49819.44,49208.33,51566.67,51788.89,52888.33,53366.39,53747.22,55905.56,57861.11,58213.89,59513.33,61163.89,62966.67,63638.89,66035.83,66841.67,69161.11,70572.22,72442.83,75170.83,77983.33,80749.72,83891.39,91263.89,94933.33,98284.28,103622.22,112105.56,121438.89,125902.78,132825,141052.22,144075,150248.61,157316.67,164327.78,171400,176350,179040,178938.89,183044.44,182938.89,184772.22,187241.67,190216.39,190260,193127.78,197493.89,200911.11,203318.89,206266.67,204632.5,194000,189191.39,182472.22,179805.56,184760.56,187727.78,192138.89,193508.33,194300,192527.78,190219.44,189305.56,189333.33,189193.89,187594.44,184994.44,185805,186194.44,184275,185265.78,186221.94,186550,190686.11,193377.5,194444.44,198044.44,201661.11,201769.44,207494.44,208077.78,207388.33,207686.11,207827.22,209997.22,210194.44,215916.67,220108.33,221236.11,223944.44,221552.78,220608.33,223694.44,224319.44,232272.22,235469.44,240200.67,240583.33,237805.56,248691.67,257438.89,268755.56,271624.17,275830.56,274438.89,273472.22,293763.89,310444.44,316055,320888.06,312888.61,297943.89,292644.72
E12000009,South West,E07000047,West Devon,56771.43,58671.43,59235.71,62067.86,62392.86,62064.57,63657.14,64457.14,65571.07,67000,69128.21,69242.86,69492.86,71317.86,73000,75453.57,79528.57,80992.14,81164.29,83592.86,88160.71,90567.86,95125,102792.86,104250,114125,117957.14,129032.14,141553.57,143821.43,153214.29,156357.14,168921.43,178293.93,182453.21,187667.86,190535.71,192212.86,196850,196564.29,199607.14,196710.64,201960.64,207982.14,209942.5,215500,217856.43,220878.57,223742.86,228453.21,232857.14,228543.36,211350.71,211285.71,203660.71,192907.14,190992.71,189392.86,193464.29,199750,207389.29,206389.29,204999.29,199460.71,192817.14,196535,203846.43,204992.86,212278.57,209464.29,207500,208678.57,204246.43,204246.43,204317.86,206242.86,208174.86,209881.79,212175,221000,224000,218392.86,224321.43,223496.43,221282.14,224642.86,221600,219857.14,226392.86,229464.29,234285.71,240839.29,243571.43,243492.86,250532.14,247128.57,251603.57,262464.29,257278.57,262714.29,278917.86,297428.57,304246.43,301906.79,299928.21,294670.71,291742.14,303713.93,319464.29,321285,325321.43,320785.71,330963.93,325713.57
E12000009,South West,E07000078,Cheltenham,57569.67,57595,58561.67,59081.5,59908.33,60498.33,61258.33,63904.67,65763,66599.67,69012.93,69635.87,71215,73463,75093.33,78904.47,82371.63,85797.83,89815,95700,98626.67,101431.67,104556,107088.33,111286.33,114099.83,120164.83,127716.5,134967.93,139373,144465,147911.67,152175,156076.67,162843.33,169263.33,174701.5,177121.33,179263.33,181166.67,181670.07,183972.97,187688.33,191653.17,192513.17,194305,194133.33,196564.67,200530,201263,202464.5,197299.67,187299.67,185325,176173.33,179205,182449.67,186750,193611.67,197416.67,201446.67,199549.67,201649.67,200681.67,199966.67,199245,198741.67,200140,205830,207301.67,205888.33,207816.67,208218.33,208899.83,214596.67,222562.37,224187.9,228374.73,227416.67,227616.67,230388.33,235683.33,241271.67,248097.9,252419.83,258431.67,262883.4,261135,267246.7,271799.5,267339.83,276748.33,277624.53,283400.6,286490,286614.67,281726.67,285299.5,282083.33,283818.17,296683.33,306666.67,315096.67,319383.33,314866.5,309081.67,305198.33,315250,339316.67,347786.5,350733.4,347876,346048.33,346994.67
E12000009,South West,E07000079,Cotswold,81297.5,82840.91,83609.09,86209.09,86879.55,88995.45,90690.91,91654.55,93043.18,95443.18,99711.36,104158.18,108160.59,113068.18,116345.45,121340.91,126677.27,129915.91,136454.55,140247.73,141291.77,143568.18,146755,149906.59,153111.36,158568.18,160629.55,167088.64,177957.82,183765.68,195909.55,205745.45,215581.82,220122.73,221636.36,230225,235656.82,238472.73,243450,244451.41,243554.59,245113.64,246909.64,255909.55,256704.55,261929.32,261833.64,264977.27,277654.55,281902.27,286545.45,282929.55,275340.91,272995.45,265377.27,266243.18,271659.09,276818.18,281975,284636.36,286656.82,280446.82,277159.09,272154.5,266906.73,268397.64,274227.27,274462.82,279499.77,284659.09,289954.09,295065.91,298784.14,298681.82,303404.55,308765.91,305815,313509.09,313886.36,318879.68,324209.09,325509.09,333618.18,337433.86,344001.82,354567.73,361168.18,372413.18,370970.45,372590.91,364586.36,360631.82,362318.18,362059.09,362777,363720.32,355772.73,361311.59,360952.27,380245.45,410111.36,421204.32,425340.91,428952.27,424090.91,423204.55,436709.09,442090.91,463568.18,476545.45,477490.91,479550.45,471136.36,462238.64
E12000009,South West,E07000080,Forest Dean,54310,54822.5,56362,57409.5,59047.5,60020,61424.25,63142,63867.5,65780,67590,68789.5,70257,71331.5,70800,72754.5,73580,74197.5,76667.5,80495,83924.75,88309.75,91320,93097.5,95575,98947,104572.5,113545,118142.25,122020,131394.75,135422.25,142545,146621.75,151497.5,158320,163047.5,165591.75,167547.5,173765,178420,178570,180102.5,182650,185647.7,190249.5,195745,201120,203373.3,204045,206716.6,199375,190160,184425,173372.5,179300,179824.25,181345,186647.5,192344.75,194647.5,190707.5,180642.5,184294.5,182403.2,184704.9,187042.5,183982.5,178322.25,179029.75,181342.5,179407.5,181095,182582.25,180517,184474,187194.75,187849.5,195624.75,197499,204775,204650,207942.5,210692.5,209500,212799.75,213775,218424.75,221695,225472.5,226474.5,228065,235622.5,239097.5,247345,249020,249467.5,253374.75,251562.5,261260,273017.25,289755,295772.5,296574,291395,287344.25,290574,294364.5,309947.5,313795,315349.75,313399.5,304022.25,306674.25
E12000009,South West,E07000081,Gloucester,45180.97,44869.2,44901.67,45650,46511.67,47170,48046.67,48776.5,49819.67,51030.2,52070.8,52949.83,54049.9,55113,56524.83,58166.17,59741.33,60718.37,62844.67,65163.17,67887.83,69825.33,73209.1,75378.33,78376.67,81549.17,84761.33,89160,96913.33,101381.67,107428.33,112841.67,114970,117715.83,121874.33,126171.17,130428.17,134764.83,137409.5,136770.83,137676.5,137111.5,137593.33,142044.67,146243,148963.87,153167.5,155211.17,158391.33,159353.17,159346.5,157048,147958,143923.33,134964.33,131936.33,134567.47,136366.17,140633,142308.93,143593.33,142912.2,142510.67,139233.17,139621.5,142198.6,142098,144265,141883.33,141549.83,142079.83,142666.67,144913,146350,149513.2,151753.73,156160.2,157528.33,159898.33,162163.33,165247.83,166566.67,170220,174116.17,174566.67,178811.67,179198.33,181346.67,186383.33,188799.83,190183.33,192066.33,194216.67,196516.67,197140,198473.33,200336,202899.67,204533.17,208530,215349.67,221376.67,223948.33,223213.17,222684.17,225749.67,228541.67,236650,246379.83,245445,249900,246200,245315,244630
E12000009,South West,E07000082,Stroud,64711.67,64291.67,64251.67,67160,69793.33,72217.03,72081.33,73181.33,74815,75548.33,75816.5,77528.33,80233.33,80943.17,82491.33,83606.8,87276.67,89816.67,94300.07,100583,103509.13,109246.67,112781.67,117498.67,121304.67,124173.33,129522.67,135366.47,142809.5,148299.97,151860,162360,166686.83,171398.33,179166.67,186196.33,195196.63,196446.67,196852.67,194148.33,193449.67,192580,194318.17,196946.67,203433.17,209144.83,216833.33,220639.93,224631.33,225983.33,225734.67,224200.07,218673.17,210865.83,200296.67,197131.5,194896.5,199074.83,203344.83,212250,214899.83,215833.33,214053.53,214236.67,213538.33,212064.67,209909.5,210581.5,214616.67,214216.7,215930.13,217279.83,216856.33,219433.17,222906.33,228990,234516.5,236866.33,238043.33,239091.67,238538.47,241944.2,246141.97,252015,258292.33,263463.33,264200,272533.33,275049.83,287599.67,290563.33,295000,299314.67,294374.17,295966.67,296898.17,289307.67,295446.5,298131.67,300729.83,326249.83,328795.67,335399.33,335039.5,329986.33,334458,333350,345149.67,356801.67,359350,362683.33,370850.67,362183.33,370483.33
E12000009,South West,E07000083,Tewkesbury,70485,70283.1,70927,71622.5,71384.75,72655.1,72932.25,75080,79001.8,81443.9,82532.5,83634.5,85817.5,85594.25,89317.5,91527.5,93002.5,97692.5,99802.5,102572.5,109765,113067.25,114740,121295,124345,127402.5,134657.25,141278.05,147659.25,153822.5,161169.75,164799.5,171374.75,170220,174901.2,181890,186241.9,188274.75,189225,194690,186395,188025,191365,193397.5,199625,207295,212739.5,220397,227825,230412.5,228833.55,226585,206640,198022.5,192947.5,187149.5,189090,195292.5,202200,211525,222742.75,222725,227225,211900,210149.5,206965,207874.5,212617.25,212422.5,214925,215904.5,216600,220674.25,223439.75,226199.75,227299.5,229645,236593.75,239749.5,244492,249255,250549.5,256074.5,255373.75,253249,254449.25,251587.25,260724,268299.5,274169.75,288124.5,290442.05,291097.25,294122.25,291444.5,290869.5,300949,300644.75,299194.25,312749.5,314149.5,321649.5,330309.5,327399.25,330349.75,332874.5,330599,342048.5,344524.25,352874.4,357625,352024,352199.5,346050